{"resourceType":"ImplementationGuide","id":"uk.nhs.england.administration","text":{"status":"extensions","div":"<div xmlns=\"http://www.w3.org/1999/xhtml\"><h2>NHSEnglandInteroperabilitySkunkworks</h2><p>The official URL for this implementation guide is: </p><pre>https://fhir.nhs.uk/England/ImplementationGuide/uk.nhs.england.administration</pre></div>"},"url":"https://fhir.nhs.uk/England/ImplementationGuide/uk.nhs.england.administration","version":"0.0.1","name":"NHSEnglandInteroperabilitySkunkworks","title":"Health Administration Interoperability Standards - Skunkworks","status":"draft","date":"2024-03-28T06:59:04+00:00","publisher":"NHS England","contact":[{"name":"NHS England","telecom":[{"system":"url","value":"https://www.england.nhs.uk/"}]}],"jurisdiction":[{"coding":[{"system":"urn:iso:std:iso:3166","code":"GB-ENG","display":"England"}]}],"packageId":"uk.nhs.england.administration","license":"Apache-2.0","fhirVersion":["4.0.1"],"dependsOn":[{"id":"hl7tx","extension":[{"url":"http://hl7.org/fhir/tools/StructureDefinition/implementationguide-dependency-comment","valueMarkdown":"Automatically added as a dependency - all IGs depend on HL7 Terminology"}],"uri":"http://terminology.hl7.org/ImplementationGuide/hl7.terminology","packageId":"hl7.terminology.r4","version":"5.3.0"},{"id":"hl7ext","extension":[{"url":"http://hl7.org/fhir/tools/StructureDefinition/implementationguide-dependency-comment","valueMarkdown":"Automatically added as a dependency - all IGs depend on the HL7 Extension Pack"}],"uri":"http://hl7.org/fhir/extensions/ImplementationGuide/hl7.fhir.uv.extensions","packageId":"hl7.fhir.uv.extensions.r4","version":"1.0.0"},{"id":"fhir_r4_ukcore_stu3_currentbuild","uri":"https://simplifier.net/guide/ukcoreversionhistory","packageId":"fhir.r4.ukcore.stu3.currentbuild","version":"0.0.6-pre-release"},{"id":"fhir_r4_nhsengland_stu1","uri":"https://simplifier.net/guide/nhs-england-implementation-guide-version-history","packageId":"fhir.r4.nhsengland.stu1","version":"1.1.0"},{"id":"hl7_fhir_uv_sdc","uri":"http://hl7.org/fhir/uv/sdc/ImplementationGuide/hl7.fhir.uv.sdc","packageId":"hl7.fhir.uv.sdc","version":"3.0.0"},{"id":"ihe_iti_pcf","uri":"https://profiles.ihe.net/ITI/PCF/ImplementationGuide/ihe.iti.pcf","packageId":"ihe.iti.pcf","version":"1.0.0"}],"definition":{"extension":[{"extension":[{"url":"code","valueString":"copyrightyear"},{"url":"value","valueString":"2024+"}],"url":"http://hl7.org/fhir/tools/StructureDefinition/ig-parameter"},{"extension":[{"url":"code","valueString":"releaselabel"},{"url":"value","valueString":"ci-build"}],"url":"http://hl7.org/fhir/tools/StructureDefinition/ig-parameter"},{"extension":[{"url":"code","valueString":"autoload-resources"},{"url":"value","valueString":"true"}],"url":"http://hl7.org/fhir/tools/StructureDefinition/ig-parameter"},{"extension":[{"url":"code","valueString":"path-liquid"},{"url":"value","valueString":"template/liquid"}],"url":"http://hl7.org/fhir/tools/StructureDefinition/ig-parameter"},{"extension":[{"url":"code","valueString":"path-liquid"},{"url":"value","valueString":"input/liquid"}],"url":"http://hl7.org/fhir/tools/StructureDefinition/ig-parameter"},{"extension":[{"url":"code","valueString":"path-qa"},{"url":"value","valueString":"temp/qa"}],"url":"http://hl7.org/fhir/tools/StructureDefinition/ig-parameter"},{"extension":[{"url":"code","valueString":"path-temp"},{"url":"value","valueString":"temp/pages"}],"url":"http://hl7.org/fhir/tools/StructureDefinition/ig-parameter"},{"extension":[{"url":"code","valueString":"path-output"},{"url":"value","valueString":"output"}],"url":"http://hl7.org/fhir/tools/StructureDefinition/ig-parameter"},{"extension":[{"url":"code","valueString":"path-suppressed-warnings"},{"url":"value","valueString":"input/ignoreWarnings.txt"}],"url":"http://hl7.org/fhir/tools/StructureDefinition/ig-parameter"},{"extension":[{"url":"code","valueString":"path-history"},{"url":"value","valueString":"https://fhir.nhs.uk/England/history.html"}],"url":"http://hl7.org/fhir/tools/StructureDefinition/ig-parameter"},{"extension":[{"url":"code","valueString":"template-html"},{"url":"value","valueString":"template-page.html"}],"url":"http://hl7.org/fhir/tools/StructureDefinition/ig-parameter"},{"extension":[{"url":"code","valueString":"template-md"},{"url":"value","valueString":"template-page-md.html"}],"url":"http://hl7.org/fhir/tools/StructureDefinition/ig-parameter"},{"extension":[{"url":"code","valueString":"apply-contact"},{"url":"value","valueString":"true"}],"url":"http://hl7.org/fhir/tools/StructureDefinition/ig-parameter"},{"extension":[{"url":"code","valueString":"apply-context"},{"url":"value","valueString":"true"}],"url":"http://hl7.org/fhir/tools/StructureDefinition/ig-parameter"},{"extension":[{"url":"code","valueString":"apply-copyright"},{"url":"value","valueString":"true"}],"url":"http://hl7.org/fhir/tools/StructureDefinition/ig-parameter"},{"extension":[{"url":"code","valueString":"apply-jurisdiction"},{"url":"value","valueString":"true"}],"url":"http://hl7.org/fhir/tools/StructureDefinition/ig-parameter"},{"extension":[{"url":"code","valueString":"apply-license"},{"url":"value","valueString":"true"}],"url":"http://hl7.org/fhir/tools/StructureDefinition/ig-parameter"},{"extension":[{"url":"code","valueString":"apply-publisher"},{"url":"value","valueString":"true"}],"url":"http://hl7.org/fhir/tools/StructureDefinition/ig-parameter"},{"extension":[{"url":"code","valueString":"apply-version"},{"url":"value","valueString":"true"}],"url":"http://hl7.org/fhir/tools/StructureDefinition/ig-parameter"},{"extension":[{"url":"code","valueString":"apply-wg"},{"url":"value","valueString":"true"}],"url":"http://hl7.org/fhir/tools/StructureDefinition/ig-parameter"},{"extension":[{"url":"code","valueString":"active-tables"},{"url":"value","valueString":"true"}],"url":"http://hl7.org/fhir/tools/StructureDefinition/ig-parameter"},{"extension":[{"url":"code","valueString":"fmm-definition"},{"url":"value","valueString":"http://hl7.org/fhir/versions.html#maturity"}],"url":"http://hl7.org/fhir/tools/StructureDefinition/ig-parameter"},{"extension":[{"url":"code","valueString":"propagate-status"},{"url":"value","valueString":"true"}],"url":"http://hl7.org/fhir/tools/StructureDefinition/ig-parameter"},{"extension":[{"url":"code","valueString":"excludelogbinaryformat"},{"url":"value","valueString":"true"}],"url":"http://hl7.org/fhir/tools/StructureDefinition/ig-parameter"},{"extension":[{"url":"code","valueString":"tabbed-snapshots"},{"url":"value","valueString":"true"}],"url":"http://hl7.org/fhir/tools/StructureDefinition/ig-parameter"},{"url":"http://hl7.org/fhir/tools/StructureDefinition/ig-internal-dependency","valueCode":"hl7.fhir.uv.tools#0.1.0"},{"extension":[{"url":"code","valueCode":"copyrightyear"},{"url":"value","valueString":"2024+"}],"url":"http://hl7.org/fhir/tools/StructureDefinition/ig-parameter"},{"extension":[{"url":"code","valueCode":"releaselabel"},{"url":"value","valueString":"ci-build"}],"url":"http://hl7.org/fhir/tools/StructureDefinition/ig-parameter"},{"extension":[{"url":"code","valueCode":"autoload-resources"},{"url":"value","valueString":"true"}],"url":"http://hl7.org/fhir/tools/StructureDefinition/ig-parameter"},{"extension":[{"url":"code","valueCode":"path-liquid"},{"url":"value","valueString":"template/liquid"}],"url":"http://hl7.org/fhir/tools/StructureDefinition/ig-parameter"},{"extension":[{"url":"code","valueCode":"path-liquid"},{"url":"value","valueString":"input/liquid"}],"url":"http://hl7.org/fhir/tools/StructureDefinition/ig-parameter"},{"extension":[{"url":"code","valueCode":"path-qa"},{"url":"value","valueString":"temp/qa"}],"url":"http://hl7.org/fhir/tools/StructureDefinition/ig-parameter"},{"extension":[{"url":"code","valueCode":"path-temp"},{"url":"value","valueString":"temp/pages"}],"url":"http://hl7.org/fhir/tools/StructureDefinition/ig-parameter"},{"extension":[{"url":"code","valueCode":"path-output"},{"url":"value","valueString":"output"}],"url":"http://hl7.org/fhir/tools/StructureDefinition/ig-parameter"},{"extension":[{"url":"code","valueCode":"path-suppressed-warnings"},{"url":"value","valueString":"input/ignoreWarnings.txt"}],"url":"http://hl7.org/fhir/tools/StructureDefinition/ig-parameter"},{"extension":[{"url":"code","valueCode":"path-history"},{"url":"value","valueString":"https://fhir.nhs.uk/England/history.html"}],"url":"http://hl7.org/fhir/tools/StructureDefinition/ig-parameter"},{"extension":[{"url":"code","valueCode":"template-html"},{"url":"value","valueString":"template-page.html"}],"url":"http://hl7.org/fhir/tools/StructureDefinition/ig-parameter"},{"extension":[{"url":"code","valueCode":"template-md"},{"url":"value","valueString":"template-page-md.html"}],"url":"http://hl7.org/fhir/tools/StructureDefinition/ig-parameter"},{"extension":[{"url":"code","valueCode":"apply-contact"},{"url":"value","valueString":"true"}],"url":"http://hl7.org/fhir/tools/StructureDefinition/ig-parameter"},{"extension":[{"url":"code","valueCode":"apply-context"},{"url":"value","valueString":"true"}],"url":"http://hl7.org/fhir/tools/StructureDefinition/ig-parameter"},{"extension":[{"url":"code","valueCode":"apply-copyright"},{"url":"value","valueString":"true"}],"url":"http://hl7.org/fhir/tools/StructureDefinition/ig-parameter"},{"extension":[{"url":"code","valueCode":"apply-jurisdiction"},{"url":"value","valueString":"true"}],"url":"http://hl7.org/fhir/tools/StructureDefinition/ig-parameter"},{"extension":[{"url":"code","valueCode":"apply-license"},{"url":"value","valueString":"true"}],"url":"http://hl7.org/fhir/tools/StructureDefinition/ig-parameter"},{"extension":[{"url":"code","valueCode":"apply-publisher"},{"url":"value","valueString":"true"}],"url":"http://hl7.org/fhir/tools/StructureDefinition/ig-parameter"},{"extension":[{"url":"code","valueCode":"apply-version"},{"url":"value","valueString":"true"}],"url":"http://hl7.org/fhir/tools/StructureDefinition/ig-parameter"},{"extension":[{"url":"code","valueCode":"apply-wg"},{"url":"value","valueString":"true"}],"url":"http://hl7.org/fhir/tools/StructureDefinition/ig-parameter"},{"extension":[{"url":"code","valueCode":"active-tables"},{"url":"value","valueString":"true"}],"url":"http://hl7.org/fhir/tools/StructureDefinition/ig-parameter"},{"extension":[{"url":"code","valueCode":"fmm-definition"},{"url":"value","valueString":"http://hl7.org/fhir/versions.html#maturity"}],"url":"http://hl7.org/fhir/tools/StructureDefinition/ig-parameter"},{"extension":[{"url":"code","valueCode":"propagate-status"},{"url":"value","valueString":"true"}],"url":"http://hl7.org/fhir/tools/StructureDefinition/ig-parameter"},{"extension":[{"url":"code","valueCode":"excludelogbinaryformat"},{"url":"value","valueString":"true"}],"url":"http://hl7.org/fhir/tools/StructureDefinition/ig-parameter"},{"extension":[{"url":"code","valueCode":"tabbed-snapshots"},{"url":"value","valueString":"true"}],"url":"http://hl7.org/fhir/tools/StructureDefinition/ig-parameter"},{"extension":[{"url":"code","valueCode":"copyrightyear"},{"url":"value","valueString":"2024+"}],"url":"http://hl7.org/fhir/tools/StructureDefinition/ig-parameter"},{"extension":[{"url":"code","valueCode":"releaselabel"},{"url":"value","valueString":"ci-build"}],"url":"http://hl7.org/fhir/tools/StructureDefinition/ig-parameter"},{"extension":[{"url":"code","valueCode":"autoload-resources"},{"url":"value","valueString":"true"}],"url":"http://hl7.org/fhir/tools/StructureDefinition/ig-parameter"},{"extension":[{"url":"code","valueCode":"path-liquid"},{"url":"value","valueString":"template/liquid"}],"url":"http://hl7.org/fhir/tools/StructureDefinition/ig-parameter"},{"extension":[{"url":"code","valueCode":"path-liquid"},{"url":"value","valueString":"input/liquid"}],"url":"http://hl7.org/fhir/tools/StructureDefinition/ig-parameter"},{"extension":[{"url":"code","valueCode":"path-qa"},{"url":"value","valueString":"temp/qa"}],"url":"http://hl7.org/fhir/tools/StructureDefinition/ig-parameter"},{"extension":[{"url":"code","valueCode":"path-temp"},{"url":"value","valueString":"temp/pages"}],"url":"http://hl7.org/fhir/tools/StructureDefinition/ig-parameter"},{"extension":[{"url":"code","valueCode":"path-output"},{"url":"value","valueString":"output"}],"url":"http://hl7.org/fhir/tools/StructureDefinition/ig-parameter"},{"extension":[{"url":"code","valueCode":"path-suppressed-warnings"},{"url":"value","valueString":"input/ignoreWarnings.txt"}],"url":"http://hl7.org/fhir/tools/StructureDefinition/ig-parameter"},{"extension":[{"url":"code","valueCode":"path-history"},{"url":"value","valueString":"https://fhir.nhs.uk/England/history.html"}],"url":"http://hl7.org/fhir/tools/StructureDefinition/ig-parameter"},{"extension":[{"url":"code","valueCode":"template-html"},{"url":"value","valueString":"template-page.html"}],"url":"http://hl7.org/fhir/tools/StructureDefinition/ig-parameter"},{"extension":[{"url":"code","valueCode":"template-md"},{"url":"value","valueString":"template-page-md.html"}],"url":"http://hl7.org/fhir/tools/StructureDefinition/ig-parameter"},{"extension":[{"url":"code","valueCode":"apply-contact"},{"url":"value","valueString":"true"}],"url":"http://hl7.org/fhir/tools/StructureDefinition/ig-parameter"},{"extension":[{"url":"code","valueCode":"apply-context"},{"url":"value","valueString":"true"}],"url":"http://hl7.org/fhir/tools/StructureDefinition/ig-parameter"},{"extension":[{"url":"code","valueCode":"apply-copyright"},{"url":"value","valueString":"true"}],"url":"http://hl7.org/fhir/tools/StructureDefinition/ig-parameter"},{"extension":[{"url":"code","valueCode":"apply-jurisdiction"},{"url":"value","valueString":"true"}],"url":"http://hl7.org/fhir/tools/StructureDefinition/ig-parameter"},{"extension":[{"url":"code","valueCode":"apply-license"},{"url":"value","valueString":"true"}],"url":"http://hl7.org/fhir/tools/StructureDefinition/ig-parameter"},{"extension":[{"url":"code","valueCode":"apply-publisher"},{"url":"value","valueString":"true"}],"url":"http://hl7.org/fhir/tools/StructureDefinition/ig-parameter"},{"extension":[{"url":"code","valueCode":"apply-version"},{"url":"value","valueString":"true"}],"url":"http://hl7.org/fhir/tools/StructureDefinition/ig-parameter"},{"extension":[{"url":"code","valueCode":"apply-wg"},{"url":"value","valueString":"true"}],"url":"http://hl7.org/fhir/tools/StructureDefinition/ig-parameter"},{"extension":[{"url":"code","valueCode":"active-tables"},{"url":"value","valueString":"true"}],"url":"http://hl7.org/fhir/tools/StructureDefinition/ig-parameter"},{"extension":[{"url":"code","valueCode":"fmm-definition"},{"url":"value","valueString":"http://hl7.org/fhir/versions.html#maturity"}],"url":"http://hl7.org/fhir/tools/StructureDefinition/ig-parameter"},{"extension":[{"url":"code","valueCode":"propagate-status"},{"url":"value","valueString":"true"}],"url":"http://hl7.org/fhir/tools/StructureDefinition/ig-parameter"},{"extension":[{"url":"code","valueCode":"excludelogbinaryformat"},{"url":"value","valueString":"true"}],"url":"http://hl7.org/fhir/tools/StructureDefinition/ig-parameter"},{"extension":[{"url":"code","valueCode":"tabbed-snapshots"},{"url":"value","valueString":"true"}],"url":"http://hl7.org/fhir/tools/StructureDefinition/ig-parameter"}],"grouping":[{"id":"-dyn-capabilitystatement","name":"Behavior: Capability Statements","description":"The following artifacts define the specific capabilities that different types of systems are expected to have in order to comply with this implementation guide.  Systems conforming to this implementation guide are expected to declare conformance to one or more of the following capability statements."},{"id":"-str-questionnaire","name":"Structures: Questionnaires","description":"These define forms used by systems conforming to this implementation guide to capture or expose data to end users."},{"id":"-str-profile","name":"Structures: Resource Profiles","description":"These define constraints on FHIR resources for systems conforming to this implementation guide."},{"id":"-str-extension","name":"Structures: Extension Definitions","description":"These define constraints on FHIR data types for systems conforming to this implementation guide."},{"id":"-term-valueset","name":"Terminology: Value Sets","description":"These define sets of codes used by systems conforming to this implementation guide."},{"id":"-term-codesystem","name":"Terminology: Code Systems","description":"These define new code systems used by systems conforming to this implementation guide."},{"id":"-ex-example","name":"Example: Example Instances","description":"These are example instances that show what data produced and consumed by systems conforming with this implementation guide might look like."},{"id":"-other","name":"Other","description":"These are resources that are used within this implementation guide that do not fit into one of the other categories."}],"resource":[{"extension":[{"url":"http://hl7.org/fhir/tools/StructureDefinition/resource-sort","valueInteger":999999999},{"url":"http://hl7.org/fhir/StructureDefinition/implementationguide-page","valueUri":"CapabilityStatement-NHS-England-APIM-Provider.html"}],"reference":{"reference":"CapabilityStatement/NHS-England-APIM-Provider"},"name":"NHS England APIM Base API Definitions","description":"High level summary of FHIR api's used within NHS England API programmes","exampleBoolean":false,"groupingId":"-dyn-capabilitystatement"},{"extension":[{"url":"http://hl7.org/fhir/tools/StructureDefinition/resource-sort","valueInteger":999999999},{"url":"http://hl7.org/fhir/StructureDefinition/implementationguide-page","valueUri":"CapabilityStatement-BookingProvider.html"}],"reference":{"reference":"CapabilityStatement/BookingProvider"},"name":"NHS England Booking Provider","description":"Provider supports read-only access to a for the purposes of direct care and subject of care access. \n\n**THIS IS FOR DEMONSTRATION PURPOSES**","exampleBoolean":false,"groupingId":"-dyn-capabilitystatement"},{"extension":[{"url":"http://hl7.org/fhir/tools/StructureDefinition/resource-sort","valueInteger":999999999},{"url":"http://hl7.org/fhir/StructureDefinition/implementationguide-page","valueUri":"CapabilityStatement-IHE.PCF.consentAuthorizationServer.html"}],"reference":{"reference":"CapabilityStatement/IHE.PCF.consentAuthorizationServer"},"name":"NHS England IHE Privacy Consent on FHIR (PCF)","description":"CapabilityStatement for the Consent Authorization Server Actor for use within the English NHS (Enterprise Architecture) and or NHS England (Solution Architecture). \nThis is part of the NHS England National Extension (Volume 4) for [Privacy Consent on FHIR (PCF)](https://profiles.ihe.net/ITI/PCF/index.html). \n\n This profile is implemented by \n - [National Proxy Service](https://digital.nhs.uk/developer/) \n\n These services are potentially used by \n\n**NHS England** \n\n - [National Record Locator](https://digital.nhs.uk/developer/api-catalogue/national-record-locator-fhir) \n - [Security and authorisation](https://digital.nhs.uk/developer/guides-and-documentation/security-and-authorisation) \n\n**English NHS and NHS England Services** \n\n used in the implementation of the following profiles or services \n\n - [NRL producer system](https://digital.nhs.uk/developer/api-catalogue/national-record-locator-fhir/v3/producer) \n - [IHE Mobile access to Health Documents (MHD)](https://profiles.ihe.net/ITI/MHD/index.html) \n - [IHE Query for Existing Data for Mobile (QEDm)](https://build.fhir.org/ig/IHE/QEDm/branches/master/index.html)","exampleBoolean":false,"groupingId":"-dyn-capabilitystatement"},{"extension":[{"url":"http://hl7.org/fhir/tools/StructureDefinition/resource-sort","valueInteger":999999999},{"url":"http://hl7.org/fhir/StructureDefinition/implementationguide-page","valueUri":"CapabilityStatement-UKCoreAccessPatientIndexProvider.html"}],"reference":{"reference":"CapabilityStatement/UKCoreAccessPatientIndexProvider"},"name":"UKCore Access Patient Index Provider","description":"Provider supports read-only access to a patient index for the purposes of direct care and subject of care access. \n\n**THIS IS A COPY FOR REFERENCE PURPOSES - ONLY USE IF HL7 UK SITE IS UNAVAILABLE**","exampleBoolean":false,"groupingId":"-dyn-capabilitystatement"},{"extension":[{"url":"http://hl7.org/fhir/tools/StructureDefinition/resource-sort","valueInteger":999999999},{"url":"http://hl7.org/fhir/StructureDefinition/implementationguide-page","valueUri":"Questionnaire-permission.html"}],"reference":{"reference":"Questionnaire/permission"},"name":"Permission","description":"Backport of [FHIR R6 Permission](https://build.fhir.org/permission.html) using FHIR Questionnaire","exampleBoolean":false,"groupingId":"-str-questionnaire"},{"extension":[{"url":"http://hl7.org/fhir/tools/StructureDefinition/resource-sort","valueInteger":999999999},{"url":"http://hl7.org/fhir/StructureDefinition/implementationguide-page","valueUri":"Questionnaire-Questionnaire-Proxy-Access-Request.html"}],"reference":{"reference":"Questionnaire/Questionnaire-Proxy-Access-Request"},"name":"Proxy Access Request Form","description":"A form definition to request proxy access via the national proxy service","exampleBoolean":false,"groupingId":"-str-questionnaire"},{"extension":[{"url":"http://hl7.org/fhir/tools/StructureDefinition/resource-sort","valueInteger":999999999},{"url":"http://hl7.org/fhir/StructureDefinition/implementationguide-page","valueUri":"StructureDefinition-Appointment.html"}],"reference":{"reference":"StructureDefinition/Appointment"},"name":"Appointment","description":"NHS England Appointment","exampleBoolean":false,"groupingId":"-str-profile"},{"extension":[{"url":"http://hl7.org/fhir/tools/StructureDefinition/resource-sort","valueInteger":999999999},{"url":"http://hl7.org/fhir/StructureDefinition/implementationguide-page","valueUri":"StructureDefinition-AppointmentResponse.html"}],"reference":{"reference":"StructureDefinition/AppointmentResponse"},"name":"AppointmentResponse","description":"NHS England AppointmentResponse","exampleBoolean":false,"groupingId":"-str-profile"},{"extension":[{"url":"http://hl7.org/fhir/tools/StructureDefinition/resource-sort","valueInteger":999999999},{"url":"http://hl7.org/fhir/StructureDefinition/implementationguide-page","valueUri":"StructureDefinition-IHEPCF-Basic-Consent.html"}],"reference":{"reference":"StructureDefinition/IHEPCF-Basic-Consent"},"name":"BasicConsent","description":"NHS England IHE PCF Explicit Basic Consent. Note NHS England does not contrain out any elements, this is a key difference to [IHE PCF Explicit Basic Consent](https://profiles.ihe.net/ITI/PCF/StructureDefinition/IHE.PCF.consentBasic)","exampleBoolean":false,"groupingId":"-str-profile"},{"extension":[{"url":"http://hl7.org/fhir/tools/StructureDefinition/resource-sort","valueInteger":999999999},{"url":"http://hl7.org/fhir/StructureDefinition/implementationguide-page","valueUri":"StructureDefinition-DocumentReference.html"}],"reference":{"reference":"StructureDefinition/DocumentReference"},"name":"DocumentReference","description":"NHS England DocumentReference","exampleBoolean":false,"groupingId":"-str-profile"},{"extension":[{"url":"http://hl7.org/fhir/tools/StructureDefinition/resource-sort","valueInteger":999999999},{"url":"http://hl7.org/fhir/StructureDefinition/implementationguide-page","valueUri":"StructureDefinition-Encounter.html"}],"reference":{"reference":"StructureDefinition/Encounter"},"name":"Encounter","description":"NHS England Encounter","exampleBoolean":false,"groupingId":"-str-profile"},{"extension":[{"url":"http://hl7.org/fhir/tools/StructureDefinition/resource-sort","valueInteger":999999999},{"url":"http://hl7.org/fhir/StructureDefinition/implementationguide-page","valueUri":"StructureDefinition-Endpoint.html"}],"reference":{"reference":"StructureDefinition/Endpoint"},"name":"Endpoint","description":"NHS England Endpoint","exampleBoolean":false,"groupingId":"-str-profile"},{"extension":[{"url":"http://hl7.org/fhir/tools/StructureDefinition/resource-sort","valueInteger":999999999},{"url":"http://hl7.org/fhir/StructureDefinition/implementationguide-page","valueUri":"StructureDefinition-HealthcareService.html"}],"reference":{"reference":"StructureDefinition/HealthcareService"},"name":"HealthcareService","description":"NHS England HealthcareService","exampleBoolean":false,"groupingId":"-str-profile"},{"extension":[{"url":"http://hl7.org/fhir/tools/StructureDefinition/resource-sort","valueInteger":999999999},{"url":"http://hl7.org/fhir/StructureDefinition/implementationguide-page","valueUri":"StructureDefinition-ConsentNationalProxy.html"}],"reference":{"reference":"StructureDefinition/ConsentNationalProxy"},"name":"NHS England National Proxy Consent Profile","description":"NHS England National Proxy Consent Profile from https://nhsd-confluence.digital.nhs.uk/display/NPA/Confirm+consent","exampleBoolean":false,"groupingId":"-str-profile"},{"extension":[{"url":"http://hl7.org/fhir/tools/StructureDefinition/resource-sort","valueInteger":999999999},{"url":"http://hl7.org/fhir/StructureDefinition/implementationguide-page","valueUri":"StructureDefinition-FlagConsent.html"}],"reference":{"reference":"StructureDefinition/FlagConsent"},"name":"NHSE Flag Consent Profile","description":"Record consent to capture information for NHS England flags","exampleBoolean":false,"groupingId":"-str-profile"},{"extension":[{"url":"http://hl7.org/fhir/tools/StructureDefinition/resource-sort","valueInteger":999999999},{"url":"http://hl7.org/fhir/StructureDefinition/implementationguide-page","valueUri":"StructureDefinition-FlagProvenance.html"}],"reference":{"reference":"StructureDefinition/FlagProvenance"},"name":"NHSE Flag Provenance Profile","description":"Record details of the practitioner recording or removing an individual Flag.","exampleBoolean":false,"groupingId":"-str-profile"},{"extension":[{"url":"http://hl7.org/fhir/tools/StructureDefinition/resource-sort","valueInteger":999999999},{"url":"http://hl7.org/fhir/StructureDefinition/implementationguide-page","valueUri":"StructureDefinition-Observation.html"}],"reference":{"reference":"StructureDefinition/Observation"},"name":"Observation","description":"NHS England Observation","exampleBoolean":false,"groupingId":"-str-profile"},{"extension":[{"url":"http://hl7.org/fhir/tools/StructureDefinition/resource-sort","valueInteger":999999999},{"url":"http://hl7.org/fhir/StructureDefinition/implementationguide-page","valueUri":"StructureDefinition-Organization.html"}],"reference":{"reference":"StructureDefinition/Organization"},"name":"Organization","description":"England Organization","exampleBoolean":false,"groupingId":"-str-profile"},{"extension":[{"url":"http://hl7.org/fhir/tools/StructureDefinition/resource-sort","valueInteger":999999999},{"url":"http://hl7.org/fhir/StructureDefinition/implementationguide-page","valueUri":"StructureDefinition-OrganizationAffiliation.html"}],"reference":{"reference":"StructureDefinition/OrganizationAffiliation"},"name":"OrganizationAffiliation","description":"England OrganizationAffiliation","exampleBoolean":false,"groupingId":"-str-profile"},{"extension":[{"url":"http://hl7.org/fhir/tools/StructureDefinition/resource-sort","valueInteger":999999999},{"url":"http://hl7.org/fhir/StructureDefinition/implementationguide-page","valueUri":"StructureDefinition-PatientHL7v2.html"}],"reference":{"reference":"StructureDefinition/PatientHL7v2"},"name":"PatientHL7v2","description":"NHS England Patient HL7 v2 (ITK)","exampleBoolean":false,"groupingId":"-str-profile"},{"extension":[{"url":"http://hl7.org/fhir/tools/StructureDefinition/resource-sort","valueInteger":999999999},{"url":"http://hl7.org/fhir/StructureDefinition/implementationguide-page","valueUri":"StructureDefinition-PatientPDS.html"}],"reference":{"reference":"StructureDefinition/PatientPDS"},"name":"PatientPDS","description":"NHS England Patient PDS (ITK) See https://simplifier.net/r4-sand-box/englandpatientpdsallmandatoryfields-duplicate-2 for master version","exampleBoolean":false,"groupingId":"-str-profile"},{"extension":[{"url":"http://hl7.org/fhir/tools/StructureDefinition/resource-sort","valueInteger":999999999},{"url":"http://hl7.org/fhir/StructureDefinition/implementationguide-page","valueUri":"StructureDefinition-PatientPDSNHSNumberAllocation.html"}],"reference":{"reference":"StructureDefinition/PatientPDSNHSNumberAllocation"},"name":"PatientPDSNHSNumberAllocation","description":"NHS England Patient PDS NHS Number Allocation - this is a mock up for elaboration purposes see [NHS Number Allocation - submit request data fields](https://nhsd-confluence.digital.nhs.uk/display/DEMGRPH/NHS+Number+Allocation+-+submit+request+data+fields)","exampleBoolean":false,"groupingId":"-str-profile"},{"extension":[{"url":"http://hl7.org/fhir/tools/StructureDefinition/resource-sort","valueInteger":999999999},{"url":"http://hl7.org/fhir/StructureDefinition/implementationguide-page","valueUri":"StructureDefinition-Practitioner.html"}],"reference":{"reference":"StructureDefinition/Practitioner"},"name":"Practitioner","description":"NHS England Practitioner","exampleBoolean":false,"groupingId":"-str-profile"},{"extension":[{"url":"http://hl7.org/fhir/tools/StructureDefinition/resource-sort","valueInteger":999999999},{"url":"http://hl7.org/fhir/StructureDefinition/implementationguide-page","valueUri":"StructureDefinition-PractitionerRole.html"}],"reference":{"reference":"StructureDefinition/PractitionerRole"},"name":"PractitionerRole","description":"NHS England PractitionerRole","exampleBoolean":false,"groupingId":"-str-profile"},{"extension":[{"url":"http://hl7.org/fhir/tools/StructureDefinition/resource-sort","valueInteger":999999999},{"url":"http://hl7.org/fhir/StructureDefinition/implementationguide-page","valueUri":"StructureDefinition-RelatedPerson.html"}],"reference":{"reference":"StructureDefinition/RelatedPerson"},"name":"RelatedPerson","description":"NHS England RelatedPerson","exampleBoolean":false,"groupingId":"-str-profile"},{"extension":[{"url":"http://hl7.org/fhir/tools/StructureDefinition/resource-sort","valueInteger":999999999},{"url":"http://hl7.org/fhir/StructureDefinition/implementationguide-page","valueUri":"StructureDefinition-Schedule.html"}],"reference":{"reference":"StructureDefinition/Schedule"},"name":"Schedule","description":"NHS England Schedule","exampleBoolean":false,"groupingId":"-str-profile"},{"extension":[{"url":"http://hl7.org/fhir/tools/StructureDefinition/resource-sort","valueInteger":999999999},{"url":"http://hl7.org/fhir/StructureDefinition/implementationguide-page","valueUri":"StructureDefinition-ServiceRequest.html"}],"reference":{"reference":"StructureDefinition/ServiceRequest"},"name":"ServiceRequest","description":"NHS England ServiceRequest","exampleBoolean":false,"groupingId":"-str-profile"},{"extension":[{"url":"http://hl7.org/fhir/tools/StructureDefinition/resource-sort","valueInteger":999999999},{"url":"http://hl7.org/fhir/StructureDefinition/implementationguide-page","valueUri":"StructureDefinition-Slot.html"}],"reference":{"reference":"StructureDefinition/Slot"},"name":"Slot","description":"NHS England Slot","exampleBoolean":false,"groupingId":"-str-profile"},{"extension":[{"url":"http://hl7.org/fhir/tools/StructureDefinition/resource-sort","valueInteger":999999999},{"url":"http://hl7.org/fhir/StructureDefinition/implementationguide-page","valueUri":"StructureDefinition-Task.html"}],"reference":{"reference":"StructureDefinition/Task"},"name":"Task","description":"NHS England Task","exampleBoolean":false,"groupingId":"-str-profile"},{"extension":[{"url":"http://hl7.org/fhir/tools/StructureDefinition/resource-sort","valueInteger":999999999},{"url":"http://hl7.org/fhir/StructureDefinition/implementationguide-page","valueUri":"StructureDefinition-UKCore-Organization.html"}],"reference":{"reference":"StructureDefinition/UKCore-Organization"},"name":"UK Core Organization","description":"This profile defines the UK constraints and extensions on the International FHIR resource [Organization](https://hl7.org/fhir/R4/Organization.html).","exampleBoolean":false,"groupingId":"-str-profile"},{"extension":[{"url":"http://hl7.org/fhir/tools/StructureDefinition/resource-sort","valueInteger":999999999},{"url":"http://hl7.org/fhir/StructureDefinition/implementationguide-page","valueUri":"StructureDefinition-UKCore-Patient.html"}],"reference":{"reference":"StructureDefinition/UKCore-Patient"},"name":"UK Core Patient","description":"Defines the UK Core constraints and extensions on the Patient resource for the minimal set of data to query and retrieve an individual’s demographic information.","exampleBoolean":false,"groupingId":"-str-profile"},{"extension":[{"url":"http://hl7.org/fhir/tools/StructureDefinition/resource-sort","valueInteger":999999999},{"url":"http://hl7.org/fhir/StructureDefinition/implementationguide-page","valueUri":"StructureDefinition-UKCore-RelatedPerson.html"}],"reference":{"reference":"StructureDefinition/UKCore-RelatedPerson"},"name":"UK Core RelatedPerson","description":"This profile defines the UK constraints and extensions on the International FHIR resource [RelatedPerson](https://hl7.org/fhir/R4/RelatedPerson.html).","exampleBoolean":false,"groupingId":"-str-profile"},{"extension":[{"url":"http://hl7.org/fhir/tools/StructureDefinition/resource-sort","valueInteger":999999999},{"url":"http://hl7.org/fhir/StructureDefinition/implementationguide-page","valueUri":"StructureDefinition-Extension-ConsentCreateSummary.html"}],"reference":{"reference":"StructureDefinition/Extension-ConsentCreateSummary"},"name":"Extension for Consent Create Summary","description":"Captures the additional information for a Best Interest decison when recording consent for a Reasonable Adjustment Flag.","exampleBoolean":false,"groupingId":"-str-extension"},{"extension":[{"url":"http://hl7.org/fhir/tools/StructureDefinition/resource-sort","valueInteger":999999999},{"url":"http://hl7.org/fhir/StructureDefinition/implementationguide-page","valueUri":"StructureDefinition-Extension-ConsentRemoveSummary.html"}],"reference":{"reference":"StructureDefinition/Extension-ConsentRemoveSummary"},"name":"Extension for Consent Remove Summary","description":"Captures the additional information for a Best Interest decison when removing consent for a Reasonable Adjustment Flag.","exampleBoolean":false,"groupingId":"-str-extension"},{"extension":[{"url":"http://hl7.org/fhir/tools/StructureDefinition/resource-sort","valueInteger":999999999},{"url":"http://hl7.org/fhir/StructureDefinition/implementationguide-page","valueUri":"ValueSet-NHSDigital-CareSettingType.html"}],"reference":{"reference":"ValueSet/NHSDigital-CareSettingType"},"name":"NHSDigital-CareSettingType","description":"Cross Hl7 UK version of UKCore CareSetting","exampleBoolean":false,"groupingId":"-term-valueset"},{"extension":[{"url":"http://hl7.org/fhir/tools/StructureDefinition/resource-sort","valueInteger":999999999},{"url":"http://hl7.org/fhir/StructureDefinition/implementationguide-page","valueUri":"ValueSet-FlagConsentPurpose.html"}],"reference":{"reference":"ValueSet/FlagConsentPurpose"},"name":"NHSE Flag Consent Purpose","description":"A ValueSet to identify the purpose of a consent given for an NHS England flag.","exampleBoolean":false,"groupingId":"-term-valueset"},{"extension":[{"url":"http://hl7.org/fhir/tools/StructureDefinition/resource-sort","valueInteger":999999999},{"url":"http://hl7.org/fhir/StructureDefinition/implementationguide-page","valueUri":"ValueSet-FlagProvenanceRole.html"}],"reference":{"reference":"ValueSet/FlagProvenanceRole"},"name":"NHSE Flag Provenance Role","description":"A ValueSet to identify the role in which someone recording provenance is acting","exampleBoolean":false,"groupingId":"-term-valueset"},{"extension":[{"url":"http://hl7.org/fhir/tools/StructureDefinition/resource-sort","valueInteger":999999999},{"url":"http://hl7.org/fhir/StructureDefinition/implementationguide-page","valueUri":"ValueSet-FlagProxyRole.html"}],"reference":{"reference":"ValueSet/FlagProxyRole"},"name":"NHSE Flag Proxy Role","description":"A ValueSet to identify the type/role of the proxy involved.","exampleBoolean":false,"groupingId":"-term-valueset"},{"extension":[{"url":"http://hl7.org/fhir/tools/StructureDefinition/resource-sort","valueInteger":999999999},{"url":"http://hl7.org/fhir/StructureDefinition/implementationguide-page","valueUri":"ValueSet-PatientFlagCategory.html"}],"reference":{"reference":"ValueSet/PatientFlagCategory"},"name":"NHSE Patient Flag Category","description":"A ValueSet to identify the type/category of a flag.","exampleBoolean":false,"groupingId":"-term-valueset"},{"extension":[{"url":"http://hl7.org/fhir/tools/StructureDefinition/resource-sort","valueInteger":999999999},{"url":"http://hl7.org/fhir/StructureDefinition/implementationguide-page","valueUri":"CodeSystem-FGM-ConsentPurpose.html"}],"reference":{"reference":"CodeSystem/FGM-ConsentPurpose"},"name":"FGM Consent Purpose","description":"A CodeSystem to identify the purpose of the consent given within FGM","exampleBoolean":false,"groupingId":"-term-codesystem"},{"extension":[{"url":"http://hl7.org/fhir/tools/StructureDefinition/resource-sort","valueInteger":999999999},{"url":"http://hl7.org/fhir/StructureDefinition/implementationguide-page","valueUri":"CodeSystem-NHSDataModelAndDictionary-treatment-function.html"}],"reference":{"reference":"CodeSystem/NHSDataModelAndDictionary-treatment-function"},"name":"NHSDataModelandDictionaryTreatmentFunction","description":"A CodeSystem to identify the specialty of the care professional or team. FHIR Version of NHS Data Dictionary Main Specialty Code and HSCIC ITK HL7v2 Table ZU012","exampleBoolean":false,"groupingId":"-term-codesystem"},{"extension":[{"url":"http://hl7.org/fhir/tools/StructureDefinition/resource-sort","valueInteger":999999999},{"url":"http://hl7.org/fhir/StructureDefinition/implementationguide-page","valueUri":"CodeSystem-FlagProxyRole.html"}],"reference":{"reference":"CodeSystem/FlagProxyRole"},"name":"NHSE Flag Proxy Role","description":"A CodeSystem to identify the type/role of the proxy involved","exampleBoolean":false,"groupingId":"-term-codesystem"},{"extension":[{"url":"http://hl7.org/fhir/tools/StructureDefinition/resource-sort","valueInteger":999999999},{"url":"http://hl7.org/fhir/StructureDefinition/implementationguide-page","valueUri":"CodeSystem-PatientFlagCategory.html"}],"reference":{"reference":"CodeSystem/PatientFlagCategory"},"name":"NHSE Patient Flag Category","description":"A CodeSystem to identify the type/category of Flag.","exampleBoolean":false,"groupingId":"-term-codesystem"},{"extension":[{"url":"http://hl7.org/fhir/tools/StructureDefinition/resource-sort","valueInteger":999999999},{"url":"http://hl7.org/fhir/StructureDefinition/implementationguide-page","valueUri":"Bundle-Bundle-ex-EventNotification.html"}],"reference":{"reference":"Bundle/Bundle-ex-EventNotification"},"name":"Bundle-ex-EventNotification","exampleBoolean":true,"groupingId":"-ex-example"},{"extension":[{"url":"http://hl7.org/fhir/tools/StructureDefinition/resource-sort","valueInteger":999999999},{"url":"http://hl7.org/fhir/StructureDefinition/implementationguide-page","valueUri":"Bundle-Bundle-ex-PMIRBundleCreate.html"}],"reference":{"reference":"Bundle/Bundle-ex-PMIRBundleCreate"},"name":"Bundle-ex-PMIRBundleCreate","exampleBoolean":true,"groupingId":"-ex-example"},{"extension":[{"url":"http://hl7.org/fhir/tools/StructureDefinition/resource-sort","valueInteger":999999999},{"url":"http://hl7.org/fhir/StructureDefinition/implementationguide-page","valueUri":"Bundle-Bundle-ex-ResourcePublish.html"}],"reference":{"reference":"Bundle/Bundle-ex-ResourcePublish"},"name":"Bundle-ex-ResourcePublish","exampleBoolean":true,"groupingId":"-ex-example"},{"extension":[{"url":"http://hl7.org/fhir/tools/StructureDefinition/resource-sort","valueInteger":999999999},{"url":"http://hl7.org/fhir/StructureDefinition/implementationguide-page","valueUri":"Subscription-Bundle-ex-subscription.html"}],"reference":{"reference":"Subscription/Bundle-ex-subscription"},"name":"Bundle-ex-subscription","exampleBoolean":true,"groupingId":"-ex-example"},{"extension":[{"url":"http://hl7.org/fhir/tools/StructureDefinition/resource-sort","valueInteger":999999999},{"url":"http://hl7.org/fhir/StructureDefinition/implementationguide-page","valueUri":"Consent-Consent-CPISConsentExample1.html"}],"reference":{"reference":"Consent/Consent-CPISConsentExample1"},"name":"Consent-CPISConsentExample1","exampleCanonical":"https://fhir.nhs.uk/England/StructureDefinition/FlagConsent","groupingId":"-ex-example"},{"extension":[{"url":"http://hl7.org/fhir/tools/StructureDefinition/resource-sort","valueInteger":999999999},{"url":"http://hl7.org/fhir/StructureDefinition/implementationguide-page","valueUri":"Consent-Consent-national-proxy-confirmed.html"}],"reference":{"reference":"Consent/Consent-national-proxy-confirmed"},"name":"Consent-national-proxy-confirmed","exampleCanonical":"https://fhir.nhs.uk/England/StructureDefinition/ConsentNationalProxy","groupingId":"-ex-example"},{"extension":[{"url":"http://hl7.org/fhir/tools/StructureDefinition/resource-sort","valueInteger":999999999},{"url":"http://hl7.org/fhir/StructureDefinition/implementationguide-page","valueUri":"Consent-Consent-national-proxy-proposed.html"}],"reference":{"reference":"Consent/Consent-national-proxy-proposed"},"name":"Consent-national-proxy-proposed","exampleCanonical":"https://fhir.nhs.uk/England/StructureDefinition/ConsentNationalProxy","groupingId":"-ex-example"},{"extension":[{"url":"http://hl7.org/fhir/tools/StructureDefinition/resource-sort","valueInteger":999999999},{"url":"http://hl7.org/fhir/StructureDefinition/implementationguide-page","valueUri":"Consent-Consent-national-proxy-rejected.html"}],"reference":{"reference":"Consent/Consent-national-proxy-rejected"},"name":"Consent-national-proxy-rejected","exampleCanonical":"https://fhir.nhs.uk/England/StructureDefinition/ConsentNationalProxy","groupingId":"-ex-example"},{"extension":[{"url":"http://hl7.org/fhir/tools/StructureDefinition/resource-sort","valueInteger":999999999},{"url":"http://hl7.org/fhir/StructureDefinition/implementationguide-page","valueUri":"Encounter-Encounter-inpatient-discharge-fredrica-smith.html"}],"reference":{"reference":"Encounter/Encounter-inpatient-discharge-fredrica-smith"},"name":"Encounter-inpatient-discharge-fredrica-smith","exampleCanonical":"https://fhir.nhs.uk/England/StructureDefinition/Encounter","groupingId":"-ex-example"},{"extension":[{"url":"http://hl7.org/fhir/tools/StructureDefinition/resource-sort","valueInteger":999999999},{"url":"http://hl7.org/fhir/StructureDefinition/implementationguide-page","valueUri":"Encounter-Encounter-outpatient-fredrica-smith.html"}],"reference":{"reference":"Encounter/Encounter-outpatient-fredrica-smith"},"name":"Encounter-outpatient-fredrica-smith","exampleCanonical":"https://fhir.nhs.uk/England/StructureDefinition/Encounter","groupingId":"-ex-example"},{"extension":[{"url":"http://hl7.org/fhir/tools/StructureDefinition/resource-sort","valueInteger":999999999},{"url":"http://hl7.org/fhir/StructureDefinition/implementationguide-page","valueUri":"RelatedPerson-RelatedPerson-NHS-91000000009.html"}],"reference":{"reference":"RelatedPerson/RelatedPerson-NHS-91000000009"},"name":"National Proxy Related Person Mother Example","description":"An example of a Related Person who is the mother of the subject/patient (Jane Smith).","exampleCanonical":"https://fhir.nhs.uk/England/StructureDefinition/RelatedPerson","groupingId":"-ex-example"},{"extension":[{"url":"http://hl7.org/fhir/tools/StructureDefinition/resource-sort","valueInteger":999999999},{"url":"http://hl7.org/fhir/StructureDefinition/implementationguide-page","valueUri":"Patient-Patient-HL7v2-NHS-3333333333-Fredrica-Smith.html"}],"reference":{"reference":"Patient/Patient-HL7v2-NHS-3333333333-Fredrica-Smith"},"name":"Patient-HL7v2-NHS-3333333333-Fredrica-Smith","exampleCanonical":"https://fhir.nhs.uk/England/StructureDefinition/PatientHL7v2","groupingId":"-ex-example"},{"extension":[{"url":"http://hl7.org/fhir/tools/StructureDefinition/resource-sort","valueInteger":999999999},{"url":"http://hl7.org/fhir/StructureDefinition/implementationguide-page","valueUri":"Patient-Patient-NHS-9459304130-Jane-Smith.html"}],"reference":{"reference":"Patient/Patient-NHS-9459304130-Jane-Smith"},"name":"Patient-NHS-9459304130-Jane-Smith","exampleBoolean":true,"groupingId":"-ex-example"},{"extension":[{"url":"http://hl7.org/fhir/tools/StructureDefinition/resource-sort","valueInteger":999999999},{"url":"http://hl7.org/fhir/StructureDefinition/implementationguide-page","valueUri":"Patient-Patient-NHS-9912003814-Michael-SMITHIES.html"}],"reference":{"reference":"Patient/Patient-NHS-9912003814-Michael-SMITHIES"},"name":"Patient-NHS-9912003814-Michael-SMITHIES","exampleBoolean":true,"groupingId":"-ex-example"},{"extension":[{"url":"http://hl7.org/fhir/tools/StructureDefinition/resource-sort","valueInteger":999999999},{"url":"http://hl7.org/fhir/StructureDefinition/implementationguide-page","valueUri":"Patient-Patient-PDS-NHS-9000000017-Jayne-Smith.html"}],"reference":{"reference":"Patient/Patient-PDS-NHS-9000000017-Jayne-Smith"},"name":"Patient-PDS-NHS-9000000017-Jayne-Smith","exampleCanonical":"https://fhir.nhs.uk/England/StructureDefinition/PatientPDS","groupingId":"-ex-example"},{"extension":[{"url":"http://hl7.org/fhir/tools/StructureDefinition/resource-sort","valueInteger":999999999},{"url":"http://hl7.org/fhir/StructureDefinition/implementationguide-page","valueUri":"Patient-Patient-donald-with-chi-number-and-mrn.html"}],"reference":{"reference":"Patient/Patient-donald-with-chi-number-and-mrn"},"name":"Patient-donald-with-chi-number-and-mrn","exampleBoolean":true,"groupingId":"-ex-example"},{"extension":[{"url":"http://hl7.org/fhir/tools/StructureDefinition/resource-sort","valueInteger":999999999},{"url":"http://hl7.org/fhir/StructureDefinition/implementationguide-page","valueUri":"Patient-Patient-donald-with-chi-number-mrn-and-nhs-number.html"}],"reference":{"reference":"Patient/Patient-donald-with-chi-number-mrn-and-nhs-number"},"name":"Patient-donald-with-chi-number-mrn-and-nhs-number","exampleBoolean":true,"groupingId":"-ex-example"},{"extension":[{"url":"http://hl7.org/fhir/tools/StructureDefinition/resource-sort","valueInteger":999999999},{"url":"http://hl7.org/fhir/StructureDefinition/implementationguide-page","valueUri":"Patient-Patient-donald-with-nhs-number.html"}],"reference":{"reference":"Patient/Patient-donald-with-nhs-number"},"name":"Patient-donald-with-nhs-number","exampleBoolean":true,"groupingId":"-ex-example"},{"extension":[{"url":"http://hl7.org/fhir/tools/StructureDefinition/resource-sort","valueInteger":999999999},{"url":"http://hl7.org/fhir/StructureDefinition/implementationguide-page","valueUri":"QuestionnaireResponse-QuestionnaireResponse-national-proxy-request.html"}],"reference":{"reference":"QuestionnaireResponse/QuestionnaireResponse-national-proxy-request"},"name":"QuestionnaireResponse-national-proxy-request","exampleBoolean":true,"groupingId":"-ex-example"},{"extension":[{"url":"http://hl7.org/fhir/tools/StructureDefinition/resource-sort","valueInteger":999999999},{"url":"http://hl7.org/fhir/StructureDefinition/implementationguide-page","valueUri":"RelatedPerson-RelatedPerson-HL7v2-Francesca-Smith.html"}],"reference":{"reference":"RelatedPerson/RelatedPerson-HL7v2-Francesca-Smith"},"name":"RelatedPerson-HL7v2-Francesca-Smith","exampleCanonical":"https://fhir.nhs.uk/England/StructureDefinition/RelatedPerson","groupingId":"-ex-example"},{"extension":[{"url":"http://hl7.org/fhir/tools/StructureDefinition/resource-sort","valueInteger":999999999},{"url":"http://hl7.org/fhir/StructureDefinition/implementationguide-page","valueUri":"RelatedPerson-RelatedPerson-NHS-9000000017-Jane-Smith.html"}],"reference":{"reference":"RelatedPerson/RelatedPerson-NHS-9000000017-Jane-Smith"},"name":"RelatedPerson-NHS-9000000017-Jane-Smith","exampleCanonical":"https://fhir.nhs.uk/England/StructureDefinition/RelatedPerson","groupingId":"-ex-example"},{"extension":[{"url":"http://hl7.org/fhir/tools/StructureDefinition/resource-sort","valueInteger":999999999},{"url":"http://hl7.org/fhir/StructureDefinition/implementationguide-page","valueUri":"RelatedPerson-RelatedPerson-PDS-NHS-90000000009-Jane-Smith.html"}],"reference":{"reference":"RelatedPerson/RelatedPerson-PDS-NHS-90000000009-Jane-Smith"},"name":"RelatedPerson-PDS-NHS-90000000009-Jane-Smith","exampleCanonical":"https://fhir.nhs.uk/England/StructureDefinition/RelatedPerson","groupingId":"-ex-example"},{"extension":[{"url":"http://hl7.org/fhir/tools/StructureDefinition/resource-sort","valueInteger":999999999},{"url":"http://hl7.org/fhir/StructureDefinition/implementationguide-page","valueUri":"Subscription-Subscription-ex-Encounter.html"}],"reference":{"reference":"Subscription/Subscription-ex-Encounter"},"name":"Subscription-ex-Encounter","exampleBoolean":true,"groupingId":"-ex-example"},{"extension":[{"url":"http://hl7.org/fhir/tools/StructureDefinition/resource-sort","valueInteger":999999999},{"url":"http://hl7.org/fhir/StructureDefinition/implementationguide-page","valueUri":"Subscription-Subscription-ex-Patient.html"}],"reference":{"reference":"Subscription/Subscription-ex-Patient"},"name":"Subscription-ex-Patient","exampleBoolean":true,"groupingId":"-ex-example"},{"extension":[{"url":"http://hl7.org/fhir/tools/StructureDefinition/resource-sort","valueInteger":999999999},{"url":"http://hl7.org/fhir/StructureDefinition/implementationguide-page","valueUri":"Task-Task-request-consent-verification.html"}],"reference":{"reference":"Task/Task-request-consent-verification"},"name":"Task-request-consent-verification","exampleCanonical":"https://fhir.nhs.uk/England/StructureDefinition/Task","groupingId":"-ex-example"},{"extension":[{"url":"http://hl7.org/fhir/tools/StructureDefinition/resource-sort","valueInteger":999999999},{"url":"http://hl7.org/fhir/StructureDefinition/implementationguide-page","valueUri":"Bundle-h1.html"}],"reference":{"reference":"Bundle/h1"},"name":"null (Bundle)","groupingId":"-other"}],"page":{"extension":[{"url":"http://hl7.org/fhir/tools/StructureDefinition/ig-page-name","valueUrl":"toc.html"}],"nameUrl":"toc.html","title":"Table of Contents","generation":"html","page":[{"extension":[{"url":"http://hl7.org/fhir/tools/StructureDefinition/ig-page-name","valueUrl":"index.html"}],"nameUrl":"index.html","title":"Home","generation":"markdown"},{"extension":[{"url":"http://hl7.org/fhir/tools/StructureDefinition/ig-page-name","valueUrl":"administration-module.html"}],"nameUrl":"administration-module.html","title":"Administration Module","generation":"markdown"},{"extension":[{"url":"http://hl7.org/fhir/tools/StructureDefinition/ig-page-name","valueUrl":"background.html"}],"nameUrl":"background.html","title":"Background","generation":"markdown"},{"extension":[{"url":"http://hl7.org/fhir/tools/StructureDefinition/ig-page-name","valueUrl":"booking.html"}],"nameUrl":"booking.html","title":"Booking","generation":"markdown"},{"extension":[{"url":"http://hl7.org/fhir/tools/StructureDefinition/ig-page-name","valueUrl":"care-planning.html"}],"nameUrl":"care-planning.html","title":"Care Planning","generation":"markdown"},{"extension":[{"url":"http://hl7.org/fhir/tools/StructureDefinition/ig-page-name","valueUrl":"changes.html"}],"nameUrl":"changes.html","title":"Changes","generation":"html"},{"extension":[{"url":"http://hl7.org/fhir/tools/StructureDefinition/ig-page-name","valueUrl":"clinical-module.html"}],"nameUrl":"clinical-module.html","title":"Clinical Module","generation":"markdown"},{"extension":[{"url":"http://hl7.org/fhir/tools/StructureDefinition/ig-page-name","valueUrl":"diagnostics-module.html"}],"nameUrl":"diagnostics-module.html","title":"Diagnostics Module","generation":"markdown"},{"extension":[{"url":"http://hl7.org/fhir/tools/StructureDefinition/ig-page-name","valueUrl":"documents-module.html"}],"nameUrl":"documents-module.html","title":"Documents Module","generation":"markdown"},{"extension":[{"url":"http://hl7.org/fhir/tools/StructureDefinition/ig-page-name","valueUrl":"downloads.html"}],"nameUrl":"downloads.html","title":"Downloads","generation":"html"},{"extension":[{"url":"http://hl7.org/fhir/tools/StructureDefinition/ig-page-name","valueUrl":"interoperability-standards.html"}],"nameUrl":"interoperability-standards.html","title":"Interoperability Standards","generation":"markdown"},{"extension":[{"url":"http://hl7.org/fhir/tools/StructureDefinition/ig-page-name","valueUrl":"interoperability-standards-delivery.html"}],"nameUrl":"interoperability-standards-delivery.html","title":"Interoperability Standards Delivery","generation":"markdown"},{"extension":[{"url":"http://hl7.org/fhir/tools/StructureDefinition/ig-page-name","valueUrl":"medications-module.html"}],"nameUrl":"medications-module.html","title":"Medications Module","generation":"markdown"},{"extension":[{"url":"http://hl7.org/fhir/tools/StructureDefinition/ig-page-name","valueUrl":"national-proxy-service.html"}],"nameUrl":"national-proxy-service.html","title":"National Proxy Service","generation":"markdown"},{"extension":[{"url":"http://hl7.org/fhir/tools/StructureDefinition/ig-page-name","valueUrl":"patient-demographics-query.html"}],"nameUrl":"patient-demographics-query.html","title":"Patient Demographics Query","generation":"markdown"},{"extension":[{"url":"http://hl7.org/fhir/tools/StructureDefinition/ig-page-name","valueUrl":"patient-encounter-management.html"}],"nameUrl":"patient-encounter-management.html","title":"Patient Encounter Management","generation":"markdown"},{"extension":[{"url":"http://hl7.org/fhir/tools/StructureDefinition/ig-page-name","valueUrl":"patient-identity-management.html"}],"nameUrl":"patient-identity-management.html","title":"Patient Identity Management","generation":"markdown"},{"extension":[{"url":"http://hl7.org/fhir/tools/StructureDefinition/ig-page-name","valueUrl":"personal-demographics-service.html"}],"nameUrl":"personal-demographics-service.html","title":"Personal Demographics Service","generation":"markdown"},{"extension":[{"url":"http://hl7.org/fhir/tools/StructureDefinition/ig-page-name","valueUrl":"restful-api.html"}],"nameUrl":"restful-api.html","title":"Restful Api","generation":"markdown"},{"extension":[{"url":"http://hl7.org/fhir/tools/StructureDefinition/ig-page-name","valueUrl":"structured-data-capture.html"}],"nameUrl":"structured-data-capture.html","title":"Structured Data Capture","generation":"markdown"},{"extension":[{"url":"http://hl7.org/fhir/tools/StructureDefinition/ig-page-name","valueUrl":"testing.html"}],"nameUrl":"testing.html","title":"Testing","generation":"markdown"},{"extension":[{"url":"http://hl7.org/fhir/tools/StructureDefinition/ig-page-name","valueUrl":"validation.html"}],"nameUrl":"validation.html","title":"Validation","generation":"markdown"},{"extension":[{"url":"http://hl7.org/fhir/tools/StructureDefinition/ig-page-name","valueUrl":"workflow.html"}],"nameUrl":"workflow.html","title":"Workflow","generation":"markdown"},{"extension":[{"url":"http://hl7.org/fhir/tools/StructureDefinition/ig-page-name","valueUrl":"artifacts.html"}],"nameUrl":"artifacts.html","title":"Artifacts Summary","generation":"html","page":[{"extension":[{"url":"http://hl7.org/fhir/tools/StructureDefinition/ig-page-name","valueUrl":"CapabilityStatement-NHS-England-APIM-Provider.html"}],"nameUrl":"CapabilityStatement-NHS-England-APIM-Provider.html","title":"NHS England APIM Base API Definitions","generation":"generated"},{"extension":[{"url":"http://hl7.org/fhir/tools/StructureDefinition/ig-page-name","valueUrl":"CapabilityStatement-BookingProvider.html"}],"nameUrl":"CapabilityStatement-BookingProvider.html","title":"NHS England Booking Provider","generation":"generated"},{"extension":[{"url":"http://hl7.org/fhir/tools/StructureDefinition/ig-page-name","valueUrl":"CapabilityStatement-IHE.PCF.consentAuthorizationServer.html"}],"nameUrl":"CapabilityStatement-IHE.PCF.consentAuthorizationServer.html","title":"NHS England IHE Privacy Consent on FHIR (PCF)","generation":"generated"},{"extension":[{"url":"http://hl7.org/fhir/tools/StructureDefinition/ig-page-name","valueUrl":"CapabilityStatement-UKCoreAccessPatientIndexProvider.html"}],"nameUrl":"CapabilityStatement-UKCoreAccessPatientIndexProvider.html","title":"UKCore Access Patient Index Provider","generation":"generated"},{"extension":[{"url":"http://hl7.org/fhir/tools/StructureDefinition/ig-page-name","valueUrl":"Questionnaire-permission.html"}],"nameUrl":"Questionnaire-permission.html","title":"Permission","generation":"generated"},{"extension":[{"url":"http://hl7.org/fhir/tools/StructureDefinition/ig-page-name","valueUrl":"Questionnaire-Questionnaire-Proxy-Access-Request.html"}],"nameUrl":"Questionnaire-Questionnaire-Proxy-Access-Request.html","title":"Proxy Access Request Form","generation":"generated"},{"extension":[{"url":"http://hl7.org/fhir/tools/StructureDefinition/ig-page-name","valueUrl":"StructureDefinition-Appointment.html"}],"nameUrl":"StructureDefinition-Appointment.html","title":"Appointment","generation":"generated"},{"extension":[{"url":"http://hl7.org/fhir/tools/StructureDefinition/ig-page-name","valueUrl":"StructureDefinition-AppointmentResponse.html"}],"nameUrl":"StructureDefinition-AppointmentResponse.html","title":"AppointmentResponse","generation":"generated"},{"extension":[{"url":"http://hl7.org/fhir/tools/StructureDefinition/ig-page-name","valueUrl":"StructureDefinition-IHEPCF-Basic-Consent.html"}],"nameUrl":"StructureDefinition-IHEPCF-Basic-Consent.html","title":"BasicConsent","generation":"generated"},{"extension":[{"url":"http://hl7.org/fhir/tools/StructureDefinition/ig-page-name","valueUrl":"StructureDefinition-DocumentReference.html"}],"nameUrl":"StructureDefinition-DocumentReference.html","title":"DocumentReference","generation":"generated"},{"extension":[{"url":"http://hl7.org/fhir/tools/StructureDefinition/ig-page-name","valueUrl":"StructureDefinition-Encounter.html"}],"nameUrl":"StructureDefinition-Encounter.html","title":"Encounter","generation":"generated"},{"extension":[{"url":"http://hl7.org/fhir/tools/StructureDefinition/ig-page-name","valueUrl":"StructureDefinition-Endpoint.html"}],"nameUrl":"StructureDefinition-Endpoint.html","title":"Endpoint","generation":"generated"},{"extension":[{"url":"http://hl7.org/fhir/tools/StructureDefinition/ig-page-name","valueUrl":"StructureDefinition-HealthcareService.html"}],"nameUrl":"StructureDefinition-HealthcareService.html","title":"HealthcareService","generation":"generated"},{"extension":[{"url":"http://hl7.org/fhir/tools/StructureDefinition/ig-page-name","valueUrl":"StructureDefinition-ConsentNationalProxy.html"}],"nameUrl":"StructureDefinition-ConsentNationalProxy.html","title":"NHS England National Proxy Consent Profile","generation":"generated"},{"extension":[{"url":"http://hl7.org/fhir/tools/StructureDefinition/ig-page-name","valueUrl":"StructureDefinition-FlagConsent.html"}],"nameUrl":"StructureDefinition-FlagConsent.html","title":"NHSE Flag Consent Profile","generation":"generated"},{"extension":[{"url":"http://hl7.org/fhir/tools/StructureDefinition/ig-page-name","valueUrl":"StructureDefinition-FlagProvenance.html"}],"nameUrl":"StructureDefinition-FlagProvenance.html","title":"NHSE Flag Provenance Profile","generation":"generated"},{"extension":[{"url":"http://hl7.org/fhir/tools/StructureDefinition/ig-page-name","valueUrl":"StructureDefinition-Observation.html"}],"nameUrl":"StructureDefinition-Observation.html","title":"Observation","generation":"generated"},{"extension":[{"url":"http://hl7.org/fhir/tools/StructureDefinition/ig-page-name","valueUrl":"StructureDefinition-Organization.html"}],"nameUrl":"StructureDefinition-Organization.html","title":"Organization","generation":"generated"},{"extension":[{"url":"http://hl7.org/fhir/tools/StructureDefinition/ig-page-name","valueUrl":"StructureDefinition-OrganizationAffiliation.html"}],"nameUrl":"StructureDefinition-OrganizationAffiliation.html","title":"OrganizationAffiliation","generation":"generated"},{"extension":[{"url":"http://hl7.org/fhir/tools/StructureDefinition/ig-page-name","valueUrl":"StructureDefinition-PatientHL7v2.html"}],"nameUrl":"StructureDefinition-PatientHL7v2.html","title":"PatientHL7v2","generation":"generated"},{"extension":[{"url":"http://hl7.org/fhir/tools/StructureDefinition/ig-page-name","valueUrl":"StructureDefinition-PatientPDS.html"}],"nameUrl":"StructureDefinition-PatientPDS.html","title":"PatientPDS","generation":"generated"},{"extension":[{"url":"http://hl7.org/fhir/tools/StructureDefinition/ig-page-name","valueUrl":"StructureDefinition-PatientPDSNHSNumberAllocation.html"}],"nameUrl":"StructureDefinition-PatientPDSNHSNumberAllocation.html","title":"PatientPDSNHSNumberAllocation","generation":"generated"},{"extension":[{"url":"http://hl7.org/fhir/tools/StructureDefinition/ig-page-name","valueUrl":"StructureDefinition-Practitioner.html"}],"nameUrl":"StructureDefinition-Practitioner.html","title":"Practitioner","generation":"generated"},{"extension":[{"url":"http://hl7.org/fhir/tools/StructureDefinition/ig-page-name","valueUrl":"StructureDefinition-PractitionerRole.html"}],"nameUrl":"StructureDefinition-PractitionerRole.html","title":"PractitionerRole","generation":"generated"},{"extension":[{"url":"http://hl7.org/fhir/tools/StructureDefinition/ig-page-name","valueUrl":"StructureDefinition-RelatedPerson.html"}],"nameUrl":"StructureDefinition-RelatedPerson.html","title":"RelatedPerson","generation":"generated"},{"extension":[{"url":"http://hl7.org/fhir/tools/StructureDefinition/ig-page-name","valueUrl":"StructureDefinition-Schedule.html"}],"nameUrl":"StructureDefinition-Schedule.html","title":"Schedule","generation":"generated"},{"extension":[{"url":"http://hl7.org/fhir/tools/StructureDefinition/ig-page-name","valueUrl":"StructureDefinition-ServiceRequest.html"}],"nameUrl":"StructureDefinition-ServiceRequest.html","title":"ServiceRequest","generation":"generated"},{"extension":[{"url":"http://hl7.org/fhir/tools/StructureDefinition/ig-page-name","valueUrl":"StructureDefinition-Slot.html"}],"nameUrl":"StructureDefinition-Slot.html","title":"Slot","generation":"generated"},{"extension":[{"url":"http://hl7.org/fhir/tools/StructureDefinition/ig-page-name","valueUrl":"StructureDefinition-Task.html"}],"nameUrl":"StructureDefinition-Task.html","title":"Task","generation":"generated"},{"extension":[{"url":"http://hl7.org/fhir/tools/StructureDefinition/ig-page-name","valueUrl":"StructureDefinition-UKCore-Organization.html"}],"nameUrl":"StructureDefinition-UKCore-Organization.html","title":"UK Core Organization","generation":"generated"},{"extension":[{"url":"http://hl7.org/fhir/tools/StructureDefinition/ig-page-name","valueUrl":"StructureDefinition-UKCore-Patient.html"}],"nameUrl":"StructureDefinition-UKCore-Patient.html","title":"UK Core Patient","generation":"generated"},{"extension":[{"url":"http://hl7.org/fhir/tools/StructureDefinition/ig-page-name","valueUrl":"StructureDefinition-UKCore-RelatedPerson.html"}],"nameUrl":"StructureDefinition-UKCore-RelatedPerson.html","title":"UK Core RelatedPerson","generation":"generated"},{"extension":[{"url":"http://hl7.org/fhir/tools/StructureDefinition/ig-page-name","valueUrl":"StructureDefinition-Extension-ConsentCreateSummary.html"}],"nameUrl":"StructureDefinition-Extension-ConsentCreateSummary.html","title":"Extension for Consent Create Summary","generation":"generated"},{"extension":[{"url":"http://hl7.org/fhir/tools/StructureDefinition/ig-page-name","valueUrl":"StructureDefinition-Extension-ConsentRemoveSummary.html"}],"nameUrl":"StructureDefinition-Extension-ConsentRemoveSummary.html","title":"Extension for Consent Remove Summary","generation":"generated"},{"extension":[{"url":"http://hl7.org/fhir/tools/StructureDefinition/ig-page-name","valueUrl":"ValueSet-NHSDigital-CareSettingType.html"}],"nameUrl":"ValueSet-NHSDigital-CareSettingType.html","title":"NHSDigital-CareSettingType","generation":"generated"},{"extension":[{"url":"http://hl7.org/fhir/tools/StructureDefinition/ig-page-name","valueUrl":"ValueSet-FlagConsentPurpose.html"}],"nameUrl":"ValueSet-FlagConsentPurpose.html","title":"NHSE Flag Consent Purpose","generation":"generated"},{"extension":[{"url":"http://hl7.org/fhir/tools/StructureDefinition/ig-page-name","valueUrl":"ValueSet-FlagProvenanceRole.html"}],"nameUrl":"ValueSet-FlagProvenanceRole.html","title":"NHSE Flag Provenance Role","generation":"generated"},{"extension":[{"url":"http://hl7.org/fhir/tools/StructureDefinition/ig-page-name","valueUrl":"ValueSet-FlagProxyRole.html"}],"nameUrl":"ValueSet-FlagProxyRole.html","title":"NHSE Flag Proxy Role","generation":"generated"},{"extension":[{"url":"http://hl7.org/fhir/tools/StructureDefinition/ig-page-name","valueUrl":"ValueSet-PatientFlagCategory.html"}],"nameUrl":"ValueSet-PatientFlagCategory.html","title":"NHSE Patient Flag Category","generation":"generated"},{"extension":[{"url":"http://hl7.org/fhir/tools/StructureDefinition/ig-page-name","valueUrl":"CodeSystem-FGM-ConsentPurpose.html"}],"nameUrl":"CodeSystem-FGM-ConsentPurpose.html","title":"FGM Consent Purpose","generation":"generated"},{"extension":[{"url":"http://hl7.org/fhir/tools/StructureDefinition/ig-page-name","valueUrl":"CodeSystem-NHSDataModelAndDictionary-treatment-function.html"}],"nameUrl":"CodeSystem-NHSDataModelAndDictionary-treatment-function.html","title":"NHSDataModelandDictionaryTreatmentFunction","generation":"generated"},{"extension":[{"url":"http://hl7.org/fhir/tools/StructureDefinition/ig-page-name","valueUrl":"CodeSystem-FlagProxyRole.html"}],"nameUrl":"CodeSystem-FlagProxyRole.html","title":"NHSE Flag Proxy Role","generation":"generated"},{"extension":[{"url":"http://hl7.org/fhir/tools/StructureDefinition/ig-page-name","valueUrl":"CodeSystem-PatientFlagCategory.html"}],"nameUrl":"CodeSystem-PatientFlagCategory.html","title":"NHSE Patient Flag Category","generation":"generated"},{"extension":[{"url":"http://hl7.org/fhir/tools/StructureDefinition/ig-page-name","valueUrl":"Bundle-Bundle-ex-EventNotification.html"}],"nameUrl":"Bundle-Bundle-ex-EventNotification.html","title":"Bundle-ex-EventNotification","generation":"generated"},{"extension":[{"url":"http://hl7.org/fhir/tools/StructureDefinition/ig-page-name","valueUrl":"Bundle-Bundle-ex-PMIRBundleCreate.html"}],"nameUrl":"Bundle-Bundle-ex-PMIRBundleCreate.html","title":"Bundle-ex-PMIRBundleCreate","generation":"generated"},{"extension":[{"url":"http://hl7.org/fhir/tools/StructureDefinition/ig-page-name","valueUrl":"Bundle-Bundle-ex-ResourcePublish.html"}],"nameUrl":"Bundle-Bundle-ex-ResourcePublish.html","title":"Bundle-ex-ResourcePublish","generation":"generated"},{"extension":[{"url":"http://hl7.org/fhir/tools/StructureDefinition/ig-page-name","valueUrl":"Subscription-Bundle-ex-subscription.html"}],"nameUrl":"Subscription-Bundle-ex-subscription.html","title":"Bundle-ex-subscription","generation":"generated"},{"extension":[{"url":"http://hl7.org/fhir/tools/StructureDefinition/ig-page-name","valueUrl":"Consent-Consent-CPISConsentExample1.html"}],"nameUrl":"Consent-Consent-CPISConsentExample1.html","title":"Consent-CPISConsentExample1","generation":"generated"},{"extension":[{"url":"http://hl7.org/fhir/tools/StructureDefinition/ig-page-name","valueUrl":"Consent-Consent-national-proxy-confirmed.html"}],"nameUrl":"Consent-Consent-national-proxy-confirmed.html","title":"Consent-national-proxy-confirmed","generation":"generated"},{"extension":[{"url":"http://hl7.org/fhir/tools/StructureDefinition/ig-page-name","valueUrl":"Consent-Consent-national-proxy-proposed.html"}],"nameUrl":"Consent-Consent-national-proxy-proposed.html","title":"Consent-national-proxy-proposed","generation":"generated"},{"extension":[{"url":"http://hl7.org/fhir/tools/StructureDefinition/ig-page-name","valueUrl":"Consent-Consent-national-proxy-rejected.html"}],"nameUrl":"Consent-Consent-national-proxy-rejected.html","title":"Consent-national-proxy-rejected","generation":"generated"},{"extension":[{"url":"http://hl7.org/fhir/tools/StructureDefinition/ig-page-name","valueUrl":"Encounter-Encounter-inpatient-discharge-fredrica-smith.html"}],"nameUrl":"Encounter-Encounter-inpatient-discharge-fredrica-smith.html","title":"Encounter-inpatient-discharge-fredrica-smith","generation":"generated"},{"extension":[{"url":"http://hl7.org/fhir/tools/StructureDefinition/ig-page-name","valueUrl":"Encounter-Encounter-outpatient-fredrica-smith.html"}],"nameUrl":"Encounter-Encounter-outpatient-fredrica-smith.html","title":"Encounter-outpatient-fredrica-smith","generation":"generated"},{"extension":[{"url":"http://hl7.org/fhir/tools/StructureDefinition/ig-page-name","valueUrl":"RelatedPerson-RelatedPerson-NHS-91000000009.html"}],"nameUrl":"RelatedPerson-RelatedPerson-NHS-91000000009.html","title":"National Proxy Related Person Mother Example","generation":"generated"},{"extension":[{"url":"http://hl7.org/fhir/tools/StructureDefinition/ig-page-name","valueUrl":"Patient-Patient-donald-with-chi-number-and-mrn.html"}],"nameUrl":"Patient-Patient-donald-with-chi-number-and-mrn.html","title":"Patient-donald-with-chi-number-and-mrn","generation":"generated"},{"extension":[{"url":"http://hl7.org/fhir/tools/StructureDefinition/ig-page-name","valueUrl":"Patient-Patient-donald-with-chi-number-mrn-and-nhs-number.html"}],"nameUrl":"Patient-Patient-donald-with-chi-number-mrn-and-nhs-number.html","title":"Patient-donald-with-chi-number-mrn-and-nhs-number","generation":"generated"},{"extension":[{"url":"http://hl7.org/fhir/tools/StructureDefinition/ig-page-name","valueUrl":"Patient-Patient-donald-with-nhs-number.html"}],"nameUrl":"Patient-Patient-donald-with-nhs-number.html","title":"Patient-donald-with-nhs-number","generation":"generated"},{"extension":[{"url":"http://hl7.org/fhir/tools/StructureDefinition/ig-page-name","valueUrl":"Patient-Patient-HL7v2-NHS-3333333333-Fredrica-Smith.html"}],"nameUrl":"Patient-Patient-HL7v2-NHS-3333333333-Fredrica-Smith.html","title":"Patient-HL7v2-NHS-3333333333-Fredrica-Smith","generation":"generated"},{"extension":[{"url":"http://hl7.org/fhir/tools/StructureDefinition/ig-page-name","valueUrl":"Patient-Patient-NHS-9459304130-Jane-Smith.html"}],"nameUrl":"Patient-Patient-NHS-9459304130-Jane-Smith.html","title":"Patient-NHS-9459304130-Jane-Smith","generation":"generated"},{"extension":[{"url":"http://hl7.org/fhir/tools/StructureDefinition/ig-page-name","valueUrl":"Patient-Patient-NHS-9912003814-Michael-SMITHIES.html"}],"nameUrl":"Patient-Patient-NHS-9912003814-Michael-SMITHIES.html","title":"Patient-NHS-9912003814-Michael-SMITHIES","generation":"generated"},{"extension":[{"url":"http://hl7.org/fhir/tools/StructureDefinition/ig-page-name","valueUrl":"Patient-Patient-PDS-NHS-9000000017-Jayne-Smith.html"}],"nameUrl":"Patient-Patient-PDS-NHS-9000000017-Jayne-Smith.html","title":"Patient-PDS-NHS-9000000017-Jayne-Smith","generation":"generated"},{"extension":[{"url":"http://hl7.org/fhir/tools/StructureDefinition/ig-page-name","valueUrl":"QuestionnaireResponse-QuestionnaireResponse-national-proxy-request.html"}],"nameUrl":"QuestionnaireResponse-QuestionnaireResponse-national-proxy-request.html","title":"QuestionnaireResponse-national-proxy-request","generation":"generated"},{"extension":[{"url":"http://hl7.org/fhir/tools/StructureDefinition/ig-page-name","valueUrl":"RelatedPerson-RelatedPerson-HL7v2-Francesca-Smith.html"}],"nameUrl":"RelatedPerson-RelatedPerson-HL7v2-Francesca-Smith.html","title":"RelatedPerson-HL7v2-Francesca-Smith","generation":"generated"},{"extension":[{"url":"http://hl7.org/fhir/tools/StructureDefinition/ig-page-name","valueUrl":"RelatedPerson-RelatedPerson-NHS-9000000017-Jane-Smith.html"}],"nameUrl":"RelatedPerson-RelatedPerson-NHS-9000000017-Jane-Smith.html","title":"RelatedPerson-NHS-9000000017-Jane-Smith","generation":"generated"},{"extension":[{"url":"http://hl7.org/fhir/tools/StructureDefinition/ig-page-name","valueUrl":"RelatedPerson-RelatedPerson-PDS-NHS-90000000009-Jane-Smith.html"}],"nameUrl":"RelatedPerson-RelatedPerson-PDS-NHS-90000000009-Jane-Smith.html","title":"RelatedPerson-PDS-NHS-90000000009-Jane-Smith","generation":"generated"},{"extension":[{"url":"http://hl7.org/fhir/tools/StructureDefinition/ig-page-name","valueUrl":"Subscription-Subscription-ex-Encounter.html"}],"nameUrl":"Subscription-Subscription-ex-Encounter.html","title":"Subscription-ex-Encounter","generation":"generated"},{"extension":[{"url":"http://hl7.org/fhir/tools/StructureDefinition/ig-page-name","valueUrl":"Subscription-Subscription-ex-Patient.html"}],"nameUrl":"Subscription-Subscription-ex-Patient.html","title":"Subscription-ex-Patient","generation":"generated"},{"extension":[{"url":"http://hl7.org/fhir/tools/StructureDefinition/ig-page-name","valueUrl":"Task-Task-request-consent-verification.html"}],"nameUrl":"Task-Task-request-consent-verification.html","title":"Task-request-consent-verification","generation":"generated"},{"extension":[{"url":"http://hl7.org/fhir/tools/StructureDefinition/ig-page-name","valueUrl":"Bundle-h1.html"}],"nameUrl":"Bundle-h1.html","title":"null (Bundle)","generation":"generated"}]}]},"parameter":[{"code":"path-resource","value":"input/capabilities"},{"code":"path-resource","value":"input/examples"},{"code":"path-resource","value":"input/extensions"},{"code":"path-resource","value":"input/models"},{"code":"path-resource","value":"input/operations"},{"code":"path-resource","value":"input/profiles"},{"code":"path-resource","value":"input/resources"},{"code":"path-resource","value":"input/vocabulary"},{"code":"path-resource","value":"input/maps"},{"code":"path-resource","value":"input/testing"},{"code":"path-resource","value":"input/history"},{"code":"path-resource","value":"fsh-generated/resources"},{"code":"path-pages","value":"template/config"},{"code":"path-pages","value":"input/images"},{"code":"path-tx-cache","value":"input-cache/txcache"}]}}