<?xml version="1.0" encoding="UTF-8"?>

<Appointment xmlns="http://hl7.org/fhir">
  <id value="appointment-wayfinder-inpatient"/>
  <meta>
    <profile value="https://fhir.nhs.uk/England/StructureDefinition/Appointment"/>
  </meta>
  <text>
    <status value="generated"/><div xmlns="http://www.w3.org/1999/xhtml"><p><b>Generated Narrative: Appointment</b><a name="appointment-wayfinder-inpatient"> </a></p><div style="display: inline-block; background-color: #d9e0e7; padding: 6px; margin: 4px; border: 1px solid #8da1b4; border-radius: 5px; line-height: 60%"><p style="margin-bottom: 0px">Resource Appointment &quot;appointment-wayfinder-inpatient&quot; </p><p style="margin-bottom: 0px">Profile: <a href="StructureDefinition-Appointment.html">Appointment</a></p></div><p><b>identifier</b>: <code>https://fhir-open.cerner.com/dstu2/ec2458f2-1e24-41c8-b71b-0e701af7583d/Appointment</code>/4817508, <code>https://sandbox.patientsknowbest.com/fhir/Appointment</code>/3a146c43-2b21-44e9-95bc-6f4849e504c8</p><p><b>status</b>: booked</p><p><b>serviceCategory</b>: inpatient encounter <span style="background: LightGoldenRodYellow; margin: 4px; border: 1px solid khaki"> (<a href="http://terminology.hl7.org/5.3.0/CodeSystem-v3-ActCode.html">ActCode</a>#IMP)</span></p><p><b>serviceType</b>: DERMATOLOGY <span style="background: LightGoldenRodYellow; margin: 4px; border: 1px solid khaki"> (<a href="CodeSystem-NHSDataModelAndDictionary-treatment-function.html">NHSDataModelandDictionaryTreatmentFunction</a>#330)</span></p><p><b>specialty</b>: Dermatology <span style="background: LightGoldenRodYellow; margin: 4px; border: 1px solid khaki"> (<a href="https://simplifier.net/resolve?scope=fhir.r4.ukcore.stu3.currentbuild@0.0.6-pre-release&amp;canonical=https://fhir.hl7.org.uk/CodeSystem/UKCore-PracticeSettingCode">UKCore Practice Setting Code</a>#330)</span></p><p><b>reasonCode</b>: Dermatology Procedure <span style="background: LightGoldenRodYellow; margin: 4px; border: 1px solid khaki"> ()</span></p><p><b>description</b>: Dermatology Procedure</p><p><b>start</b>: 13 Jun 2021, 09:00:00</p><p><b>end</b>: 16 Jun 2021, 18:00:00</p><p><b>slot</b>: </p><ul><li><span><code>https://fhir.nhs.uk/Id/USRN</code>/000000000000</span></li><li><span><code>https://fhir-open.cerner.com/dstu2/ec2458f2-1e24-41c8-b71b-0e701af7583d/Slot</code>/65468756</span></li></ul><p><b>basedOn</b>: </p><ul><li><span><code>https://fhir.nhs.uk/Id/UBRN</code>/000000000001</span></li><li><a href="https://simplifier.net/resolve?scope=fhir.r4.ukcore.stu3.currentbuild@0.0.6-pre-release&amp;canonical=https://fhir-open.cerner.com/dstu2/ec2458f2-1e24-41c8-b71b-0e701af7583d/ServiceRequest/265413">https://fhir-open.cerner.com/dstu2/ec2458f2-1e24-41c8-b71b-0e701af7583d/ServiceRequest/265413</a></li></ul><blockquote><p><b>participant</b></p><p><b>actor</b>: <span><code>https://fhir.nhs.uk/Id/nhs-number</code>/0000000001</span></p><p><b>status</b>: accepted</p></blockquote><blockquote><p><b>participant</b></p><p><b>actor</b>: <span><code>https://fhir.nhs.uk/Id/sds-user-id</code>/999999999</span></p><p><b>status</b>: accepted</p></blockquote><blockquote><p><b>participant</b></p><p><b>actor</b>: <span><code>http://myportal.com/FHIR/HealthcareService</code>/123</span></p><p><b>status</b>: accepted</p></blockquote><blockquote><p><b>participant</b></p><p><b>actor</b>: <span><code>https://fhir-open.cerner.com/dstu2/ec2458f2-1e24-41c8-b71b-0e701af7583d/HealthcareService</code>/4817508</span></p><p><b>status</b>: accepted</p></blockquote><blockquote><p><b>participant</b></p><p><b>actor</b>: <span><code>https://fhir.nhs.uk/Id/ers-service</code>/103705</span></p><p><b>status</b>: accepted</p></blockquote><blockquote><p><b>participant</b></p><p><b>actor</b>: <span><code>https://fhir.nhs.uk/Id/ods-organization-code</code>/RFF</span></p><p><b>status</b>: accepted</p></blockquote></div>
  </text>
  <extension url="https://fhir.nhs.uk/StructureDefinition/Extension-ServiceRequest-Priority">
    <valueCoding>
      <system value="https://fhir.nhs.uk/CodeSystem/eRS-Priority"/>
      <code value="{URGENT|ROUTINE|TWO_WEEK_WAIT}"/>
    </valueCoding>
  </extension>
  <extension url="https://servita.com/fhir/StructureDefinition/ExtensionAppointmentStatus">
    <valueCode value="{Pending Change|Pending Reschedule|Pending Cancellation|Confirmed Attendance}"/>
  </extension>
  <extension url="https://fhir.nhs.uk/StructureDefinition/Extension-Consultation-Medium">
    <valueCode value="{FACE_TO_FACE | VIRTUAL}"/>
  </extension>
  <extension url="https://fhir.nhs.uk/StructureDefinition/Extension-Portal-Link">
    <valueUrl value="{deeplinkURL}"/>
  </extension>
  <identifier>
    <system value="https://fhir-open.cerner.com/dstu2/ec2458f2-1e24-41c8-b71b-0e701af7583d/Appointment"/>
    <value value="4817508"/>
  </identifier>
  <identifier>
    <system value="https://sandbox.patientsknowbest.com/fhir/Appointment"/>
    <value value="3a146c43-2b21-44e9-95bc-6f4849e504c8"/>
  </identifier>
  <status value="booked"/>
  <serviceCategory>
    <coding>
      <system value="http://terminology.hl7.org/CodeSystem/v3-ActCode"/>
      <code value="IMP"/>
      <display value="inpatient encounter"/>
    </coding>
  </serviceCategory>
  <serviceType>
    <coding>
      <system value="https://fhir.nhs.uk/CodeSystem/NHSDataModelAndDictionary-treatment-function"/>
      <code value="330"/>
      <display value="DERMATOLOGY"/>
    </coding>
  </serviceType>
  <specialty>
    <coding>
      <system value="https://fhir.hl7.org.uk/CodeSystem/UKCore-PracticeSettingCode"/>
      <code value="330"/>
      <display value="Dermatology"/>
    </coding>
  </specialty>
  <reasonCode>
    <text value="Dermatology Procedure"/>
  </reasonCode>
  <description value="Dermatology Procedure"/>
  <start value="2021-06-13T08:00:00+00:00"/>
  <end value="2021-06-16T17:00:00+00:00"/>
  <slot>
    <identifier>
      <system value="https://fhir.nhs.uk/Id/USRN"/>
      <value value="000000000000"/>
    </identifier>
  </slot>
  <slot>
    <identifier>
      <system value="https://fhir-open.cerner.com/dstu2/ec2458f2-1e24-41c8-b71b-0e701af7583d/Slot"/>
      <value value="65468756"/>
    </identifier>
  </slot>
  <basedOn>
    <identifier>
      <system value="https://fhir.nhs.uk/Id/UBRN"/>
      <value value="000000000001"/>
    </identifier>
  </basedOn>
  <basedOn>
    <reference value="https://fhir-open.cerner.com/dstu2/ec2458f2-1e24-41c8-b71b-0e701af7583d/ServiceRequest/265413"/>
    <identifier>
      <system value="https://fhir-open.cerner.com/PathwayId"/>
      <value value="RBH5644312231"/>
    </identifier>
  </basedOn>
  <participant>
    <actor>
      <type value="Patient"/>
      <identifier>
        <system value="https://fhir.nhs.uk/Id/nhs-number"/>
        <value value="0000000001"/>
      </identifier>
    </actor>
    <status value="accepted"/>
  </participant>
  <participant>
    <actor>
      <type value="Practitioner"/>
      <identifier>
        <system value="https://fhir.nhs.uk/Id/sds-user-id"/>
        <value value="999999999"/>
      </identifier>
    </actor>
    <status value="accepted"/>
  </participant>
  <participant>
    <actor>
      <type value="HealthcareService"/>
      <identifier>
        <system value="http://myportal.com/FHIR/HealthcareService"/>
        <value value="123"/>
      </identifier>
    </actor>
    <status value="accepted"/>
  </participant>
  <participant>
    <actor>
      <type value="HealthcareService"/>
      <identifier>
        <system value="https://fhir-open.cerner.com/dstu2/ec2458f2-1e24-41c8-b71b-0e701af7583d/HealthcareService"/>
        <value value="4817508"/>
      </identifier>
    </actor>
    <status value="accepted"/>
  </participant>
  <participant>
    <actor>
      <type value="HealthcareService"/>
      <identifier>
        <system value="https://fhir.nhs.uk/Id/ers-service"/>
        <value value="103705"/>
      </identifier>
    </actor>
    <status value="accepted"/>
  </participant>
  <participant>
    <actor>
      <type value="HealthcareService"/>
      <identifier>
        <system value="https://fhir.nhs.uk/Id/ods-organization-code"/>
        <value value="RFF"/>
      </identifier>
    </actor>
    <status value="accepted"/>
  </participant>
</Appointment>