<?xml version="1.0" encoding="UTF-8"?>

<Bundle xmlns="http://hl7.org/fhir">
  <id value="Bundle-ex-PMIRBundleCreate"/>
  <meta>
    <profile value="https://profiles.ihe.net/ITI/PMIR/StructureDefinition/IHE.PMIR.Bundle"/>
  </meta>
  <type value="message"/>
  <entry>
    <fullUrl value="MessageHeader/ex-messageheader-create"/>
    <resource>
      <MessageHeader>
        <id value="ex-messageheader-create"/>
        <meta>
          <profile value="https://profiles.ihe.net/ITI/PMIR/StructureDefinition/IHE.PMIR.MessageHeader"/>
        </meta>
        <text>
          <status value="generated"/><div xmlns="http://www.w3.org/1999/xhtml"><p><b>Generated Narrative: MessageHeader</b></p><div style="display: inline-block; background-color: #d9e0e7; padding: 6px; margin: 4px; border: 1px solid #8da1b4; border-radius: 5px; line-height: 60%"><p style="margin-bottom: 0px">Resource MessageHeader "ex-messageheader-create" </p><p style="margin-bottom: 0px">Profile: <a href="StructureDefinition-IHE.PMIR.MessageHeader.html">IHE Patient Master Identity Registry MessageHeader</a></p></div><p><b>event</b>: <code>urn:ihe:iti:pmir:2019:patient-feed</code></p><h3>Destinations</h3><table class="grid"><tr><td>-</td><td><b>Endpoint</b></td></tr><tr><td>*</td><td><a href="http://example.com/patientEndpoint">http://example.com/patientEndpoint</a></td></tr></table><h3>Sources</h3><table class="grid"><tr><td>-</td><td><b>Endpoint</b></td></tr><tr><td>*</td><td><a href="http://example.com/patientSource">http://example.com/patientSource</a></td></tr></table><p><b>focus</b>: <a href="#Bundle_ex-bundle-history-create">See above (Bundle/ex-bundle-history-create)</a></p></div>
        </text>
        <eventUri value="urn:ihe:iti:pmir:2019:patient-feed"/>
        <destination>
          <endpoint value="http://example.com/patientEndpoint"/>
        </destination>
        <source>
          <endpoint value="http://example.com/patientSource"/>
        </source>
        <focus>
          <reference value="Bundle/ex-bundle-history-create"/>
        </focus>
      </MessageHeader>
    </resource>
  </entry>
  <entry>
    <fullUrl value="Bundle/ex-bundle-history-create"/>
    <resource>
      <Bundle>
        <id value="ex-bundle-history-create"/>
        <meta>
          <profile value="https://profiles.ihe.net/ITI/PMIR/StructureDefinition/IHE.PMIR.Bundle.History"/>
        </meta>
        <type value="history"/>
        <entry>
          <fullUrl value="urn:uuid:95e1726c-9c3c-4de3-bebc-15daed6b6d34"/>
          <resource>
            <Patient>
              <id value="HL7v2-NHS-3333333333-Fredrica-Smith"/>
              <meta>
                <profile value="https://fhir.nhs.uk/England/StructureDefinition/PatientHL7v2"/>
              </meta>
              <extension url="http://hl7.org/fhir/StructureDefinition/patient-birthPlace">
                <valueAddress>
                  <city value="Berlin"/>
                </valueAddress>
              </extension>
              <extension url="http://hl7.org/fhir/StructureDefinition/patient-nationality">
                <extension url="code">
                  <valueCodeableConcept>
                    <coding>
                      <system value="urn:iso:std:iso:3166"/>
                      <code value="DE"/>
                    </coding>
                  </valueCodeableConcept>
                </extension>
              </extension>
              <extension url="http://hl7.org/fhir/StructureDefinition/patient-religion">
                <valueCodeableConcept>
                  <coding>
                    <system value="https://fhir.nhs.uk/CodeSystem/NHSDataModelAndDictionary-religious-affiliation"/>
                    <code value="C22"/>
                  </coding>
                </valueCodeableConcept>
              </extension>
              <identifier>
                <system value="https://fhir.nhs.uk/Id/nhs-number"/>
                <value value="9459304130"/>
              </identifier>
              <name>
                <use value="usual"/>
                <family value="Smith"/>
                <given value="Fredrica"/>
                <given value="J"/>
                <prefix value="Mrs"/>
              </name>
              <gender value="female"/>
              <birthDate value="1965-12-13">
                <extension url="http://hl7.org/fhir/StructureDefinition/patient-birthTime">
                  <valueDateTime value="1965-12-13T12:15:00+00:00"/>
                </extension>
              </birthDate>
              <address>
                <use value="home"/>
                <line value="29 WEST AVENUE"/>
                <line value="BURYTHORPE"/>
                <city value="MALTON"/>
                <district value="NORTH YORKSHIRE"/>
                <postalCode value="YO32 5TT"/>
              </address>
              <maritalStatus>
                <coding>
                  <system value="http://terminology.hl7.org/CodeSystem/v3-MaritalStatus"/>
                  <code value="M"/>
                </coding>
              </maritalStatus>
              <generalPractitioner>
                <identifier>
                  <system value="https://fhir.hl7.org.uk/Id/gmc-number"/>
                  <value value="G5612908"/>
                </identifier>
                <display value="Dr Gregory Townley"/>
              </generalPractitioner>
              <generalPractitioner>
                <identifier>
                  <system value="https://fhir.nhs.uk/Id/ods-organization-code"/>
                  <value value="Y06601"/>
                </identifier>
                <display value="MALTON GP PRACTICE"/>
              </generalPractitioner>
            </Patient>
          </resource>
          <request>
            <method value="POST"/>
            <url value="Patient"/>
          </request>
          <response>
            <status value="201"/>
            <location value="Patient/HL7v2-NHS-3333333333-Fredrica-Smith/_history/1"/>
          </response>
        </entry>
      </Bundle>
    </resource>
  </entry>
</Bundle>