<?xml version="1.0" encoding="UTF-8"?>

<CapabilityStatement xmlns="http://hl7.org/fhir">
  <id value="IHE.PCF.consentAuthorizationServer"/>
  <text>
    <status value="extensions"/><div xmlns="http://www.w3.org/1999/xhtml"><h2 id="title">NHS England IHE Privacy Consent on FHIR (PCF)</h2><ul><li>Implementation Guide Version: 0.0.1</li><li>FHIR Version: 4.0.1</li><li>Supported Formats: <code>json</code></li><li>Supported Patch Formats: </li><li>Published on: Fri Feb 09 00:00:00 GMT 2024</li><li>Published by: NHS England</li></ul><blockquote class="impl-note"><p><strong>Note to Implementers: FHIR Capabilities</strong></p><p>Any FHIR capability may be 'allowed' by the system unless explicitly marked as &quot;SHALL NOT&quot;. A few items are marked as MAY in the Implementation Guide to highlight their potential relevance to the use case.</p></blockquote><h2 id="rest">FHIR RESTful Capabilities</h2><div class="panel panel-default"><div class="panel-heading"><h3 id="mode1" class="panel-title">Mode: <code>server</code></h3></div><div class="panel-body"><div class="lead"><em>Summary of System-wide Interactions</em></div></div></div><h3 id="resourcesCap1">Capabilities by Resource/Profile</h3><h4 id="resourcesSummary1">Summary</h4><p>The summary table lists the resources that are part of this configuration, and for each resource it lists:</p><ul><li>The relevant profiles (if any)</li><li>The interactions supported by each resource (<b><span class="bg-info">R</span></b>ead, <b><span class="bg-info">S</span></b>earch, <b><span class="bg-info">U</span></b>pdate, and <b><span class="bg-info">C</span></b>reate, are always shown, while <b><span class="bg-info">VR</span></b>ead, <b><span class="bg-info">P</span></b>atch, <b><span class="bg-info">D</span></b>elete, <b><span class="bg-info">H</span></b>istory on <b><span class="bg-info">I</span></b>nstance, or <b><span class="bg-info">H</span></b>istory on <b><span class="bg-info">T</span></b>ype are only present if at least one of the resources has support for them.</li><li><span>The required, recommended, and some optional search parameters (if any). </span></li><li>The linked resources enabled for <code>_include</code></li><li>The other resources enabled for <code>_revinclude</code></li><li>The operations on the resource (if any)</li></ul><div class="table-responsive"><table class="table table-condensed table-hover"><thead><tr><th><b>Resource Type</b></th><th><b>Profile</b></th><th class="text-center"><b title="GET a resource (read interaction)">R</b></th><th class="text-center"><b title="GET all set of resources of the type (search interaction)">S</b></th><th class="text-center"><b title="PUT a new resource version (update interaction)">U</b></th><th class="text-center"><b title="POST a new resource (create interaction)">C</b></th><th><b title="Required and recommended search parameters">Searches</b></th><th><code><b>_include</b></code></th><th><code><b>_revinclude</b></code></th><th><b>Operations</b></th></tr></thead><tbody><tr><td><a href="#Consent1-1">Consent</a></td><td><a href="StructureDefinition-IHEPCF-Basic-Consent.html">https://fhir.nhs.uk/England/StructureDefinition/IHEPCF-Basic-Consent</a></td><td>y</td><td class="text-center">y</td><td class="text-center"></td><td class="text-center"></td><td>_lastUpdated, _id, status, patient, patient.identifier, patient:identifier, actor, actor:identifier</td><td/><td/><td/></tr></tbody></table></div><hr/><div class="panel panel-default"><div class="panel-heading"><h4 id="Consent1-1" class="panel-title"><span style="float: right;">Resource Conformance: SHALL</span>Consent</h4></div><div class="panel-body"><div class="container"><div class="row"><div class="col-lg-6"><span class="lead">Base System Profile</span><br/><a href="StructureDefinition-IHEPCF-Basic-Consent.html">https://fhir.nhs.uk/England/StructureDefinition/IHEPCF-Basic-Consent</a></div><div class="col-lg-3"><span class="lead">Profile Conformance</span><br/><b>SHALL</b></div><div class="col-lg-3"><span class="lead">Reference Policy</span><br/></div></div><p/><div class="row"><div class="col-lg-6"><span class="lead">Interaction summary</span><br/><ul><li><strong>SHALL</strong> support <code>read</code>, <code>search-type</code>.</li></ul></div></div><p/><div class="row"><div class="col-lg-7"><span class="lead">Search Parameters</span><table class="table table-condensed table-hover"><thead><tr><th>Conformance</th><th>Parameter</th><th>Type</th><th>Documentation</th></tr></thead><tbody><tr><td><b>SHALL</b></td><td>_lastUpdated</td><td><code>date</code></td><td><div><p>When the resource version last changed</p>
</div></td></tr><tr><td><b>SHALL</b></td><td>_id</td><td><code>token</code></td><td><div><p>Logical id of this artifact</p>
</div></td></tr><tr><td><b>SHALL</b></td><td>status</td><td><code>token</code></td><td><div><p>Whether the Consent record is active</p>
</div></td></tr><tr><td><b>SHALL</b></td><td>patient</td><td><code>reference</code></td><td><div><p>The patient. We may have issues supporting this in NHS England API's but we could assume the {id} of the patient is not transient and is the {nhsNumber} i.e. <code>patient={baseUrlOfPDS}/Patient/91000000009</code></p>
</div></td></tr><tr><td><b>SHALL</b></td><td>actor</td><td><code>reference</code></td><td><div><p>Who|what (RelatedPerson/Practitioner/Patient) is controlled by this rule</p>
</div></td></tr><tr><td><b>SHOULD</b></td><td>patient.identifier</td><td><code>token</code></td><td><div><p>The patient identifier (MRN, NHS Number, etc).  In the English NHS this may be a SHALL</p>
</div></td></tr><tr><td><b>SHOULD</b></td><td>patient:identifier</td><td><code>token</code></td><td><div><p>The patient identifier (NHS Number). In NHS England this this may be a SHALL</p>
</div></td></tr><tr><td><b>SHOULD</b></td><td>actor:identifier</td><td><code>token</code></td><td><div><p>Who|what (RelatedPerson - restrict to RelatedPerson for now for proxy) is controlled by this rule</p>
</div></td></tr></tbody></table></div><div class="col-lg-5"> </div></div></div></div></div></div>
  </text>
  <url value="https://fhir.nhs.uk/England/CapabilityStatement/IHE.PCF.consentAuthorizationServer"/>
  <version value="0.0.1"/>
  <title value="NHS England IHE Privacy Consent on FHIR (PCF)"/>
  <status value="draft"/>
  <date value="2024-02-09"/>
  <publisher value="NHS England"/>
  <contact>
    <name value="NHS England"/>
    <telecom>
      <system value="url"/>
      <value value="https://www.england.nhs.uk/"/>
    </telecom>
  </contact>
  <description value="CapabilityStatement for the Consent Authorization Server Actor for use within the English NHS (Enterprise Architecture) and or NHS England (Solution Architecture). &#xA;This is part of the NHS England National Extension (Volume 4) for [Privacy Consent on FHIR (PCF)](https://profiles.ihe.net/ITI/PCF/index.html). &#xA;&#xA; This profile is implemented by &#xA; - [National Proxy Service](https://digital.nhs.uk/developer/) &#xA;&#xA; These services are potentially used by &#xA;&#xA;**NHS England** &#xA;&#xA; - [National Record Locator](https://digital.nhs.uk/developer/api-catalogue/national-record-locator-fhir) &#xA; - [Security and authorisation](https://digital.nhs.uk/developer/guides-and-documentation/security-and-authorisation) &#xA;&#xA;**English NHS and NHS England Services** &#xA;&#xA; used in the implementation of the following profiles or services &#xA;&#xA; - [NRL producer system](https://digital.nhs.uk/developer/api-catalogue/national-record-locator-fhir/v3/producer) &#xA; - [IHE Mobile access to Health Documents (MHD)](https://profiles.ihe.net/ITI/MHD/index.html) &#xA; - [IHE Query for Existing Data for Mobile (QEDm)](https://build.fhir.org/ig/IHE/QEDm/branches/master/index.html)"/>
  <jurisdiction>
    <coding>
      <system value="urn:iso:std:iso:3166"/>
      <code value="GB-ENG"/>
      <display value="England"/>
    </coding>
  </jurisdiction>
  <kind value="requirements"/>
  <fhirVersion value="4.0.1"/>
  <format value="json"/>
  <rest>
    <mode value="server"/>
    <resource>
      <extension url="http://hl7.org/fhir/StructureDefinition/capabilitystatement-expectation">
        <valueCode value="SHALL"/>
      </extension>
      <type value="Consent"/>
      <profile value="https://fhir.nhs.uk/England/StructureDefinition/IHEPCF-Basic-Consent"/>
      <interaction>
        <extension url="http://hl7.org/fhir/StructureDefinition/capabilitystatement-expectation">
          <valueCode value="SHALL"/>
        </extension>
        <code value="read"/>
      </interaction>
      <interaction>
        <extension url="http://hl7.org/fhir/StructureDefinition/capabilitystatement-expectation">
          <valueCode value="SHALL"/>
        </extension>
        <code value="search-type"/>
      </interaction>
      <searchParam>
        <extension url="http://hl7.org/fhir/StructureDefinition/capabilitystatement-expectation">
          <valueCode value="SHALL"/>
        </extension>
        <name value="_lastUpdated"/>
        <type value="date"/>
        <documentation value="When the resource version last changed"/>
      </searchParam>
      <searchParam>
        <extension url="http://hl7.org/fhir/StructureDefinition/capabilitystatement-expectation">
          <valueCode value="SHALL"/>
        </extension>
        <name value="_id"/>
        <type value="token"/>
        <documentation value="Logical id of this artifact"/>
      </searchParam>
      <searchParam>
        <extension url="http://hl7.org/fhir/StructureDefinition/capabilitystatement-expectation">
          <valueCode value="SHALL"/>
        </extension>
        <name value="status"/>
        <type value="token"/>
        <documentation value="Whether the Consent record is active"/>
      </searchParam>
      <searchParam>
        <extension url="http://hl7.org/fhir/StructureDefinition/capabilitystatement-expectation">
          <valueCode value="SHALL"/>
        </extension>
        <name value="patient"/>
        <type value="reference"/>
        <documentation value="The patient. We may have issues supporting this in NHS England API's but we could assume the {id} of the patient is not transient and is the {nhsNumber} i.e. `patient={baseUrlOfPDS}/Patient/91000000009`"/>
      </searchParam>
      <searchParam>
        <extension url="http://hl7.org/fhir/StructureDefinition/capabilitystatement-expectation">
          <valueCode value="SHOULD"/>
        </extension>
        <name value="patient.identifier"/>
        <type value="token"/>
        <documentation value="The patient identifier (MRN, NHS Number, etc).  In the English NHS this may be a SHALL"/>
      </searchParam>
      <searchParam>
        <extension url="http://hl7.org/fhir/StructureDefinition/capabilitystatement-expectation">
          <valueCode value="SHOULD"/>
        </extension>
        <name value="patient:identifier"/>
        <type value="token"/>
        <documentation value="The patient identifier (NHS Number). In NHS England this this may be a SHALL"/>
      </searchParam>
      <searchParam>
        <extension url="http://hl7.org/fhir/StructureDefinition/capabilitystatement-expectation">
          <valueCode value="SHALL"/>
        </extension>
        <name value="actor"/>
        <type value="reference"/>
        <documentation value="Who|what (RelatedPerson/Practitioner/Patient) is controlled by this rule"/>
      </searchParam>
      <searchParam>
        <extension url="http://hl7.org/fhir/StructureDefinition/capabilitystatement-expectation">
          <valueCode value="SHOULD"/>
        </extension>
        <name value="actor:identifier"/>
        <type value="token"/>
        <documentation value="Who|what (RelatedPerson - restrict to RelatedPerson for now for proxy) is controlled by this rule "/>
      </searchParam>
    </resource>
  </rest>
</CapabilityStatement>