<?xml version="1.0" encoding="UTF-8"?>

<Encounter xmlns="http://hl7.org/fhir">
  <id value="Encounter-pre-admission-fredrica-smith"/>
  <meta>
    <profile value="https://fhir.nhs.uk/England/StructureDefinition/Encounter"/>
  </meta>
  <text>
    <status value="generated"/><div xmlns="http://www.w3.org/1999/xhtml"><p><b>Generated Narrative: Encounter</b><a name="Encounter-pre-admission-fredrica-smith"> </a></p><div style="display: inline-block; background-color: #d9e0e7; padding: 6px; margin: 4px; border: 1px solid #8da1b4; border-radius: 5px; line-height: 60%"><p style="margin-bottom: 0px">Resource Encounter &quot;Encounter-pre-admission-fredrica-smith&quot; </p><p style="margin-bottom: 0px">Profile: <a href="StructureDefinition-Encounter.html">Encounter</a></p></div><p><b>identifier</b>: <code>https://fhir.leedsth.nhs.uk/YrVisit</code>/4532</p><p><b>status</b>: planned</p><p><b>class</b>: pre-admission (Details: http://terminology.hl7.org/CodeSystem/v3-ActCode code PRENC = 'pre-admission', stated as 'pre-admission')</p><p><b>serviceType</b>: GENERAL MEDICINE <span style="background: LightGoldenRodYellow; margin: 4px; border: 1px solid khaki"> (<a href="CodeSystem-NHSDataModelAndDictionary-treatment-function.html">NHSDataModelandDictionaryTreatmentFunction</a>#300)</span></p><p><b>subject</b>: <a href="https://simplifier.net/resolve?scope=fhir.r4.ukcore.stu3.currentbuild@0.0.6-pre-release&amp;canonical=https://simplifier.net/guide/ukcoreversionhistory/Patient/Patient-NHS-3333333333-Fredrica-Smith">Patient/Patient-NHS-3333333333-Fredrica-Smith: Fredrica Smith</a></p><p><b>period</b>: 2010-09-30 00:00:00+0000 --&gt; 2010-10-01 00:00:00+0000</p><h3>Lengths</h3><table class="grid"><tr><td style="display: none">-</td><td><b>Value</b></td><td><b>Unit</b></td></tr><tr><td style="display: none">*</td><td>2</td><td>day</td></tr></table><p><b>reasonCode</b>: Labour <span style="background: LightGoldenRodYellow; margin: 4px; border: 1px solid khaki"> ()</span></p><h3>Diagnoses</h3><table class="grid"><tr><td style="display: none">-</td><td><b>Condition</b></td></tr><tr><td style="display: none">*</td><td><span>: Pregnant</span></td></tr></table><h3>Locations</h3><table class="grid"><tr><td style="display: none">-</td><td><b>Location</b></td></tr><tr><td style="display: none">*</td><td><span><code>https://fhir.nhs.uk/Id/ods-site-code</code>/RCB55</span></td></tr></table><p><b>serviceProvider</b>: <span><code>https://fhir.nhs.uk/Id/ods-organization-code</code>/RCB</span></p></div>
  </text>
  <extension url="https://fhir.nhs.uk/England/StructureDefinition/Extension-Encounter-plannedStartDate">
    <valueDateTime value="2010-09-30T00:00:00+00:00"/>
  </extension>
  <extension url="https://fhir.nhs.uk/England/StructureDefinition/Extension-Encounter-plannedEndDate">
    <valueDateTime value="2010-10-01T00:00:00+00:00"/>
  </extension>
  <identifier>
    <system value="https://fhir.leedsth.nhs.uk/YrVisit"/>
    <value value="4532"/>
  </identifier>
  <status value="planned"/>
  <class>
    <system value="http://terminology.hl7.org/CodeSystem/v3-ActCode"/>
    <code value="PRENC"/>
    <display value="pre-admission"/>
  </class>
  <serviceType>
    <coding>
      <system value="https://fhir.nhs.uk/CodeSystem/NHSDataModelAndDictionary-treatment-function"/>
      <code value="300"/>
    </coding>
  </serviceType>
  <subject>
    <reference value="Patient/Patient-NHS-3333333333-Fredrica-Smith"/>
    <identifier>
      <system value="https://fhir.nhs.uk/Id/nhs-number"/>
      <value value="3333333333"/>
    </identifier>
    <display value="Fredrica Smith"/>
  </subject>
  <period>
    <start value="2010-09-30T00:00:00+00:00"/>
    <end value="2010-10-01T00:00:00+00:00"/>
  </period>
  <length>
    <value value="2"/>
    <unit value="day"/>
  </length>
  <reasonCode>
    <text value="Labour"/>
  </reasonCode>
  <diagnosis>
    <condition>
      <display value="Pregnant"/>
    </condition>
  </diagnosis>
  <location>
    <location>
      <identifier>
        <system value="https://fhir.nhs.uk/Id/ods-site-code"/>
        <value value="RCB55"/>
      </identifier>
    </location>
  </location>
  <serviceProvider>
    <identifier>
      <system value="https://fhir.nhs.uk/Id/ods-organization-code"/>
      <value value="RCB"/>
    </identifier>
  </serviceProvider>
</Encounter>