<?xml version="1.0" encoding="UTF-8"?>

<ValueSet xmlns="http://hl7.org/fhir">
  <id value="PatientFlagCategory"/>
  <text>
    <status value="generated"/><div xmlns="http://www.w3.org/1999/xhtml"><p>This value set expansion contains 3 concepts.</p><table class="codes"><tr><td style="white-space:nowrap"><b>Code</b></td><td><b>System</b></td><td><b>Display</b></td></tr><tr><td style="white-space:nowrap"><a name="https---fhir.nhs.uk-England-CodeSystem-PatientFlagCategory-NRAF"> </a>  <a href="CodeSystem-PatientFlagCategory.html#PatientFlagCategory-NRAF">NRAF</a></td><td>https://fhir.nhs.uk/England/CodeSystem/PatientFlagCategory</td><td>National Reasonable Adjustments Flag</td></tr><tr><td style="white-space:nowrap"><a name="https---fhir.nhs.uk-England-CodeSystem-PatientFlagCategory-CP-IS"> </a>  <a href="CodeSystem-PatientFlagCategory.html#PatientFlagCategory-CP-IS">CP-IS</a></td><td>https://fhir.nhs.uk/England/CodeSystem/PatientFlagCategory</td><td>Child Protection - Information Sharing Flag</td></tr><tr><td style="white-space:nowrap"><a name="https---fhir.nhs.uk-England-CodeSystem-PatientFlagCategory-FGM"> </a>  <a href="CodeSystem-PatientFlagCategory.html#PatientFlagCategory-FGM">FGM</a></td><td>https://fhir.nhs.uk/England/CodeSystem/PatientFlagCategory</td><td>Female Genital Mutilation Flag</td></tr></table></div>
  </text>
  <url value="https://fhir.nhs.uk/England/ValueSet/PatientFlagCategory"/>
  <version value="0.0.1"/>
  <name value="PatientFlagCategory"/>
  <title value="NHSE Patient Flag Category"/>
  <status value="draft"/>
  <experimental value="false"/>
  <date value="2024-02-14"/>
  <publisher value="NHS England"/>
  <contact>
    <name value="NHS England"/>
    <telecom>
      <system value="url"/>
      <value value="https://www.england.nhs.uk/"/>
    </telecom>
  </contact>
  <description value="A ValueSet to identify the type/category of a flag."/>
  <jurisdiction>
    <coding>
      <system value="urn:iso:std:iso:3166"/>
      <code value="GB-ENG"/>
      <display value="England"/>
    </coding>
  </jurisdiction>
  <copyright value="Copyright © 2024+ NHS England Licensed under the Apache License, Version 2.0 (the \&quot;License\&quot;); you may not use this file except in compliance with the License. You may obtain a copy of the License at  http://www.apache.org/licenses/LICENSE-2.0 Unless required by applicable law or agreed to in writing, software distributed under the License is distributed on an \&quot;AS IS\&quot; BASIS, WITHOUT WARRANTIES OR CONDITIONS OF ANY KIND, either express or implied. See the License for the specific language governing permissions and limitations under the License. HL7® FHIR® standard Copyright © 2011+ HL7 The HL7® FHIR® standard is used under the FHIR license. You may obtain a copy of the FHIR license at  https://www.hl7.org/fhir/license.html."/>
  <expansion>
    <timestamp value="2024-02-14T12:00:00+00:00"/>
    <contains>
      <system value="https://fhir.nhs.uk/England/CodeSystem/PatientFlagCategory"/>
      <code value="NRAF"/>
      <display value="National Reasonable Adjustments Flag"/>
    </contains>
    <contains>
      <system value="https://fhir.nhs.uk/England/CodeSystem/PatientFlagCategory"/>
      <code value="CP-IS"/>
      <display value="Child Protection - Information Sharing Flag"/>
    </contains>
    <contains>
      <system value="https://fhir.nhs.uk/England/CodeSystem/PatientFlagCategory"/>
      <code value="FGM"/>
      <display value="Female Genital Mutilation Flag"/>
    </contains>
  </expansion>
</ValueSet>