<?xml version="1.0" encoding="UTF-8"?><ImplementationGuide xmlns="http://hl7.org/fhir"><id value="uk.nhs.england.skunkworks"/><text><status value="extensions"/><div xmlns="http://www.w3.org/1999/xhtml"><h2>NHSEnglandInteroperabilitySkunkworks</h2><p>The official URL for this implementation guide is: </p><pre>https://fhir.nhs.uk/England/ImplementationGuide/uk.nhs.england.skunkworks</pre></div></text><url value="https://fhir.nhs.uk/England/ImplementationGuide/uk.nhs.england.skunkworks"/><version value="0.0.1"/><name value="NHSEnglandInteroperabilitySkunkworks"/><title value="Interoperability Standards - Skunkworks"/><status value="draft"/><date value="2024-02-06T12:19:49+00:00"/><publisher value="NHS England"/><contact><name value="NHS England"/><telecom><system value="url"/><value value="https://www.england.nhs.uk/"/></telecom></contact><jurisdiction><coding><system value="urn:iso:std:iso:3166"/><code value="GB-ENG"/><display value="England"/></coding></jurisdiction><packageId value="uk.nhs.england.skunkworks"/><license value="Apache-2.0"/><fhirVersion value="4.0.1"/><dependsOn id="hl7tx"><extension url="http://hl7.org/fhir/tools/StructureDefinition/implementationguide-dependency-comment"><valueMarkdown value="Automatically added as a dependency - all IGs depend on HL7 Terminology"/></extension><uri value="http://terminology.hl7.org/ImplementationGuide/hl7.terminology"/><packageId value="hl7.terminology.r4"/><version value="5.3.0"/></dependsOn><dependsOn id="hl7ext"><extension url="http://hl7.org/fhir/tools/StructureDefinition/implementationguide-dependency-comment"><valueMarkdown value="Automatically added as a dependency - all IGs depend on the HL7 Extension Pack"/></extension><uri value="http://hl7.org/fhir/extensions/ImplementationGuide/hl7.fhir.uv.extensions"/><packageId value="hl7.fhir.uv.extensions.r4"/><version value="1.0.0"/></dependsOn><dependsOn id="fhir_r4_ukcore_stu3_currentbuild"><uri value="https://simplifier.net/guide/ukcoreversionhistory"/><packageId value="fhir.r4.ukcore.stu3.currentbuild"/><version value="0.0.6-pre-release"/></dependsOn><dependsOn id="fhir_r4_nhsengland_stu1"><uri value="https://simplifier.net/guide/nhs-england-implementation-guide-version-history"/><packageId value="fhir.r4.nhsengland.stu1"/><version value="1.1.0"/></dependsOn><dependsOn id="hl7_fhir_uv_sdc"><uri value="http://hl7.org/fhir/uv/sdc/ImplementationGuide/hl7.fhir.uv.sdc"/><packageId value="hl7.fhir.uv.sdc"/><version value="3.0.0"/></dependsOn><definition><extension url="http://hl7.org/fhir/tools/StructureDefinition/ig-parameter"><extension url="code"><valueString value="copyrightyear"/></extension><extension url="value"><valueString value="2024+"/></extension></extension><extension url="http://hl7.org/fhir/tools/StructureDefinition/ig-parameter"><extension url="code"><valueString value="releaselabel"/></extension><extension url="value"><valueString value="ci-build"/></extension></extension><extension url="http://hl7.org/fhir/tools/StructureDefinition/ig-parameter"><extension url="code"><valueString value="autoload-resources"/></extension><extension url="value"><valueString value="true"/></extension></extension><extension url="http://hl7.org/fhir/tools/StructureDefinition/ig-parameter"><extension url="code"><valueString value="path-liquid"/></extension><extension url="value"><valueString value="template/liquid"/></extension></extension><extension url="http://hl7.org/fhir/tools/StructureDefinition/ig-parameter"><extension url="code"><valueString value="path-liquid"/></extension><extension url="value"><valueString value="input/liquid"/></extension></extension><extension url="http://hl7.org/fhir/tools/StructureDefinition/ig-parameter"><extension url="code"><valueString value="path-qa"/></extension><extension url="value"><valueString value="temp/qa"/></extension></extension><extension url="http://hl7.org/fhir/tools/StructureDefinition/ig-parameter"><extension url="code"><valueString value="path-temp"/></extension><extension url="value"><valueString value="temp/pages"/></extension></extension><extension url="http://hl7.org/fhir/tools/StructureDefinition/ig-parameter"><extension url="code"><valueString value="path-output"/></extension><extension url="value"><valueString value="output"/></extension></extension><extension url="http://hl7.org/fhir/tools/StructureDefinition/ig-parameter"><extension url="code"><valueString value="path-suppressed-warnings"/></extension><extension url="value"><valueString value="input/ignoreWarnings.txt"/></extension></extension><extension url="http://hl7.org/fhir/tools/StructureDefinition/ig-parameter"><extension url="code"><valueString value="path-history"/></extension><extension url="value"><valueString value="https://fhir.nhs.uk/England/history.html"/></extension></extension><extension url="http://hl7.org/fhir/tools/StructureDefinition/ig-parameter"><extension url="code"><valueString value="template-html"/></extension><extension url="value"><valueString value="template-page.html"/></extension></extension><extension url="http://hl7.org/fhir/tools/StructureDefinition/ig-parameter"><extension url="code"><valueString value="template-md"/></extension><extension url="value"><valueString value="template-page-md.html"/></extension></extension><extension url="http://hl7.org/fhir/tools/StructureDefinition/ig-parameter"><extension url="code"><valueString value="apply-contact"/></extension><extension url="value"><valueString value="true"/></extension></extension><extension url="http://hl7.org/fhir/tools/StructureDefinition/ig-parameter"><extension url="code"><valueString value="apply-context"/></extension><extension url="value"><valueString value="true"/></extension></extension><extension url="http://hl7.org/fhir/tools/StructureDefinition/ig-parameter"><extension url="code"><valueString value="apply-copyright"/></extension><extension url="value"><valueString value="true"/></extension></extension><extension url="http://hl7.org/fhir/tools/StructureDefinition/ig-parameter"><extension url="code"><valueString value="apply-jurisdiction"/></extension><extension url="value"><valueString value="true"/></extension></extension><extension url="http://hl7.org/fhir/tools/StructureDefinition/ig-parameter"><extension url="code"><valueString value="apply-license"/></extension><extension url="value"><valueString value="true"/></extension></extension><extension url="http://hl7.org/fhir/tools/StructureDefinition/ig-parameter"><extension url="code"><valueString value="apply-publisher"/></extension><extension url="value"><valueString value="true"/></extension></extension><extension url="http://hl7.org/fhir/tools/StructureDefinition/ig-parameter"><extension url="code"><valueString value="apply-version"/></extension><extension url="value"><valueString value="true"/></extension></extension><extension url="http://hl7.org/fhir/tools/StructureDefinition/ig-parameter"><extension url="code"><valueString value="apply-wg"/></extension><extension url="value"><valueString value="true"/></extension></extension><extension url="http://hl7.org/fhir/tools/StructureDefinition/ig-parameter"><extension url="code"><valueString value="active-tables"/></extension><extension url="value"><valueString value="true"/></extension></extension><extension url="http://hl7.org/fhir/tools/StructureDefinition/ig-parameter"><extension url="code"><valueString value="fmm-definition"/></extension><extension url="value"><valueString value="http://hl7.org/fhir/versions.html#maturity"/></extension></extension><extension url="http://hl7.org/fhir/tools/StructureDefinition/ig-parameter"><extension url="code"><valueString value="propagate-status"/></extension><extension url="value"><valueString value="true"/></extension></extension><extension url="http://hl7.org/fhir/tools/StructureDefinition/ig-parameter"><extension url="code"><valueString value="excludelogbinaryformat"/></extension><extension url="value"><valueString value="true"/></extension></extension><extension url="http://hl7.org/fhir/tools/StructureDefinition/ig-parameter"><extension url="code"><valueString value="tabbed-snapshots"/></extension><extension url="value"><valueString value="true"/></extension></extension><extension url="http://hl7.org/fhir/tools/StructureDefinition/ig-internal-dependency"><valueCode value="hl7.fhir.uv.tools#0.1.0"/></extension><extension url="http://hl7.org/fhir/tools/StructureDefinition/ig-parameter"><extension url="code"><valueCode value="copyrightyear"/></extension><extension url="value"><valueString value="2024+"/></extension></extension><extension url="http://hl7.org/fhir/tools/StructureDefinition/ig-parameter"><extension url="code"><valueCode value="releaselabel"/></extension><extension url="value"><valueString value="ci-build"/></extension></extension><extension url="http://hl7.org/fhir/tools/StructureDefinition/ig-parameter"><extension url="code"><valueCode value="autoload-resources"/></extension><extension url="value"><valueString value="true"/></extension></extension><extension url="http://hl7.org/fhir/tools/StructureDefinition/ig-parameter"><extension url="code"><valueCode value="path-liquid"/></extension><extension url="value"><valueString value="template/liquid"/></extension></extension><extension url="http://hl7.org/fhir/tools/StructureDefinition/ig-parameter"><extension url="code"><valueCode value="path-liquid"/></extension><extension url="value"><valueString value="input/liquid"/></extension></extension><extension url="http://hl7.org/fhir/tools/StructureDefinition/ig-parameter"><extension url="code"><valueCode value="path-qa"/></extension><extension url="value"><valueString value="temp/qa"/></extension></extension><extension url="http://hl7.org/fhir/tools/StructureDefinition/ig-parameter"><extension url="code"><valueCode value="path-temp"/></extension><extension url="value"><valueString value="temp/pages"/></extension></extension><extension url="http://hl7.org/fhir/tools/StructureDefinition/ig-parameter"><extension url="code"><valueCode value="path-output"/></extension><extension url="value"><valueString value="output"/></extension></extension><extension url="http://hl7.org/fhir/tools/StructureDefinition/ig-parameter"><extension url="code"><valueCode value="path-suppressed-warnings"/></extension><extension url="value"><valueString value="input/ignoreWarnings.txt"/></extension></extension><extension url="http://hl7.org/fhir/tools/StructureDefinition/ig-parameter"><extension url="code"><valueCode value="path-history"/></extension><extension url="value"><valueString value="https://fhir.nhs.uk/England/history.html"/></extension></extension><extension url="http://hl7.org/fhir/tools/StructureDefinition/ig-parameter"><extension url="code"><valueCode value="template-html"/></extension><extension url="value"><valueString value="template-page.html"/></extension></extension><extension url="http://hl7.org/fhir/tools/StructureDefinition/ig-parameter"><extension url="code"><valueCode value="template-md"/></extension><extension url="value"><valueString value="template-page-md.html"/></extension></extension><extension url="http://hl7.org/fhir/tools/StructureDefinition/ig-parameter"><extension url="code"><valueCode value="apply-contact"/></extension><extension url="value"><valueString value="true"/></extension></extension><extension url="http://hl7.org/fhir/tools/StructureDefinition/ig-parameter"><extension url="code"><valueCode value="apply-context"/></extension><extension url="value"><valueString value="true"/></extension></extension><extension url="http://hl7.org/fhir/tools/StructureDefinition/ig-parameter"><extension url="code"><valueCode value="apply-copyright"/></extension><extension url="value"><valueString value="true"/></extension></extension><extension url="http://hl7.org/fhir/tools/StructureDefinition/ig-parameter"><extension url="code"><valueCode value="apply-jurisdiction"/></extension><extension url="value"><valueString value="true"/></extension></extension><extension url="http://hl7.org/fhir/tools/StructureDefinition/ig-parameter"><extension url="code"><valueCode value="apply-license"/></extension><extension url="value"><valueString value="true"/></extension></extension><extension url="http://hl7.org/fhir/tools/StructureDefinition/ig-parameter"><extension url="code"><valueCode value="apply-publisher"/></extension><extension url="value"><valueString value="true"/></extension></extension><extension url="http://hl7.org/fhir/tools/StructureDefinition/ig-parameter"><extension url="code"><valueCode value="apply-version"/></extension><extension url="value"><valueString value="true"/></extension></extension><extension url="http://hl7.org/fhir/tools/StructureDefinition/ig-parameter"><extension url="code"><valueCode value="apply-wg"/></extension><extension url="value"><valueString value="true"/></extension></extension><extension url="http://hl7.org/fhir/tools/StructureDefinition/ig-parameter"><extension url="code"><valueCode value="active-tables"/></extension><extension url="value"><valueString value="true"/></extension></extension><extension url="http://hl7.org/fhir/tools/StructureDefinition/ig-parameter"><extension url="code"><valueCode value="fmm-definition"/></extension><extension url="value"><valueString value="http://hl7.org/fhir/versions.html#maturity"/></extension></extension><extension url="http://hl7.org/fhir/tools/StructureDefinition/ig-parameter"><extension url="code"><valueCode value="propagate-status"/></extension><extension url="value"><valueString value="true"/></extension></extension><extension url="http://hl7.org/fhir/tools/StructureDefinition/ig-parameter"><extension url="code"><valueCode value="excludelogbinaryformat"/></extension><extension url="value"><valueString value="true"/></extension></extension><extension url="http://hl7.org/fhir/tools/StructureDefinition/ig-parameter"><extension url="code"><valueCode value="tabbed-snapshots"/></extension><extension url="value"><valueString value="true"/></extension></extension><extension url="http://hl7.org/fhir/tools/StructureDefinition/ig-parameter"><extension url="code"><valueCode value="copyrightyear"/></extension><extension url="value"><valueString value="2024+"/></extension></extension><extension url="http://hl7.org/fhir/tools/StructureDefinition/ig-parameter"><extension url="code"><valueCode value="releaselabel"/></extension><extension url="value"><valueString value="ci-build"/></extension></extension><extension url="http://hl7.org/fhir/tools/StructureDefinition/ig-parameter"><extension url="code"><valueCode value="autoload-resources"/></extension><extension url="value"><valueString value="true"/></extension></extension><extension url="http://hl7.org/fhir/tools/StructureDefinition/ig-parameter"><extension url="code"><valueCode value="path-liquid"/></extension><extension url="value"><valueString value="template/liquid"/></extension></extension><extension url="http://hl7.org/fhir/tools/StructureDefinition/ig-parameter"><extension url="code"><valueCode value="path-liquid"/></extension><extension url="value"><valueString value="input/liquid"/></extension></extension><extension url="http://hl7.org/fhir/tools/StructureDefinition/ig-parameter"><extension url="code"><valueCode value="path-qa"/></extension><extension url="value"><valueString value="temp/qa"/></extension></extension><extension url="http://hl7.org/fhir/tools/StructureDefinition/ig-parameter"><extension url="code"><valueCode value="path-temp"/></extension><extension url="value"><valueString value="temp/pages"/></extension></extension><extension url="http://hl7.org/fhir/tools/StructureDefinition/ig-parameter"><extension url="code"><valueCode value="path-output"/></extension><extension url="value"><valueString value="output"/></extension></extension><extension url="http://hl7.org/fhir/tools/StructureDefinition/ig-parameter"><extension url="code"><valueCode value="path-suppressed-warnings"/></extension><extension url="value"><valueString value="input/ignoreWarnings.txt"/></extension></extension><extension url="http://hl7.org/fhir/tools/StructureDefinition/ig-parameter"><extension url="code"><valueCode value="path-history"/></extension><extension url="value"><valueString value="https://fhir.nhs.uk/England/history.html"/></extension></extension><extension url="http://hl7.org/fhir/tools/StructureDefinition/ig-parameter"><extension url="code"><valueCode value="template-html"/></extension><extension url="value"><valueString value="template-page.html"/></extension></extension><extension url="http://hl7.org/fhir/tools/StructureDefinition/ig-parameter"><extension url="code"><valueCode value="template-md"/></extension><extension url="value"><valueString value="template-page-md.html"/></extension></extension><extension url="http://hl7.org/fhir/tools/StructureDefinition/ig-parameter"><extension url="code"><valueCode value="apply-contact"/></extension><extension url="value"><valueString value="true"/></extension></extension><extension url="http://hl7.org/fhir/tools/StructureDefinition/ig-parameter"><extension url="code"><valueCode value="apply-context"/></extension><extension url="value"><valueString value="true"/></extension></extension><extension url="http://hl7.org/fhir/tools/StructureDefinition/ig-parameter"><extension url="code"><valueCode value="apply-copyright"/></extension><extension url="value"><valueString value="true"/></extension></extension><extension url="http://hl7.org/fhir/tools/StructureDefinition/ig-parameter"><extension url="code"><valueCode value="apply-jurisdiction"/></extension><extension url="value"><valueString value="true"/></extension></extension><extension url="http://hl7.org/fhir/tools/StructureDefinition/ig-parameter"><extension url="code"><valueCode value="apply-license"/></extension><extension url="value"><valueString value="true"/></extension></extension><extension url="http://hl7.org/fhir/tools/StructureDefinition/ig-parameter"><extension url="code"><valueCode value="apply-publisher"/></extension><extension url="value"><valueString value="true"/></extension></extension><extension url="http://hl7.org/fhir/tools/StructureDefinition/ig-parameter"><extension url="code"><valueCode value="apply-version"/></extension><extension url="value"><valueString value="true"/></extension></extension><extension url="http://hl7.org/fhir/tools/StructureDefinition/ig-parameter"><extension url="code"><valueCode value="apply-wg"/></extension><extension url="value"><valueString value="true"/></extension></extension><extension url="http://hl7.org/fhir/tools/StructureDefinition/ig-parameter"><extension url="code"><valueCode value="active-tables"/></extension><extension url="value"><valueString value="true"/></extension></extension><extension url="http://hl7.org/fhir/tools/StructureDefinition/ig-parameter"><extension url="code"><valueCode value="fmm-definition"/></extension><extension url="value"><valueString value="http://hl7.org/fhir/versions.html#maturity"/></extension></extension><extension url="http://hl7.org/fhir/tools/StructureDefinition/ig-parameter"><extension url="code"><valueCode value="propagate-status"/></extension><extension url="value"><valueString value="true"/></extension></extension><extension url="http://hl7.org/fhir/tools/StructureDefinition/ig-parameter"><extension url="code"><valueCode value="excludelogbinaryformat"/></extension><extension url="value"><valueString value="true"/></extension></extension><extension url="http://hl7.org/fhir/tools/StructureDefinition/ig-parameter"><extension url="code"><valueCode value="tabbed-snapshots"/></extension><extension url="value"><valueString value="true"/></extension></extension><grouping id="-dyn-capabilitystatement"><name value="Behavior: Capability Statements"/><description value="The following artifacts define the specific capabilities that different types of systems are expected to have in order to comply with this implementation guide.  Systems conforming to this implementation guide are expected to declare conformance to one or more of the following capability statements."/></grouping><grouping id="-str-profile"><name value="Structures: Resource Profiles"/><description value="These define constraints on FHIR resources for systems conforming to this implementation guide."/></grouping><grouping id="-ex-example"><name value="Example: Example Instances"/><description value="These are example instances that show what data produced and consumed by systems conforming with this implementation guide might look like."/></grouping><grouping id="-other"><name value="Other"/><description value="These are resources that are used within this implementation guide that do not fit into one of the other categories."/></grouping><resource><extension url="http://hl7.org/fhir/tools/StructureDefinition/resource-sort"><valueInteger value="999999999"/></extension><extension url="http://hl7.org/fhir/StructureDefinition/implementationguide-page"><valueUri value="CapabilityStatement-NHS-England-APIM-Provider.html"/></extension><reference><reference value="CapabilityStatement/NHS-England-APIM-Provider"/></reference><name value="NHS England APIM Base API Definitions"/><description value="High level summary of FHIR api's used within NHS England API programmes"/><exampleBoolean value="false"/><groupingId value="-dyn-capabilitystatement"/></resource><resource><extension url="http://hl7.org/fhir/tools/StructureDefinition/resource-sort"><valueInteger value="999999999"/></extension><extension url="http://hl7.org/fhir/StructureDefinition/implementationguide-page"><valueUri value="CapabilityStatement-UKCoreAccessPatientIndexProvider.html"/></extension><reference><reference value="CapabilityStatement/UKCoreAccessPatientIndexProvider"/></reference><name value="UKCore Access Patient Index Provider"/><description value="Provider supports read-only access to a patient index for the purposes of direct care and subject of care access. &#xA;&#xA;**THIS IS A COPY FOR REFERENCE PURPOSES - ONLY USE IF HL7 UK SITE IS UNAVAILABLE**"/><exampleBoolean value="false"/><groupingId value="-dyn-capabilitystatement"/></resource><resource><extension url="http://hl7.org/fhir/tools/StructureDefinition/resource-sort"><valueInteger value="999999999"/></extension><extension url="http://hl7.org/fhir/StructureDefinition/implementationguide-page"><valueUri value="StructureDefinition-Appointment.html"/></extension><reference><reference value="StructureDefinition/Appointment"/></reference><name value="Appointment"/><description value="NHS England Appointment"/><exampleBoolean value="false"/><groupingId value="-str-profile"/></resource><resource><extension url="http://hl7.org/fhir/tools/StructureDefinition/resource-sort"><valueInteger value="999999999"/></extension><extension url="http://hl7.org/fhir/StructureDefinition/implementationguide-page"><valueUri value="StructureDefinition-DocumentReference.html"/></extension><reference><reference value="StructureDefinition/DocumentReference"/></reference><name value="DocumentReference"/><description value="NHS England DocumentReference"/><exampleBoolean value="false"/><groupingId value="-str-profile"/></resource><resource><extension url="http://hl7.org/fhir/tools/StructureDefinition/resource-sort"><valueInteger value="999999999"/></extension><extension url="http://hl7.org/fhir/StructureDefinition/implementationguide-page"><valueUri value="StructureDefinition-Endpoint.html"/></extension><reference><reference value="StructureDefinition/Endpoint"/></reference><name value="Endpoint"/><description value="NHS England Endpoint"/><exampleBoolean value="false"/><groupingId value="-str-profile"/></resource><resource><extension url="http://hl7.org/fhir/tools/StructureDefinition/resource-sort"><valueInteger value="999999999"/></extension><extension url="http://hl7.org/fhir/StructureDefinition/implementationguide-page"><valueUri value="StructureDefinition-HealthcareService.html"/></extension><reference><reference value="StructureDefinition/HealthcareService"/></reference><name value="HealthcareService"/><description value="NHS England HealthcareService"/><exampleBoolean value="false"/><groupingId value="-str-profile"/></resource><resource><extension url="http://hl7.org/fhir/tools/StructureDefinition/resource-sort"><valueInteger value="999999999"/></extension><extension url="http://hl7.org/fhir/StructureDefinition/implementationguide-page"><valueUri value="StructureDefinition-Observation.html"/></extension><reference><reference value="StructureDefinition/Observation"/></reference><name value="Observation"/><description value="NHS England Observation"/><exampleBoolean value="false"/><groupingId value="-str-profile"/></resource><resource><extension url="http://hl7.org/fhir/tools/StructureDefinition/resource-sort"><valueInteger value="999999999"/></extension><extension url="http://hl7.org/fhir/StructureDefinition/implementationguide-page"><valueUri value="StructureDefinition-Organization.html"/></extension><reference><reference value="StructureDefinition/Organization"/></reference><name value="Organization"/><description value="England Organization"/><exampleBoolean value="false"/><groupingId value="-str-profile"/></resource><resource><extension url="http://hl7.org/fhir/tools/StructureDefinition/resource-sort"><valueInteger value="999999999"/></extension><extension url="http://hl7.org/fhir/StructureDefinition/implementationguide-page"><valueUri value="StructureDefinition-OrganizationAffiliation.html"/></extension><reference><reference value="StructureDefinition/OrganizationAffiliation"/></reference><name value="OrganizationAffiliation"/><description value="England OrganizationAffiliation"/><exampleBoolean value="false"/><groupingId value="-str-profile"/></resource><resource><extension url="http://hl7.org/fhir/tools/StructureDefinition/resource-sort"><valueInteger value="999999999"/></extension><extension url="http://hl7.org/fhir/StructureDefinition/implementationguide-page"><valueUri value="StructureDefinition-Patient.html"/></extension><reference><reference value="StructureDefinition/Patient"/></reference><name value="Patient"/><description value="England Patient"/><exampleBoolean value="false"/><groupingId value="-str-profile"/></resource><resource><extension url="http://hl7.org/fhir/tools/StructureDefinition/resource-sort"><valueInteger value="999999999"/></extension><extension url="http://hl7.org/fhir/StructureDefinition/implementationguide-page"><valueUri value="StructureDefinition-PatientPDS.html"/></extension><reference><reference value="StructureDefinition/PatientPDS"/></reference><name value="PatientPDS"/><description value="NHS England Patient PDS"/><exampleBoolean value="false"/><groupingId value="-str-profile"/></resource><resource><extension url="http://hl7.org/fhir/tools/StructureDefinition/resource-sort"><valueInteger value="999999999"/></extension><extension url="http://hl7.org/fhir/StructureDefinition/implementationguide-page"><valueUri value="StructureDefinition-PatientPDSNHSNumberAllocation.html"/></extension><reference><reference value="StructureDefinition/PatientPDSNHSNumberAllocation"/></reference><name value="PatientPDSNHSNumberAllocation"/><description value="NHS England Patient PDS NHS Number Allocation - this is a mock up for elaboration purposes see [NHS Number Allocation - submit request data fields](https://nhsd-confluence.digital.nhs.uk/display/DEMGRPH/NHS+Number+Allocation+-+submit+request+data+fields)"/><exampleBoolean value="false"/><groupingId value="-str-profile"/></resource><resource><extension url="http://hl7.org/fhir/tools/StructureDefinition/resource-sort"><valueInteger value="999999999"/></extension><extension url="http://hl7.org/fhir/StructureDefinition/implementationguide-page"><valueUri value="StructureDefinition-Practitioner.html"/></extension><reference><reference value="StructureDefinition/Practitioner"/></reference><name value="Practitioner"/><description value="NHS England Practitioner"/><exampleBoolean value="false"/><groupingId value="-str-profile"/></resource><resource><extension url="http://hl7.org/fhir/tools/StructureDefinition/resource-sort"><valueInteger value="999999999"/></extension><extension url="http://hl7.org/fhir/StructureDefinition/implementationguide-page"><valueUri value="StructureDefinition-PractitionerRole.html"/></extension><reference><reference value="StructureDefinition/PractitionerRole"/></reference><name value="PractitionerRole"/><description value="NHS England PractitionerRole"/><exampleBoolean value="false"/><groupingId value="-str-profile"/></resource><resource><extension url="http://hl7.org/fhir/tools/StructureDefinition/resource-sort"><valueInteger value="999999999"/></extension><extension url="http://hl7.org/fhir/StructureDefinition/implementationguide-page"><valueUri value="StructureDefinition-RelatedPerson.html"/></extension><reference><reference value="StructureDefinition/RelatedPerson"/></reference><name value="RelatedPerson"/><description value="NHS England RelatedPerson"/><exampleBoolean value="false"/><groupingId value="-str-profile"/></resource><resource><extension url="http://hl7.org/fhir/tools/StructureDefinition/resource-sort"><valueInteger value="999999999"/></extension><extension url="http://hl7.org/fhir/StructureDefinition/implementationguide-page"><valueUri value="StructureDefinition-ServiceRequest.html"/></extension><reference><reference value="StructureDefinition/ServiceRequest"/></reference><name value="ServiceRequest"/><description value="NHS England ServiceRequest"/><exampleBoolean value="false"/><groupingId value="-str-profile"/></resource><resource><extension url="http://hl7.org/fhir/tools/StructureDefinition/resource-sort"><valueInteger value="999999999"/></extension><extension url="http://hl7.org/fhir/StructureDefinition/implementationguide-page"><valueUri value="StructureDefinition-Slot.html"/></extension><reference><reference value="StructureDefinition/Slot"/></reference><name value="Slot"/><description value="NHS England Slot"/><exampleBoolean value="false"/><groupingId value="-str-profile"/></resource><resource><extension url="http://hl7.org/fhir/tools/StructureDefinition/resource-sort"><valueInteger value="999999999"/></extension><extension url="http://hl7.org/fhir/StructureDefinition/implementationguide-page"><valueUri value="StructureDefinition-UKCore-Organization.html"/></extension><reference><reference value="StructureDefinition/UKCore-Organization"/></reference><name value="UK Core Organization"/><description value="This profile defines the UK constraints and extensions on the International FHIR resource [Organization](https://hl7.org/fhir/R4/Organization.html)."/><exampleBoolean value="false"/><groupingId value="-str-profile"/></resource><resource><extension url="http://hl7.org/fhir/tools/StructureDefinition/resource-sort"><valueInteger value="999999999"/></extension><extension url="http://hl7.org/fhir/StructureDefinition/implementationguide-page"><valueUri value="StructureDefinition-UKCore-RelatedPerson.html"/></extension><reference><reference value="StructureDefinition/UKCore-RelatedPerson"/></reference><name value="UK Core RelatedPerson"/><description value="This profile defines the UK constraints and extensions on the International FHIR resource [RelatedPerson](https://hl7.org/fhir/R4/RelatedPerson.html)."/><exampleBoolean value="false"/><groupingId value="-str-profile"/></resource><resource><extension url="http://hl7.org/fhir/tools/StructureDefinition/resource-sort"><valueInteger value="999999999"/></extension><extension url="http://hl7.org/fhir/StructureDefinition/implementationguide-page"><valueUri value="RelatedPerson-RelatedPerson-NHS-91000000009.html"/></extension><reference><reference value="RelatedPerson/RelatedPerson-NHS-91000000009"/></reference><name value="National Proxy Related Person Mother Example"/><description value="An example of a Related Person who is the mother of the subject/patient (Jane Smith)."/><exampleCanonical value="https://fhir.nhs.uk/England/StructureDefinition/RelatedPerson"/><groupingId value="-ex-example"/></resource><resource><extension url="http://hl7.org/fhir/tools/StructureDefinition/resource-sort"><valueInteger value="999999999"/></extension><extension url="http://hl7.org/fhir/StructureDefinition/implementationguide-page"><valueUri value="Patient-Patient-NHS-9459304130-Jane-Smith.html"/></extension><reference><reference value="Patient/Patient-NHS-9459304130-Jane-Smith"/></reference><name value="Patient-NHS-9459304130-Jane-Smith"/><exampleCanonical value="https://fhir.nhs.uk/England/StructureDefinition/Patient"/><groupingId value="-ex-example"/></resource><resource><extension url="http://hl7.org/fhir/tools/StructureDefinition/resource-sort"><valueInteger value="999999999"/></extension><extension url="http://hl7.org/fhir/StructureDefinition/implementationguide-page"><valueUri value="Patient-Patient-NHS-9912003814-Michael-SMITHIES.html"/></extension><reference><reference value="Patient/Patient-NHS-9912003814-Michael-SMITHIES"/></reference><name value="Patient-NHS-9912003814-Michael-SMITHIES"/><exampleCanonical value="https://fhir.nhs.uk/England/StructureDefinition/Patient"/><groupingId value="-ex-example"/></resource><resource><extension url="http://hl7.org/fhir/tools/StructureDefinition/resource-sort"><valueInteger value="999999999"/></extension><extension url="http://hl7.org/fhir/StructureDefinition/implementationguide-page"><valueUri value="Patient-Patient-PDS-NHS-9000000017-Jayne-Smith.html"/></extension><reference><reference value="Patient/Patient-PDS-NHS-9000000017-Jayne-Smith"/></reference><name value="Patient-PDS-NHS-9000000017-Jayne-Smith"/><exampleCanonical value="https://fhir.nhs.uk/England/StructureDefinition/PatientPDS"/><groupingId value="-ex-example"/></resource><resource><extension url="http://hl7.org/fhir/tools/StructureDefinition/resource-sort"><valueInteger value="999999999"/></extension><extension url="http://hl7.org/fhir/StructureDefinition/implementationguide-page"><valueUri value="Questionnaire-Questionnaire-Proxy-Access-Request.html"/></extension><reference><reference value="Questionnaire/Questionnaire-Proxy-Access-Request"/></reference><name value="Proxy Access Request Form"/><exampleBoolean value="true"/><groupingId value="-ex-example"/></resource><resource><extension url="http://hl7.org/fhir/tools/StructureDefinition/resource-sort"><valueInteger value="999999999"/></extension><extension url="http://hl7.org/fhir/StructureDefinition/implementationguide-page"><valueUri value="RelatedPerson-RelatedPerson-NHS-9449304130-Jane-Smith.html"/></extension><reference><reference value="RelatedPerson/RelatedPerson-NHS-9449304130-Jane-Smith"/></reference><name value="RelatedPerson-NHS-9449304130-Jane-Smith"/><exampleCanonical value="https://fhir.nhs.uk/England/StructureDefinition/RelatedPerson"/><groupingId value="-ex-example"/></resource><resource><extension url="http://hl7.org/fhir/tools/StructureDefinition/resource-sort"><valueInteger value="999999999"/></extension><extension url="http://hl7.org/fhir/StructureDefinition/implementationguide-page"><valueUri value="RelatedPerson-RelatedPerson-PDS-NHS-90000000009-Jane-Smith.html"/></extension><reference><reference value="RelatedPerson/RelatedPerson-PDS-NHS-90000000009-Jane-Smith"/></reference><name value="RelatedPerson-PDS-NHS-90000000009-Jane-Smith"/><exampleCanonical value="https://fhir.nhs.uk/England/StructureDefinition/RelatedPerson"/><groupingId value="-ex-example"/></resource><resource><extension url="http://hl7.org/fhir/tools/StructureDefinition/resource-sort"><valueInteger value="999999999"/></extension><extension url="http://hl7.org/fhir/StructureDefinition/implementationguide-page"><valueUri value="Bundle-h1.html"/></extension><reference><reference value="Bundle/h1"/></reference><name value="null (Bundle)"/><groupingId value="-other"/></resource><page><extension url="http://hl7.org/fhir/tools/StructureDefinition/ig-page-name"><valueUrl value="toc.html"/></extension><nameUrl value="toc.html"/><title value="Table of Contents"/><generation value="html"/><page><extension url="http://hl7.org/fhir/tools/StructureDefinition/ig-page-name"><valueUrl value="index.html"/></extension><nameUrl value="index.html"/><title value="Home"/><generation value="markdown"/></page><page><extension url="http://hl7.org/fhir/tools/StructureDefinition/ig-page-name"><valueUrl value="administration-module.html"/></extension><nameUrl value="administration-module.html"/><title value="Administration Module"/><generation value="markdown"/></page><page><extension url="http://hl7.org/fhir/tools/StructureDefinition/ig-page-name"><valueUrl value="background.html"/></extension><nameUrl value="background.html"/><title value="Background"/><generation value="markdown"/></page><page><extension url="http://hl7.org/fhir/tools/StructureDefinition/ig-page-name"><valueUrl value="changes.html"/></extension><nameUrl value="changes.html"/><title value="Changes"/><generation value="html"/></page><page><extension url="http://hl7.org/fhir/tools/StructureDefinition/ig-page-name"><valueUrl value="clinical-module.html"/></extension><nameUrl value="clinical-module.html"/><title value="Clinical Module"/><generation value="markdown"/></page><page><extension url="http://hl7.org/fhir/tools/StructureDefinition/ig-page-name"><valueUrl value="diagnostics-module.html"/></extension><nameUrl value="diagnostics-module.html"/><title value="Diagnostics Module"/><generation value="markdown"/></page><page><extension url="http://hl7.org/fhir/tools/StructureDefinition/ig-page-name"><valueUrl value="documents-module.html"/></extension><nameUrl value="documents-module.html"/><title value="Documents Module"/><generation value="markdown"/></page><page><extension url="http://hl7.org/fhir/tools/StructureDefinition/ig-page-name"><valueUrl value="downloads.html"/></extension><nameUrl value="downloads.html"/><title value="Downloads"/><generation value="html"/></page><page><extension url="http://hl7.org/fhir/tools/StructureDefinition/ig-page-name"><valueUrl value="interoperability-standards.html"/></extension><nameUrl value="interoperability-standards.html"/><title value="Interoperability Standards"/><generation value="markdown"/></page><page><extension url="http://hl7.org/fhir/tools/StructureDefinition/ig-page-name"><valueUrl value="medications-module.html"/></extension><nameUrl value="medications-module.html"/><title value="Medications Module"/><generation value="markdown"/></page><page><extension url="http://hl7.org/fhir/tools/StructureDefinition/ig-page-name"><valueUrl value="multicast-notification-service.html"/></extension><nameUrl value="multicast-notification-service.html"/><title value="Multicast Notification Service"/><generation value="markdown"/></page><page><extension url="http://hl7.org/fhir/tools/StructureDefinition/ig-page-name"><valueUrl value="national-proxy-service.html"/></extension><nameUrl value="national-proxy-service.html"/><title value="National Proxy Service"/><generation value="markdown"/></page><page><extension url="http://hl7.org/fhir/tools/StructureDefinition/ig-page-name"><valueUrl value="personal-demographics-service.html"/></extension><nameUrl value="personal-demographics-service.html"/><title value="Personal Demographics Service"/><generation value="markdown"/></page><page><extension url="http://hl7.org/fhir/tools/StructureDefinition/ig-page-name"><valueUrl value="restful-api.html"/></extension><nameUrl value="restful-api.html"/><title value="Restful Api"/><generation value="markdown"/></page><page><extension url="http://hl7.org/fhir/tools/StructureDefinition/ig-page-name"><valueUrl value="structured-data-capture.html"/></extension><nameUrl value="structured-data-capture.html"/><title value="Structured Data Capture"/><generation value="markdown"/></page><page><extension url="http://hl7.org/fhir/tools/StructureDefinition/ig-page-name"><valueUrl value="testing.html"/></extension><nameUrl value="testing.html"/><title value="Testing"/><generation value="markdown"/></page><page><extension url="http://hl7.org/fhir/tools/StructureDefinition/ig-page-name"><valueUrl value="validation.html"/></extension><nameUrl value="validation.html"/><title value="Validation"/><generation value="markdown"/></page><page><extension url="http://hl7.org/fhir/tools/StructureDefinition/ig-page-name"><valueUrl value="workflow.html"/></extension><nameUrl value="workflow.html"/><title value="Workflow"/><generation value="markdown"/></page><page><extension url="http://hl7.org/fhir/tools/StructureDefinition/ig-page-name"><valueUrl value="artifacts.html"/></extension><nameUrl value="artifacts.html"/><title value="Artifacts Summary"/><generation value="html"/><page><extension url="http://hl7.org/fhir/tools/StructureDefinition/ig-page-name"><valueUrl value="CapabilityStatement-NHS-England-APIM-Provider.html"/></extension><nameUrl value="CapabilityStatement-NHS-England-APIM-Provider.html"/><title value="NHS England APIM Base API Definitions"/><generation value="generated"/></page><page><extension url="http://hl7.org/fhir/tools/StructureDefinition/ig-page-name"><valueUrl value="CapabilityStatement-UKCoreAccessPatientIndexProvider.html"/></extension><nameUrl value="CapabilityStatement-UKCoreAccessPatientIndexProvider.html"/><title value="UKCore Access Patient Index Provider"/><generation value="generated"/></page><page><extension url="http://hl7.org/fhir/tools/StructureDefinition/ig-page-name"><valueUrl value="StructureDefinition-Appointment.html"/></extension><nameUrl value="StructureDefinition-Appointment.html"/><title value="Appointment"/><generation value="generated"/></page><page><extension url="http://hl7.org/fhir/tools/StructureDefinition/ig-page-name"><valueUrl value="StructureDefinition-DocumentReference.html"/></extension><nameUrl value="StructureDefinition-DocumentReference.html"/><title value="DocumentReference"/><generation value="generated"/></page><page><extension url="http://hl7.org/fhir/tools/StructureDefinition/ig-page-name"><valueUrl value="StructureDefinition-Endpoint.html"/></extension><nameUrl value="StructureDefinition-Endpoint.html"/><title value="Endpoint"/><generation value="generated"/></page><page><extension url="http://hl7.org/fhir/tools/StructureDefinition/ig-page-name"><valueUrl value="StructureDefinition-HealthcareService.html"/></extension><nameUrl value="StructureDefinition-HealthcareService.html"/><title value="HealthcareService"/><generation value="generated"/></page><page><extension url="http://hl7.org/fhir/tools/StructureDefinition/ig-page-name"><valueUrl value="StructureDefinition-Observation.html"/></extension><nameUrl value="StructureDefinition-Observation.html"/><title value="Observation"/><generation value="generated"/></page><page><extension url="http://hl7.org/fhir/tools/StructureDefinition/ig-page-name"><valueUrl value="StructureDefinition-Organization.html"/></extension><nameUrl value="StructureDefinition-Organization.html"/><title value="Organization"/><generation value="generated"/></page><page><extension url="http://hl7.org/fhir/tools/StructureDefinition/ig-page-name"><valueUrl value="StructureDefinition-OrganizationAffiliation.html"/></extension><nameUrl value="StructureDefinition-OrganizationAffiliation.html"/><title value="OrganizationAffiliation"/><generation value="generated"/></page><page><extension url="http://hl7.org/fhir/tools/StructureDefinition/ig-page-name"><valueUrl value="StructureDefinition-Patient.html"/></extension><nameUrl value="StructureDefinition-Patient.html"/><title value="Patient"/><generation value="generated"/></page><page><extension url="http://hl7.org/fhir/tools/StructureDefinition/ig-page-name"><valueUrl value="StructureDefinition-PatientPDS.html"/></extension><nameUrl value="StructureDefinition-PatientPDS.html"/><title value="PatientPDS"/><generation value="generated"/></page><page><extension url="http://hl7.org/fhir/tools/StructureDefinition/ig-page-name"><valueUrl value="StructureDefinition-PatientPDSNHSNumberAllocation.html"/></extension><nameUrl value="StructureDefinition-PatientPDSNHSNumberAllocation.html"/><title value="PatientPDSNHSNumberAllocation"/><generation value="generated"/></page><page><extension url="http://hl7.org/fhir/tools/StructureDefinition/ig-page-name"><valueUrl value="StructureDefinition-Practitioner.html"/></extension><nameUrl value="StructureDefinition-Practitioner.html"/><title value="Practitioner"/><generation value="generated"/></page><page><extension url="http://hl7.org/fhir/tools/StructureDefinition/ig-page-name"><valueUrl value="StructureDefinition-PractitionerRole.html"/></extension><nameUrl value="StructureDefinition-PractitionerRole.html"/><title value="PractitionerRole"/><generation value="generated"/></page><page><extension url="http://hl7.org/fhir/tools/StructureDefinition/ig-page-name"><valueUrl value="StructureDefinition-RelatedPerson.html"/></extension><nameUrl value="StructureDefinition-RelatedPerson.html"/><title value="RelatedPerson"/><generation value="generated"/></page><page><extension url="http://hl7.org/fhir/tools/StructureDefinition/ig-page-name"><valueUrl value="StructureDefinition-ServiceRequest.html"/></extension><nameUrl value="StructureDefinition-ServiceRequest.html"/><title value="ServiceRequest"/><generation value="generated"/></page><page><extension url="http://hl7.org/fhir/tools/StructureDefinition/ig-page-name"><valueUrl value="StructureDefinition-Slot.html"/></extension><nameUrl value="StructureDefinition-Slot.html"/><title value="Slot"/><generation value="generated"/></page><page><extension url="http://hl7.org/fhir/tools/StructureDefinition/ig-page-name"><valueUrl value="StructureDefinition-UKCore-Organization.html"/></extension><nameUrl value="StructureDefinition-UKCore-Organization.html"/><title value="UK Core Organization"/><generation value="generated"/></page><page><extension url="http://hl7.org/fhir/tools/StructureDefinition/ig-page-name"><valueUrl value="StructureDefinition-UKCore-RelatedPerson.html"/></extension><nameUrl value="StructureDefinition-UKCore-RelatedPerson.html"/><title value="UK Core RelatedPerson"/><generation value="generated"/></page><page><extension url="http://hl7.org/fhir/tools/StructureDefinition/ig-page-name"><valueUrl value="RelatedPerson-RelatedPerson-NHS-91000000009.html"/></extension><nameUrl value="RelatedPerson-RelatedPerson-NHS-91000000009.html"/><title value="National Proxy Related Person Mother Example"/><generation value="generated"/></page><page><extension url="http://hl7.org/fhir/tools/StructureDefinition/ig-page-name"><valueUrl value="Patient-Patient-NHS-9459304130-Jane-Smith.html"/></extension><nameUrl value="Patient-Patient-NHS-9459304130-Jane-Smith.html"/><title value="Patient-NHS-9459304130-Jane-Smith"/><generation value="generated"/></page><page><extension url="http://hl7.org/fhir/tools/StructureDefinition/ig-page-name"><valueUrl value="Patient-Patient-NHS-9912003814-Michael-SMITHIES.html"/></extension><nameUrl value="Patient-Patient-NHS-9912003814-Michael-SMITHIES.html"/><title value="Patient-NHS-9912003814-Michael-SMITHIES"/><generation value="generated"/></page><page><extension url="http://hl7.org/fhir/tools/StructureDefinition/ig-page-name"><valueUrl value="Patient-Patient-PDS-NHS-9000000017-Jayne-Smith.html"/></extension><nameUrl value="Patient-Patient-PDS-NHS-9000000017-Jayne-Smith.html"/><title value="Patient-PDS-NHS-9000000017-Jayne-Smith"/><generation value="generated"/></page><page><extension url="http://hl7.org/fhir/tools/StructureDefinition/ig-page-name"><valueUrl value="Questionnaire-Questionnaire-Proxy-Access-Request.html"/></extension><nameUrl value="Questionnaire-Questionnaire-Proxy-Access-Request.html"/><title value="Proxy Access Request Form"/><generation value="generated"/></page><page><extension url="http://hl7.org/fhir/tools/StructureDefinition/ig-page-name"><valueUrl value="RelatedPerson-RelatedPerson-NHS-9449304130-Jane-Smith.html"/></extension><nameUrl value="RelatedPerson-RelatedPerson-NHS-9449304130-Jane-Smith.html"/><title value="RelatedPerson-NHS-9449304130-Jane-Smith"/><generation value="generated"/></page><page><extension url="http://hl7.org/fhir/tools/StructureDefinition/ig-page-name"><valueUrl value="RelatedPerson-RelatedPerson-PDS-NHS-90000000009-Jane-Smith.html"/></extension><nameUrl value="RelatedPerson-RelatedPerson-PDS-NHS-90000000009-Jane-Smith.html"/><title value="RelatedPerson-PDS-NHS-90000000009-Jane-Smith"/><generation value="generated"/></page><page><extension url="http://hl7.org/fhir/tools/StructureDefinition/ig-page-name"><valueUrl value="Bundle-h1.html"/></extension><nameUrl value="Bundle-h1.html"/><title value="null (Bundle)"/><generation value="generated"/></page></page></page><parameter><code value="path-resource"/><value value="input/capabilities"/></parameter><parameter><code value="path-resource"/><value value="input/examples"/></parameter><parameter><code value="path-resource"/><value value="input/extensions"/></parameter><parameter><code value="path-resource"/><value value="input/models"/></parameter><parameter><code value="path-resource"/><value value="input/operations"/></parameter><parameter><code value="path-resource"/><value value="input/profiles"/></parameter><parameter><code value="path-resource"/><value value="input/resources"/></parameter><parameter><code value="path-resource"/><value value="input/vocabulary"/></parameter><parameter><code value="path-resource"/><value value="input/maps"/></parameter><parameter><code value="path-resource"/><value value="input/testing"/></parameter><parameter><code value="path-resource"/><value value="input/history"/></parameter><parameter><code value="path-resource"/><value value="fsh-generated/resources"/></parameter><parameter><code value="path-pages"/><value value="template/config"/></parameter><parameter><code value="path-pages"/><value value="input/images"/></parameter><parameter><code value="path-tx-cache"/><value value="input-cache/txcache"/></parameter></definition></ImplementationGuide>