<?xml version="1.0" encoding="UTF-8"?><ImplementationGuide xmlns="http://hl7.org/fhir"><id value="uk.nhs.england.administration"/><text><status value="extensions"/><div xmlns="http://www.w3.org/1999/xhtml"><h2>NHSEnglandInteroperabilitySkunkworks</h2><p>The official URL for this implementation guide is: </p><pre>https://fhir.nhs.uk/England/ImplementationGuide/uk.nhs.england.administration</pre></div></text><url value="https://fhir.nhs.uk/England/ImplementationGuide/uk.nhs.england.administration"/><version value="0.0.1"/><name value="NHSEnglandInteroperabilitySkunkworks"/><title value="Health Administration Interoperability Standards - Skunkworks"/><status value="draft"/><date value="2024-03-28T15:35:10+00:00"/><publisher value="NHS England"/><contact><name value="NHS England"/><telecom><system value="url"/><value value="https://www.england.nhs.uk/"/></telecom></contact><jurisdiction><coding><system value="urn:iso:std:iso:3166"/><code value="GB-ENG"/><display value="England"/></coding></jurisdiction><packageId value="uk.nhs.england.administration"/><license value="Apache-2.0"/><fhirVersion value="4.0.1"/><dependsOn id="hl7tx"><extension url="http://hl7.org/fhir/tools/StructureDefinition/implementationguide-dependency-comment"><valueMarkdown value="Automatically added as a dependency - all IGs depend on HL7 Terminology"/></extension><uri value="http://terminology.hl7.org/ImplementationGuide/hl7.terminology"/><packageId value="hl7.terminology.r4"/><version value="5.3.0"/></dependsOn><dependsOn id="hl7ext"><extension url="http://hl7.org/fhir/tools/StructureDefinition/implementationguide-dependency-comment"><valueMarkdown value="Automatically added as a dependency - all IGs depend on the HL7 Extension Pack"/></extension><uri value="http://hl7.org/fhir/extensions/ImplementationGuide/hl7.fhir.uv.extensions"/><packageId value="hl7.fhir.uv.extensions.r4"/><version value="1.0.0"/></dependsOn><dependsOn id="fhir_r4_ukcore_stu3_currentbuild"><uri value="https://simplifier.net/guide/ukcoreversionhistory"/><packageId value="fhir.r4.ukcore.stu3.currentbuild"/><version value="0.0.6-pre-release"/></dependsOn><dependsOn id="fhir_r4_nhsengland_stu1"><uri value="https://simplifier.net/guide/nhs-england-implementation-guide-version-history"/><packageId value="fhir.r4.nhsengland.stu1"/><version value="1.1.0"/></dependsOn><dependsOn id="hl7_fhir_uv_sdc"><uri value="http://hl7.org/fhir/uv/sdc/ImplementationGuide/hl7.fhir.uv.sdc"/><packageId value="hl7.fhir.uv.sdc"/><version value="3.0.0"/></dependsOn><dependsOn id="ihe_iti_pcf"><uri value="https://profiles.ihe.net/ITI/PCF/ImplementationGuide/ihe.iti.pcf"/><packageId value="ihe.iti.pcf"/><version value="1.0.0"/></dependsOn><dependsOn id="hl7_fhir_uv_subscriptions_backport_r4"><uri value="http://hl7.org/fhir/uv/subscriptions-backport/ImplementationGuide/hl7.fhir.uv.subscriptions-backport"/><packageId value="hl7.fhir.uv.subscriptions-backport.r4"/><version value="1.1.x"/></dependsOn><definition><extension url="http://hl7.org/fhir/tools/StructureDefinition/ig-parameter"><extension url="code"><valueString value="copyrightyear"/></extension><extension url="value"><valueString value="2024+"/></extension></extension><extension url="http://hl7.org/fhir/tools/StructureDefinition/ig-parameter"><extension url="code"><valueString value="releaselabel"/></extension><extension url="value"><valueString value="ci-build"/></extension></extension><extension url="http://hl7.org/fhir/tools/StructureDefinition/ig-parameter"><extension url="code"><valueString value="autoload-resources"/></extension><extension url="value"><valueString value="true"/></extension></extension><extension url="http://hl7.org/fhir/tools/StructureDefinition/ig-parameter"><extension url="code"><valueString value="path-liquid"/></extension><extension url="value"><valueString value="template/liquid"/></extension></extension><extension url="http://hl7.org/fhir/tools/StructureDefinition/ig-parameter"><extension url="code"><valueString value="path-liquid"/></extension><extension url="value"><valueString value="input/liquid"/></extension></extension><extension url="http://hl7.org/fhir/tools/StructureDefinition/ig-parameter"><extension url="code"><valueString value="path-qa"/></extension><extension url="value"><valueString value="temp/qa"/></extension></extension><extension url="http://hl7.org/fhir/tools/StructureDefinition/ig-parameter"><extension url="code"><valueString value="path-temp"/></extension><extension url="value"><valueString value="temp/pages"/></extension></extension><extension url="http://hl7.org/fhir/tools/StructureDefinition/ig-parameter"><extension url="code"><valueString value="path-output"/></extension><extension url="value"><valueString value="output"/></extension></extension><extension url="http://hl7.org/fhir/tools/StructureDefinition/ig-parameter"><extension url="code"><valueString value="path-suppressed-warnings"/></extension><extension url="value"><valueString value="input/ignoreWarnings.txt"/></extension></extension><extension url="http://hl7.org/fhir/tools/StructureDefinition/ig-parameter"><extension url="code"><valueString value="path-history"/></extension><extension url="value"><valueString value="https://fhir.nhs.uk/England/history.html"/></extension></extension><extension url="http://hl7.org/fhir/tools/StructureDefinition/ig-parameter"><extension url="code"><valueString value="template-html"/></extension><extension url="value"><valueString value="template-page.html"/></extension></extension><extension url="http://hl7.org/fhir/tools/StructureDefinition/ig-parameter"><extension url="code"><valueString value="template-md"/></extension><extension url="value"><valueString value="template-page-md.html"/></extension></extension><extension url="http://hl7.org/fhir/tools/StructureDefinition/ig-parameter"><extension url="code"><valueString value="apply-contact"/></extension><extension url="value"><valueString value="true"/></extension></extension><extension url="http://hl7.org/fhir/tools/StructureDefinition/ig-parameter"><extension url="code"><valueString value="apply-context"/></extension><extension url="value"><valueString value="true"/></extension></extension><extension url="http://hl7.org/fhir/tools/StructureDefinition/ig-parameter"><extension url="code"><valueString value="apply-copyright"/></extension><extension url="value"><valueString value="true"/></extension></extension><extension url="http://hl7.org/fhir/tools/StructureDefinition/ig-parameter"><extension url="code"><valueString value="apply-jurisdiction"/></extension><extension url="value"><valueString value="true"/></extension></extension><extension url="http://hl7.org/fhir/tools/StructureDefinition/ig-parameter"><extension url="code"><valueString value="apply-license"/></extension><extension url="value"><valueString value="true"/></extension></extension><extension url="http://hl7.org/fhir/tools/StructureDefinition/ig-parameter"><extension url="code"><valueString value="apply-publisher"/></extension><extension url="value"><valueString value="true"/></extension></extension><extension url="http://hl7.org/fhir/tools/StructureDefinition/ig-parameter"><extension url="code"><valueString value="apply-version"/></extension><extension url="value"><valueString value="true"/></extension></extension><extension url="http://hl7.org/fhir/tools/StructureDefinition/ig-parameter"><extension url="code"><valueString value="apply-wg"/></extension><extension url="value"><valueString value="true"/></extension></extension><extension url="http://hl7.org/fhir/tools/StructureDefinition/ig-parameter"><extension url="code"><valueString value="active-tables"/></extension><extension url="value"><valueString value="true"/></extension></extension><extension url="http://hl7.org/fhir/tools/StructureDefinition/ig-parameter"><extension url="code"><valueString value="fmm-definition"/></extension><extension url="value"><valueString value="http://hl7.org/fhir/versions.html#maturity"/></extension></extension><extension url="http://hl7.org/fhir/tools/StructureDefinition/ig-parameter"><extension url="code"><valueString value="propagate-status"/></extension><extension url="value"><valueString value="true"/></extension></extension><extension url="http://hl7.org/fhir/tools/StructureDefinition/ig-parameter"><extension url="code"><valueString value="excludelogbinaryformat"/></extension><extension url="value"><valueString value="true"/></extension></extension><extension url="http://hl7.org/fhir/tools/StructureDefinition/ig-parameter"><extension url="code"><valueString value="tabbed-snapshots"/></extension><extension url="value"><valueString value="true"/></extension></extension><extension url="http://hl7.org/fhir/tools/StructureDefinition/ig-internal-dependency"><valueCode value="hl7.fhir.uv.tools#0.1.0"/></extension><extension url="http://hl7.org/fhir/tools/StructureDefinition/ig-parameter"><extension url="code"><valueCode value="copyrightyear"/></extension><extension url="value"><valueString value="2024+"/></extension></extension><extension url="http://hl7.org/fhir/tools/StructureDefinition/ig-parameter"><extension url="code"><valueCode value="releaselabel"/></extension><extension url="value"><valueString value="ci-build"/></extension></extension><extension url="http://hl7.org/fhir/tools/StructureDefinition/ig-parameter"><extension url="code"><valueCode value="autoload-resources"/></extension><extension url="value"><valueString value="true"/></extension></extension><extension url="http://hl7.org/fhir/tools/StructureDefinition/ig-parameter"><extension url="code"><valueCode value="path-liquid"/></extension><extension url="value"><valueString value="template/liquid"/></extension></extension><extension url="http://hl7.org/fhir/tools/StructureDefinition/ig-parameter"><extension url="code"><valueCode value="path-liquid"/></extension><extension url="value"><valueString value="input/liquid"/></extension></extension><extension url="http://hl7.org/fhir/tools/StructureDefinition/ig-parameter"><extension url="code"><valueCode value="path-qa"/></extension><extension url="value"><valueString value="temp/qa"/></extension></extension><extension url="http://hl7.org/fhir/tools/StructureDefinition/ig-parameter"><extension url="code"><valueCode value="path-temp"/></extension><extension url="value"><valueString value="temp/pages"/></extension></extension><extension url="http://hl7.org/fhir/tools/StructureDefinition/ig-parameter"><extension url="code"><valueCode value="path-output"/></extension><extension url="value"><valueString value="output"/></extension></extension><extension url="http://hl7.org/fhir/tools/StructureDefinition/ig-parameter"><extension url="code"><valueCode value="path-suppressed-warnings"/></extension><extension url="value"><valueString value="input/ignoreWarnings.txt"/></extension></extension><extension url="http://hl7.org/fhir/tools/StructureDefinition/ig-parameter"><extension url="code"><valueCode value="path-history"/></extension><extension url="value"><valueString value="https://fhir.nhs.uk/England/history.html"/></extension></extension><extension url="http://hl7.org/fhir/tools/StructureDefinition/ig-parameter"><extension url="code"><valueCode value="template-html"/></extension><extension url="value"><valueString value="template-page.html"/></extension></extension><extension url="http://hl7.org/fhir/tools/StructureDefinition/ig-parameter"><extension url="code"><valueCode value="template-md"/></extension><extension url="value"><valueString value="template-page-md.html"/></extension></extension><extension url="http://hl7.org/fhir/tools/StructureDefinition/ig-parameter"><extension url="code"><valueCode value="apply-contact"/></extension><extension url="value"><valueString value="true"/></extension></extension><extension url="http://hl7.org/fhir/tools/StructureDefinition/ig-parameter"><extension url="code"><valueCode value="apply-context"/></extension><extension url="value"><valueString value="true"/></extension></extension><extension url="http://hl7.org/fhir/tools/StructureDefinition/ig-parameter"><extension url="code"><valueCode value="apply-copyright"/></extension><extension url="value"><valueString value="true"/></extension></extension><extension url="http://hl7.org/fhir/tools/StructureDefinition/ig-parameter"><extension url="code"><valueCode value="apply-jurisdiction"/></extension><extension url="value"><valueString value="true"/></extension></extension><extension url="http://hl7.org/fhir/tools/StructureDefinition/ig-parameter"><extension url="code"><valueCode value="apply-license"/></extension><extension url="value"><valueString value="true"/></extension></extension><extension url="http://hl7.org/fhir/tools/StructureDefinition/ig-parameter"><extension url="code"><valueCode value="apply-publisher"/></extension><extension url="value"><valueString value="true"/></extension></extension><extension url="http://hl7.org/fhir/tools/StructureDefinition/ig-parameter"><extension url="code"><valueCode value="apply-version"/></extension><extension url="value"><valueString value="true"/></extension></extension><extension url="http://hl7.org/fhir/tools/StructureDefinition/ig-parameter"><extension url="code"><valueCode value="apply-wg"/></extension><extension url="value"><valueString value="true"/></extension></extension><extension url="http://hl7.org/fhir/tools/StructureDefinition/ig-parameter"><extension url="code"><valueCode value="active-tables"/></extension><extension url="value"><valueString value="true"/></extension></extension><extension url="http://hl7.org/fhir/tools/StructureDefinition/ig-parameter"><extension url="code"><valueCode value="fmm-definition"/></extension><extension url="value"><valueString value="http://hl7.org/fhir/versions.html#maturity"/></extension></extension><extension url="http://hl7.org/fhir/tools/StructureDefinition/ig-parameter"><extension url="code"><valueCode value="propagate-status"/></extension><extension url="value"><valueString value="true"/></extension></extension><extension url="http://hl7.org/fhir/tools/StructureDefinition/ig-parameter"><extension url="code"><valueCode value="excludelogbinaryformat"/></extension><extension url="value"><valueString value="true"/></extension></extension><extension url="http://hl7.org/fhir/tools/StructureDefinition/ig-parameter"><extension url="code"><valueCode value="tabbed-snapshots"/></extension><extension url="value"><valueString value="true"/></extension></extension><extension url="http://hl7.org/fhir/tools/StructureDefinition/ig-parameter"><extension url="code"><valueCode value="copyrightyear"/></extension><extension url="value"><valueString value="2024+"/></extension></extension><extension url="http://hl7.org/fhir/tools/StructureDefinition/ig-parameter"><extension url="code"><valueCode value="releaselabel"/></extension><extension url="value"><valueString value="ci-build"/></extension></extension><extension url="http://hl7.org/fhir/tools/StructureDefinition/ig-parameter"><extension url="code"><valueCode value="autoload-resources"/></extension><extension url="value"><valueString value="true"/></extension></extension><extension url="http://hl7.org/fhir/tools/StructureDefinition/ig-parameter"><extension url="code"><valueCode value="path-liquid"/></extension><extension url="value"><valueString value="template/liquid"/></extension></extension><extension url="http://hl7.org/fhir/tools/StructureDefinition/ig-parameter"><extension url="code"><valueCode value="path-liquid"/></extension><extension url="value"><valueString value="input/liquid"/></extension></extension><extension url="http://hl7.org/fhir/tools/StructureDefinition/ig-parameter"><extension url="code"><valueCode value="path-qa"/></extension><extension url="value"><valueString value="temp/qa"/></extension></extension><extension url="http://hl7.org/fhir/tools/StructureDefinition/ig-parameter"><extension url="code"><valueCode value="path-temp"/></extension><extension url="value"><valueString value="temp/pages"/></extension></extension><extension url="http://hl7.org/fhir/tools/StructureDefinition/ig-parameter"><extension url="code"><valueCode value="path-output"/></extension><extension url="value"><valueString value="output"/></extension></extension><extension url="http://hl7.org/fhir/tools/StructureDefinition/ig-parameter"><extension url="code"><valueCode value="path-suppressed-warnings"/></extension><extension url="value"><valueString value="input/ignoreWarnings.txt"/></extension></extension><extension url="http://hl7.org/fhir/tools/StructureDefinition/ig-parameter"><extension url="code"><valueCode value="path-history"/></extension><extension url="value"><valueString value="https://fhir.nhs.uk/England/history.html"/></extension></extension><extension url="http://hl7.org/fhir/tools/StructureDefinition/ig-parameter"><extension url="code"><valueCode value="template-html"/></extension><extension url="value"><valueString value="template-page.html"/></extension></extension><extension url="http://hl7.org/fhir/tools/StructureDefinition/ig-parameter"><extension url="code"><valueCode value="template-md"/></extension><extension url="value"><valueString value="template-page-md.html"/></extension></extension><extension url="http://hl7.org/fhir/tools/StructureDefinition/ig-parameter"><extension url="code"><valueCode value="apply-contact"/></extension><extension url="value"><valueString value="true"/></extension></extension><extension url="http://hl7.org/fhir/tools/StructureDefinition/ig-parameter"><extension url="code"><valueCode value="apply-context"/></extension><extension url="value"><valueString value="true"/></extension></extension><extension url="http://hl7.org/fhir/tools/StructureDefinition/ig-parameter"><extension url="code"><valueCode value="apply-copyright"/></extension><extension url="value"><valueString value="true"/></extension></extension><extension url="http://hl7.org/fhir/tools/StructureDefinition/ig-parameter"><extension url="code"><valueCode value="apply-jurisdiction"/></extension><extension url="value"><valueString value="true"/></extension></extension><extension url="http://hl7.org/fhir/tools/StructureDefinition/ig-parameter"><extension url="code"><valueCode value="apply-license"/></extension><extension url="value"><valueString value="true"/></extension></extension><extension url="http://hl7.org/fhir/tools/StructureDefinition/ig-parameter"><extension url="code"><valueCode value="apply-publisher"/></extension><extension url="value"><valueString value="true"/></extension></extension><extension url="http://hl7.org/fhir/tools/StructureDefinition/ig-parameter"><extension url="code"><valueCode value="apply-version"/></extension><extension url="value"><valueString value="true"/></extension></extension><extension url="http://hl7.org/fhir/tools/StructureDefinition/ig-parameter"><extension url="code"><valueCode value="apply-wg"/></extension><extension url="value"><valueString value="true"/></extension></extension><extension url="http://hl7.org/fhir/tools/StructureDefinition/ig-parameter"><extension url="code"><valueCode value="active-tables"/></extension><extension url="value"><valueString value="true"/></extension></extension><extension url="http://hl7.org/fhir/tools/StructureDefinition/ig-parameter"><extension url="code"><valueCode value="fmm-definition"/></extension><extension url="value"><valueString value="http://hl7.org/fhir/versions.html#maturity"/></extension></extension><extension url="http://hl7.org/fhir/tools/StructureDefinition/ig-parameter"><extension url="code"><valueCode value="propagate-status"/></extension><extension url="value"><valueString value="true"/></extension></extension><extension url="http://hl7.org/fhir/tools/StructureDefinition/ig-parameter"><extension url="code"><valueCode value="excludelogbinaryformat"/></extension><extension url="value"><valueString value="true"/></extension></extension><extension url="http://hl7.org/fhir/tools/StructureDefinition/ig-parameter"><extension url="code"><valueCode value="tabbed-snapshots"/></extension><extension url="value"><valueString value="true"/></extension></extension><grouping id="-dyn-capabilitystatement"><name value="Behavior: Capability Statements"/><description value="The following artifacts define the specific capabilities that different types of systems are expected to have in order to comply with this implementation guide.  Systems conforming to this implementation guide are expected to declare conformance to one or more of the following capability statements."/></grouping><grouping id="-str-questionnaire"><name value="Structures: Questionnaires"/><description value="These define forms used by systems conforming to this implementation guide to capture or expose data to end users."/></grouping><grouping id="-str-profile"><name value="Structures: Resource Profiles"/><description value="These define constraints on FHIR resources for systems conforming to this implementation guide."/></grouping><grouping id="-str-extension"><name value="Structures: Extension Definitions"/><description value="These define constraints on FHIR data types for systems conforming to this implementation guide."/></grouping><grouping id="-term-valueset"><name value="Terminology: Value Sets"/><description value="These define sets of codes used by systems conforming to this implementation guide."/></grouping><grouping id="-term-codesystem"><name value="Terminology: Code Systems"/><description value="These define new code systems used by systems conforming to this implementation guide."/></grouping><grouping id="-ex-example"><name value="Example: Example Instances"/><description value="These are example instances that show what data produced and consumed by systems conforming with this implementation guide might look like."/></grouping><grouping id="-other"><name value="Other"/><description value="These are resources that are used within this implementation guide that do not fit into one of the other categories."/></grouping><resource><extension url="http://hl7.org/fhir/tools/StructureDefinition/resource-sort"><valueInteger value="999999999"/></extension><extension url="http://hl7.org/fhir/StructureDefinition/implementationguide-page"><valueUri value="CapabilityStatement-NHS-England-APIM-Provider.html"/></extension><reference><reference value="CapabilityStatement/NHS-England-APIM-Provider"/></reference><name value="NHS England APIM Base API Definitions"/><description value="High level summary of FHIR api's used within NHS England API programmes"/><exampleBoolean value="false"/><groupingId value="-dyn-capabilitystatement"/></resource><resource><extension url="http://hl7.org/fhir/tools/StructureDefinition/resource-sort"><valueInteger value="999999999"/></extension><extension url="http://hl7.org/fhir/StructureDefinition/implementationguide-page"><valueUri value="CapabilityStatement-BookingProvider.html"/></extension><reference><reference value="CapabilityStatement/BookingProvider"/></reference><name value="NHS England Booking Provider"/><description value="Provider supports read-only access to a for the purposes of direct care and subject of care access. &#xA;&#xA;**THIS IS FOR DEMONSTRATION PURPOSES**"/><exampleBoolean value="false"/><groupingId value="-dyn-capabilitystatement"/></resource><resource><extension url="http://hl7.org/fhir/tools/StructureDefinition/resource-sort"><valueInteger value="999999999"/></extension><extension url="http://hl7.org/fhir/StructureDefinition/implementationguide-page"><valueUri value="CapabilityStatement-IHE.PCF.consentAuthorizationServer.html"/></extension><reference><reference value="CapabilityStatement/IHE.PCF.consentAuthorizationServer"/></reference><name value="NHS England IHE Privacy Consent on FHIR (PCF)"/><description value="CapabilityStatement for the Consent Authorization Server Actor for use within the English NHS (Enterprise Architecture) and or NHS England (Solution Architecture). &#xA;This is part of the NHS England National Extension (Volume 4) for [Privacy Consent on FHIR (PCF)](https://profiles.ihe.net/ITI/PCF/index.html). &#xA;&#xA; This profile is implemented by &#xA; - [National Proxy Service](https://digital.nhs.uk/developer/) &#xA;&#xA; These services are potentially used by &#xA;&#xA;**NHS England** &#xA;&#xA; - [National Record Locator](https://digital.nhs.uk/developer/api-catalogue/national-record-locator-fhir) &#xA; - [Security and authorisation](https://digital.nhs.uk/developer/guides-and-documentation/security-and-authorisation) &#xA;&#xA;**English NHS and NHS England Services** &#xA;&#xA; used in the implementation of the following profiles or services &#xA;&#xA; - [NRL producer system](https://digital.nhs.uk/developer/api-catalogue/national-record-locator-fhir/v3/producer) &#xA; - [IHE Mobile access to Health Documents (MHD)](https://profiles.ihe.net/ITI/MHD/index.html) &#xA; - [IHE Query for Existing Data for Mobile (QEDm)](https://build.fhir.org/ig/IHE/QEDm/branches/master/index.html)"/><exampleBoolean value="false"/><groupingId value="-dyn-capabilitystatement"/></resource><resource><extension url="http://hl7.org/fhir/tools/StructureDefinition/resource-sort"><valueInteger value="999999999"/></extension><extension url="http://hl7.org/fhir/StructureDefinition/implementationguide-page"><valueUri value="CapabilityStatement-UKCoreAccessPatientIndexProvider.html"/></extension><reference><reference value="CapabilityStatement/UKCoreAccessPatientIndexProvider"/></reference><name value="UKCore Access Patient Index Provider"/><description value="Provider supports read-only access to a patient index for the purposes of direct care and subject of care access. &#xA;&#xA;**THIS IS A COPY FOR REFERENCE PURPOSES - ONLY USE IF HL7 UK SITE IS UNAVAILABLE**"/><exampleBoolean value="false"/><groupingId value="-dyn-capabilitystatement"/></resource><resource><extension url="http://hl7.org/fhir/tools/StructureDefinition/resource-sort"><valueInteger value="999999999"/></extension><extension url="http://hl7.org/fhir/StructureDefinition/implementationguide-page"><valueUri value="Questionnaire-permission.html"/></extension><reference><reference value="Questionnaire/permission"/></reference><name value="Permission"/><description value="Backport of [FHIR R6 Permission](https://build.fhir.org/permission.html) using FHIR Questionnaire"/><exampleBoolean value="false"/><groupingId value="-str-questionnaire"/></resource><resource><extension url="http://hl7.org/fhir/tools/StructureDefinition/resource-sort"><valueInteger value="999999999"/></extension><extension url="http://hl7.org/fhir/StructureDefinition/implementationguide-page"><valueUri value="Questionnaire-Questionnaire-Proxy-Access-Request.html"/></extension><reference><reference value="Questionnaire/Questionnaire-Proxy-Access-Request"/></reference><name value="Proxy Access Request Form"/><description value="A form definition to request proxy access via the national proxy service"/><exampleBoolean value="false"/><groupingId value="-str-questionnaire"/></resource><resource><extension url="http://hl7.org/fhir/tools/StructureDefinition/resource-sort"><valueInteger value="999999999"/></extension><extension url="http://hl7.org/fhir/StructureDefinition/implementationguide-page"><valueUri value="StructureDefinition-Appointment.html"/></extension><reference><reference value="StructureDefinition/Appointment"/></reference><name value="Appointment"/><description value="NHS England Appointment"/><exampleBoolean value="false"/><groupingId value="-str-profile"/></resource><resource><extension url="http://hl7.org/fhir/tools/StructureDefinition/resource-sort"><valueInteger value="999999999"/></extension><extension url="http://hl7.org/fhir/StructureDefinition/implementationguide-page"><valueUri value="StructureDefinition-AppointmentResponse.html"/></extension><reference><reference value="StructureDefinition/AppointmentResponse"/></reference><name value="AppointmentResponse"/><description value="NHS England AppointmentResponse"/><exampleBoolean value="false"/><groupingId value="-str-profile"/></resource><resource><extension url="http://hl7.org/fhir/tools/StructureDefinition/resource-sort"><valueInteger value="999999999"/></extension><extension url="http://hl7.org/fhir/StructureDefinition/implementationguide-page"><valueUri value="StructureDefinition-IHEPCF-Basic-Consent.html"/></extension><reference><reference value="StructureDefinition/IHEPCF-Basic-Consent"/></reference><name value="BasicConsent"/><description value="NHS England IHE PCF Explicit Basic Consent. Note NHS England does not contrain out any elements, this is a key difference to [IHE PCF Explicit Basic Consent](https://profiles.ihe.net/ITI/PCF/StructureDefinition/IHE.PCF.consentBasic)"/><exampleBoolean value="false"/><groupingId value="-str-profile"/></resource><resource><extension url="http://hl7.org/fhir/tools/StructureDefinition/resource-sort"><valueInteger value="999999999"/></extension><extension url="http://hl7.org/fhir/StructureDefinition/implementationguide-page"><valueUri value="StructureDefinition-DocumentReference.html"/></extension><reference><reference value="StructureDefinition/DocumentReference"/></reference><name value="DocumentReference"/><description value="NHS England DocumentReference"/><exampleBoolean value="false"/><groupingId value="-str-profile"/></resource><resource><extension url="http://hl7.org/fhir/tools/StructureDefinition/resource-sort"><valueInteger value="999999999"/></extension><extension url="http://hl7.org/fhir/StructureDefinition/implementationguide-page"><valueUri value="StructureDefinition-Encounter.html"/></extension><reference><reference value="StructureDefinition/Encounter"/></reference><name value="Encounter"/><description value="NHS England Encounter"/><exampleBoolean value="false"/><groupingId value="-str-profile"/></resource><resource><extension url="http://hl7.org/fhir/tools/StructureDefinition/resource-sort"><valueInteger value="999999999"/></extension><extension url="http://hl7.org/fhir/StructureDefinition/implementationguide-page"><valueUri value="StructureDefinition-Endpoint.html"/></extension><reference><reference value="StructureDefinition/Endpoint"/></reference><name value="Endpoint"/><description value="NHS England Endpoint"/><exampleBoolean value="false"/><groupingId value="-str-profile"/></resource><resource><extension url="http://hl7.org/fhir/tools/StructureDefinition/resource-sort"><valueInteger value="999999999"/></extension><extension url="http://hl7.org/fhir/StructureDefinition/implementationguide-page"><valueUri value="StructureDefinition-HealthcareService.html"/></extension><reference><reference value="StructureDefinition/HealthcareService"/></reference><name value="HealthcareService"/><description value="NHS England HealthcareService"/><exampleBoolean value="false"/><groupingId value="-str-profile"/></resource><resource><extension url="http://hl7.org/fhir/tools/StructureDefinition/resource-sort"><valueInteger value="999999999"/></extension><extension url="http://hl7.org/fhir/StructureDefinition/implementationguide-page"><valueUri value="StructureDefinition-ConsentNationalProxy.html"/></extension><reference><reference value="StructureDefinition/ConsentNationalProxy"/></reference><name value="NHS England National Proxy Consent Profile"/><description value="NHS England National Proxy Consent Profile from https://nhsd-confluence.digital.nhs.uk/display/NPA/Confirm+consent"/><exampleBoolean value="false"/><groupingId value="-str-profile"/></resource><resource><extension url="http://hl7.org/fhir/tools/StructureDefinition/resource-sort"><valueInteger value="999999999"/></extension><extension url="http://hl7.org/fhir/StructureDefinition/implementationguide-page"><valueUri value="StructureDefinition-FlagConsent.html"/></extension><reference><reference value="StructureDefinition/FlagConsent"/></reference><name value="NHSE Flag Consent Profile"/><description value="Record consent to capture information for NHS England flags"/><exampleBoolean value="false"/><groupingId value="-str-profile"/></resource><resource><extension url="http://hl7.org/fhir/tools/StructureDefinition/resource-sort"><valueInteger value="999999999"/></extension><extension url="http://hl7.org/fhir/StructureDefinition/implementationguide-page"><valueUri value="StructureDefinition-FlagProvenance.html"/></extension><reference><reference value="StructureDefinition/FlagProvenance"/></reference><name value="NHSE Flag Provenance Profile"/><description value="Record details of the practitioner recording or removing an individual Flag."/><exampleBoolean value="false"/><groupingId value="-str-profile"/></resource><resource><extension url="http://hl7.org/fhir/tools/StructureDefinition/resource-sort"><valueInteger value="999999999"/></extension><extension url="http://hl7.org/fhir/StructureDefinition/implementationguide-page"><valueUri value="StructureDefinition-Observation.html"/></extension><reference><reference value="StructureDefinition/Observation"/></reference><name value="Observation"/><description value="NHS England Observation"/><exampleBoolean value="false"/><groupingId value="-str-profile"/></resource><resource><extension url="http://hl7.org/fhir/tools/StructureDefinition/resource-sort"><valueInteger value="999999999"/></extension><extension url="http://hl7.org/fhir/StructureDefinition/implementationguide-page"><valueUri value="StructureDefinition-Organization.html"/></extension><reference><reference value="StructureDefinition/Organization"/></reference><name value="Organization"/><description value="England Organization"/><exampleBoolean value="false"/><groupingId value="-str-profile"/></resource><resource><extension url="http://hl7.org/fhir/tools/StructureDefinition/resource-sort"><valueInteger value="999999999"/></extension><extension url="http://hl7.org/fhir/StructureDefinition/implementationguide-page"><valueUri value="StructureDefinition-OrganizationAffiliation.html"/></extension><reference><reference value="StructureDefinition/OrganizationAffiliation"/></reference><name value="OrganizationAffiliation"/><description value="England OrganizationAffiliation"/><exampleBoolean value="false"/><groupingId value="-str-profile"/></resource><resource><extension url="http://hl7.org/fhir/tools/StructureDefinition/resource-sort"><valueInteger value="999999999"/></extension><extension url="http://hl7.org/fhir/StructureDefinition/implementationguide-page"><valueUri value="StructureDefinition-PatientHL7v2.html"/></extension><reference><reference value="StructureDefinition/PatientHL7v2"/></reference><name value="PatientHL7v2"/><description value="NHS England Patient HL7 v2 (ITK)"/><exampleBoolean value="false"/><groupingId value="-str-profile"/></resource><resource><extension url="http://hl7.org/fhir/tools/StructureDefinition/resource-sort"><valueInteger value="999999999"/></extension><extension url="http://hl7.org/fhir/StructureDefinition/implementationguide-page"><valueUri value="StructureDefinition-PatientPDS.html"/></extension><reference><reference value="StructureDefinition/PatientPDS"/></reference><name value="PatientPDS"/><description value="NHS England Patient PDS (ITK) See https://simplifier.net/r4-sand-box/englandpatientpdsallmandatoryfields-duplicate-2 for master version"/><exampleBoolean value="false"/><groupingId value="-str-profile"/></resource><resource><extension url="http://hl7.org/fhir/tools/StructureDefinition/resource-sort"><valueInteger value="999999999"/></extension><extension url="http://hl7.org/fhir/StructureDefinition/implementationguide-page"><valueUri value="StructureDefinition-PatientPDSNHSNumberAllocation.html"/></extension><reference><reference value="StructureDefinition/PatientPDSNHSNumberAllocation"/></reference><name value="PatientPDSNHSNumberAllocation"/><description value="NHS England Patient PDS NHS Number Allocation - this is a mock up for elaboration purposes see [NHS Number Allocation - submit request data fields](https://nhsd-confluence.digital.nhs.uk/display/DEMGRPH/NHS+Number+Allocation+-+submit+request+data+fields)"/><exampleBoolean value="false"/><groupingId value="-str-profile"/></resource><resource><extension url="http://hl7.org/fhir/tools/StructureDefinition/resource-sort"><valueInteger value="999999999"/></extension><extension url="http://hl7.org/fhir/StructureDefinition/implementationguide-page"><valueUri value="StructureDefinition-Practitioner.html"/></extension><reference><reference value="StructureDefinition/Practitioner"/></reference><name value="Practitioner"/><description value="NHS England Practitioner"/><exampleBoolean value="false"/><groupingId value="-str-profile"/></resource><resource><extension url="http://hl7.org/fhir/tools/StructureDefinition/resource-sort"><valueInteger value="999999999"/></extension><extension url="http://hl7.org/fhir/StructureDefinition/implementationguide-page"><valueUri value="StructureDefinition-PractitionerRole.html"/></extension><reference><reference value="StructureDefinition/PractitionerRole"/></reference><name value="PractitionerRole"/><description value="NHS England PractitionerRole"/><exampleBoolean value="false"/><groupingId value="-str-profile"/></resource><resource><extension url="http://hl7.org/fhir/tools/StructureDefinition/resource-sort"><valueInteger value="999999999"/></extension><extension url="http://hl7.org/fhir/StructureDefinition/implementationguide-page"><valueUri value="StructureDefinition-RelatedPerson.html"/></extension><reference><reference value="StructureDefinition/RelatedPerson"/></reference><name value="RelatedPerson"/><description value="NHS England RelatedPerson"/><exampleBoolean value="false"/><groupingId value="-str-profile"/></resource><resource><extension url="http://hl7.org/fhir/tools/StructureDefinition/resource-sort"><valueInteger value="999999999"/></extension><extension url="http://hl7.org/fhir/StructureDefinition/implementationguide-page"><valueUri value="StructureDefinition-Schedule.html"/></extension><reference><reference value="StructureDefinition/Schedule"/></reference><name value="Schedule"/><description value="NHS England Schedule"/><exampleBoolean value="false"/><groupingId value="-str-profile"/></resource><resource><extension url="http://hl7.org/fhir/tools/StructureDefinition/resource-sort"><valueInteger value="999999999"/></extension><extension url="http://hl7.org/fhir/StructureDefinition/implementationguide-page"><valueUri value="StructureDefinition-ServiceRequest.html"/></extension><reference><reference value="StructureDefinition/ServiceRequest"/></reference><name value="ServiceRequest"/><description value="NHS England ServiceRequest"/><exampleBoolean value="false"/><groupingId value="-str-profile"/></resource><resource><extension url="http://hl7.org/fhir/tools/StructureDefinition/resource-sort"><valueInteger value="999999999"/></extension><extension url="http://hl7.org/fhir/StructureDefinition/implementationguide-page"><valueUri value="StructureDefinition-Slot.html"/></extension><reference><reference value="StructureDefinition/Slot"/></reference><name value="Slot"/><description value="NHS England Slot"/><exampleBoolean value="false"/><groupingId value="-str-profile"/></resource><resource><extension url="http://hl7.org/fhir/tools/StructureDefinition/resource-sort"><valueInteger value="999999999"/></extension><extension url="http://hl7.org/fhir/StructureDefinition/implementationguide-page"><valueUri value="StructureDefinition-Subscription.html"/></extension><reference><reference value="StructureDefinition/Subscription"/></reference><name value="Subscription"/><description value="NHS England Subscription"/><exampleBoolean value="false"/><groupingId value="-str-profile"/></resource><resource><extension url="http://hl7.org/fhir/tools/StructureDefinition/resource-sort"><valueInteger value="999999999"/></extension><extension url="http://hl7.org/fhir/StructureDefinition/implementationguide-page"><valueUri value="StructureDefinition-Task.html"/></extension><reference><reference value="StructureDefinition/Task"/></reference><name value="Task"/><description value="NHS England Task"/><exampleBoolean value="false"/><groupingId value="-str-profile"/></resource><resource><extension url="http://hl7.org/fhir/tools/StructureDefinition/resource-sort"><valueInteger value="999999999"/></extension><extension url="http://hl7.org/fhir/StructureDefinition/implementationguide-page"><valueUri value="StructureDefinition-UKCore-Organization.html"/></extension><reference><reference value="StructureDefinition/UKCore-Organization"/></reference><name value="UK Core Organization"/><description value="This profile defines the UK constraints and extensions on the International FHIR resource [Organization](https://hl7.org/fhir/R4/Organization.html)."/><exampleBoolean value="false"/><groupingId value="-str-profile"/></resource><resource><extension url="http://hl7.org/fhir/tools/StructureDefinition/resource-sort"><valueInteger value="999999999"/></extension><extension url="http://hl7.org/fhir/StructureDefinition/implementationguide-page"><valueUri value="StructureDefinition-UKCore-Patient.html"/></extension><reference><reference value="StructureDefinition/UKCore-Patient"/></reference><name value="UK Core Patient"/><description value="Defines the UK Core constraints and extensions on the Patient resource for the minimal set of data to query and retrieve an individual’s demographic information."/><exampleBoolean value="false"/><groupingId value="-str-profile"/></resource><resource><extension url="http://hl7.org/fhir/tools/StructureDefinition/resource-sort"><valueInteger value="999999999"/></extension><extension url="http://hl7.org/fhir/StructureDefinition/implementationguide-page"><valueUri value="StructureDefinition-UKCore-RelatedPerson.html"/></extension><reference><reference value="StructureDefinition/UKCore-RelatedPerson"/></reference><name value="UK Core RelatedPerson"/><description value="This profile defines the UK constraints and extensions on the International FHIR resource [RelatedPerson](https://hl7.org/fhir/R4/RelatedPerson.html)."/><exampleBoolean value="false"/><groupingId value="-str-profile"/></resource><resource><extension url="http://hl7.org/fhir/tools/StructureDefinition/resource-sort"><valueInteger value="999999999"/></extension><extension url="http://hl7.org/fhir/StructureDefinition/implementationguide-page"><valueUri value="StructureDefinition-Extension-ConsentCreateSummary.html"/></extension><reference><reference value="StructureDefinition/Extension-ConsentCreateSummary"/></reference><name value="Extension for Consent Create Summary"/><description value="Captures the additional information for a Best Interest decison when recording consent for a Reasonable Adjustment Flag."/><exampleBoolean value="false"/><groupingId value="-str-extension"/></resource><resource><extension url="http://hl7.org/fhir/tools/StructureDefinition/resource-sort"><valueInteger value="999999999"/></extension><extension url="http://hl7.org/fhir/StructureDefinition/implementationguide-page"><valueUri value="StructureDefinition-Extension-ConsentRemoveSummary.html"/></extension><reference><reference value="StructureDefinition/Extension-ConsentRemoveSummary"/></reference><name value="Extension for Consent Remove Summary"/><description value="Captures the additional information for a Best Interest decison when removing consent for a Reasonable Adjustment Flag."/><exampleBoolean value="false"/><groupingId value="-str-extension"/></resource><resource><extension url="http://hl7.org/fhir/tools/StructureDefinition/resource-sort"><valueInteger value="999999999"/></extension><extension url="http://hl7.org/fhir/StructureDefinition/implementationguide-page"><valueUri value="ValueSet-NHSDigital-CareSettingType.html"/></extension><reference><reference value="ValueSet/NHSDigital-CareSettingType"/></reference><name value="NHSDigital-CareSettingType"/><description value="Cross Hl7 UK version of UKCore CareSetting"/><exampleBoolean value="false"/><groupingId value="-term-valueset"/></resource><resource><extension url="http://hl7.org/fhir/tools/StructureDefinition/resource-sort"><valueInteger value="999999999"/></extension><extension url="http://hl7.org/fhir/StructureDefinition/implementationguide-page"><valueUri value="ValueSet-FlagConsentPurpose.html"/></extension><reference><reference value="ValueSet/FlagConsentPurpose"/></reference><name value="NHSE Flag Consent Purpose"/><description value="A ValueSet to identify the purpose of a consent given for an NHS England flag."/><exampleBoolean value="false"/><groupingId value="-term-valueset"/></resource><resource><extension url="http://hl7.org/fhir/tools/StructureDefinition/resource-sort"><valueInteger value="999999999"/></extension><extension url="http://hl7.org/fhir/StructureDefinition/implementationguide-page"><valueUri value="ValueSet-FlagProvenanceRole.html"/></extension><reference><reference value="ValueSet/FlagProvenanceRole"/></reference><name value="NHSE Flag Provenance Role"/><description value="A ValueSet to identify the role in which someone recording provenance is acting"/><exampleBoolean value="false"/><groupingId value="-term-valueset"/></resource><resource><extension url="http://hl7.org/fhir/tools/StructureDefinition/resource-sort"><valueInteger value="999999999"/></extension><extension url="http://hl7.org/fhir/StructureDefinition/implementationguide-page"><valueUri value="ValueSet-FlagProxyRole.html"/></extension><reference><reference value="ValueSet/FlagProxyRole"/></reference><name value="NHSE Flag Proxy Role"/><description value="A ValueSet to identify the type/role of the proxy involved."/><exampleBoolean value="false"/><groupingId value="-term-valueset"/></resource><resource><extension url="http://hl7.org/fhir/tools/StructureDefinition/resource-sort"><valueInteger value="999999999"/></extension><extension url="http://hl7.org/fhir/StructureDefinition/implementationguide-page"><valueUri value="ValueSet-PatientFlagCategory.html"/></extension><reference><reference value="ValueSet/PatientFlagCategory"/></reference><name value="NHSE Patient Flag Category"/><description value="A ValueSet to identify the type/category of a flag."/><exampleBoolean value="false"/><groupingId value="-term-valueset"/></resource><resource><extension url="http://hl7.org/fhir/tools/StructureDefinition/resource-sort"><valueInteger value="999999999"/></extension><extension url="http://hl7.org/fhir/StructureDefinition/implementationguide-page"><valueUri value="CodeSystem-FGM-ConsentPurpose.html"/></extension><reference><reference value="CodeSystem/FGM-ConsentPurpose"/></reference><name value="FGM Consent Purpose"/><description value="A CodeSystem to identify the purpose of the consent given within FGM"/><exampleBoolean value="false"/><groupingId value="-term-codesystem"/></resource><resource><extension url="http://hl7.org/fhir/tools/StructureDefinition/resource-sort"><valueInteger value="999999999"/></extension><extension url="http://hl7.org/fhir/StructureDefinition/implementationguide-page"><valueUri value="CodeSystem-NHSDataModelAndDictionary-treatment-function.html"/></extension><reference><reference value="CodeSystem/NHSDataModelAndDictionary-treatment-function"/></reference><name value="NHSDataModelandDictionaryTreatmentFunction"/><description value="A CodeSystem to identify the specialty of the care professional or team. FHIR Version of NHS Data Dictionary Main Specialty Code and HSCIC ITK HL7v2 Table ZU012"/><exampleBoolean value="false"/><groupingId value="-term-codesystem"/></resource><resource><extension url="http://hl7.org/fhir/tools/StructureDefinition/resource-sort"><valueInteger value="999999999"/></extension><extension url="http://hl7.org/fhir/StructureDefinition/implementationguide-page"><valueUri value="CodeSystem-FlagProxyRole.html"/></extension><reference><reference value="CodeSystem/FlagProxyRole"/></reference><name value="NHSE Flag Proxy Role"/><description value="A CodeSystem to identify the type/role of the proxy involved"/><exampleBoolean value="false"/><groupingId value="-term-codesystem"/></resource><resource><extension url="http://hl7.org/fhir/tools/StructureDefinition/resource-sort"><valueInteger value="999999999"/></extension><extension url="http://hl7.org/fhir/StructureDefinition/implementationguide-page"><valueUri value="CodeSystem-PatientFlagCategory.html"/></extension><reference><reference value="CodeSystem/PatientFlagCategory"/></reference><name value="NHSE Patient Flag Category"/><description value="A CodeSystem to identify the type/category of Flag."/><exampleBoolean value="false"/><groupingId value="-term-codesystem"/></resource><resource><extension url="http://hl7.org/fhir/tools/StructureDefinition/resource-sort"><valueInteger value="999999999"/></extension><extension url="http://hl7.org/fhir/StructureDefinition/implementationguide-page"><valueUri value="Bundle-Bundle-ex-EventNotification.html"/></extension><reference><reference value="Bundle/Bundle-ex-EventNotification"/></reference><name value="Bundle-ex-EventNotification"/><exampleBoolean value="true"/><groupingId value="-ex-example"/></resource><resource><extension url="http://hl7.org/fhir/tools/StructureDefinition/resource-sort"><valueInteger value="999999999"/></extension><extension url="http://hl7.org/fhir/StructureDefinition/implementationguide-page"><valueUri value="Bundle-Bundle-ex-PMIRBundleCreate.html"/></extension><reference><reference value="Bundle/Bundle-ex-PMIRBundleCreate"/></reference><name value="Bundle-ex-PMIRBundleCreate"/><exampleBoolean value="true"/><groupingId value="-ex-example"/></resource><resource><extension url="http://hl7.org/fhir/tools/StructureDefinition/resource-sort"><valueInteger value="999999999"/></extension><extension url="http://hl7.org/fhir/StructureDefinition/implementationguide-page"><valueUri value="Bundle-Bundle-ex-ResourcePublish.html"/></extension><reference><reference value="Bundle/Bundle-ex-ResourcePublish"/></reference><name value="Bundle-ex-ResourcePublish"/><exampleBoolean value="true"/><groupingId value="-ex-example"/></resource><resource><extension url="http://hl7.org/fhir/tools/StructureDefinition/resource-sort"><valueInteger value="999999999"/></extension><extension url="http://hl7.org/fhir/StructureDefinition/implementationguide-page"><valueUri value="Subscription-Bundle-ex-subscription.html"/></extension><reference><reference value="Subscription/Bundle-ex-subscription"/></reference><name value="Bundle-ex-subscription"/><exampleBoolean value="true"/><groupingId value="-ex-example"/></resource><resource><extension url="http://hl7.org/fhir/tools/StructureDefinition/resource-sort"><valueInteger value="999999999"/></extension><extension url="http://hl7.org/fhir/StructureDefinition/implementationguide-page"><valueUri value="Consent-Consent-CPISConsentExample1.html"/></extension><reference><reference value="Consent/Consent-CPISConsentExample1"/></reference><name value="Consent-CPISConsentExample1"/><exampleCanonical value="https://fhir.nhs.uk/England/StructureDefinition/FlagConsent"/><groupingId value="-ex-example"/></resource><resource><extension url="http://hl7.org/fhir/tools/StructureDefinition/resource-sort"><valueInteger value="999999999"/></extension><extension url="http://hl7.org/fhir/StructureDefinition/implementationguide-page"><valueUri value="Consent-Consent-national-proxy-confirmed.html"/></extension><reference><reference value="Consent/Consent-national-proxy-confirmed"/></reference><name value="Consent-national-proxy-confirmed"/><exampleCanonical value="https://fhir.nhs.uk/England/StructureDefinition/ConsentNationalProxy"/><groupingId value="-ex-example"/></resource><resource><extension url="http://hl7.org/fhir/tools/StructureDefinition/resource-sort"><valueInteger value="999999999"/></extension><extension url="http://hl7.org/fhir/StructureDefinition/implementationguide-page"><valueUri value="Consent-Consent-national-proxy-proposed.html"/></extension><reference><reference value="Consent/Consent-national-proxy-proposed"/></reference><name value="Consent-national-proxy-proposed"/><exampleCanonical value="https://fhir.nhs.uk/England/StructureDefinition/ConsentNationalProxy"/><groupingId value="-ex-example"/></resource><resource><extension url="http://hl7.org/fhir/tools/StructureDefinition/resource-sort"><valueInteger value="999999999"/></extension><extension url="http://hl7.org/fhir/StructureDefinition/implementationguide-page"><valueUri value="Consent-Consent-national-proxy-rejected.html"/></extension><reference><reference value="Consent/Consent-national-proxy-rejected"/></reference><name value="Consent-national-proxy-rejected"/><exampleCanonical value="https://fhir.nhs.uk/England/StructureDefinition/ConsentNationalProxy"/><groupingId value="-ex-example"/></resource><resource><extension url="http://hl7.org/fhir/tools/StructureDefinition/resource-sort"><valueInteger value="999999999"/></extension><extension url="http://hl7.org/fhir/StructureDefinition/implementationguide-page"><valueUri value="Encounter-Encounter-inpatient-discharge-fredrica-smith.html"/></extension><reference><reference value="Encounter/Encounter-inpatient-discharge-fredrica-smith"/></reference><name value="Encounter-inpatient-discharge-fredrica-smith"/><exampleCanonical value="https://fhir.nhs.uk/England/StructureDefinition/Encounter"/><groupingId value="-ex-example"/></resource><resource><extension url="http://hl7.org/fhir/tools/StructureDefinition/resource-sort"><valueInteger value="999999999"/></extension><extension url="http://hl7.org/fhir/StructureDefinition/implementationguide-page"><valueUri value="Encounter-Encounter-outpatient-fredrica-smith.html"/></extension><reference><reference value="Encounter/Encounter-outpatient-fredrica-smith"/></reference><name value="Encounter-outpatient-fredrica-smith"/><exampleCanonical value="https://fhir.nhs.uk/England/StructureDefinition/Encounter"/><groupingId value="-ex-example"/></resource><resource><extension url="http://hl7.org/fhir/tools/StructureDefinition/resource-sort"><valueInteger value="999999999"/></extension><extension url="http://hl7.org/fhir/StructureDefinition/implementationguide-page"><valueUri value="RelatedPerson-RelatedPerson-NHS-91000000009.html"/></extension><reference><reference value="RelatedPerson/RelatedPerson-NHS-91000000009"/></reference><name value="National Proxy Related Person Mother Example"/><description value="An example of a Related Person who is the mother of the subject/patient (Jane Smith)."/><exampleCanonical value="https://fhir.nhs.uk/England/StructureDefinition/RelatedPerson"/><groupingId value="-ex-example"/></resource><resource><extension url="http://hl7.org/fhir/tools/StructureDefinition/resource-sort"><valueInteger value="999999999"/></extension><extension url="http://hl7.org/fhir/StructureDefinition/implementationguide-page"><valueUri value="Patient-Patient-HL7v2-NHS-3333333333-Fredrica-Smith.html"/></extension><reference><reference value="Patient/Patient-HL7v2-NHS-3333333333-Fredrica-Smith"/></reference><name value="Patient-HL7v2-NHS-3333333333-Fredrica-Smith"/><exampleCanonical value="https://fhir.nhs.uk/England/StructureDefinition/PatientHL7v2"/><groupingId value="-ex-example"/></resource><resource><extension url="http://hl7.org/fhir/tools/StructureDefinition/resource-sort"><valueInteger value="999999999"/></extension><extension url="http://hl7.org/fhir/StructureDefinition/implementationguide-page"><valueUri value="Patient-Patient-NHS-9459304130-Jane-Smith.html"/></extension><reference><reference value="Patient/Patient-NHS-9459304130-Jane-Smith"/></reference><name value="Patient-NHS-9459304130-Jane-Smith"/><exampleBoolean value="true"/><groupingId value="-ex-example"/></resource><resource><extension url="http://hl7.org/fhir/tools/StructureDefinition/resource-sort"><valueInteger value="999999999"/></extension><extension url="http://hl7.org/fhir/StructureDefinition/implementationguide-page"><valueUri value="Patient-Patient-NHS-9912003814-Michael-SMITHIES.html"/></extension><reference><reference value="Patient/Patient-NHS-9912003814-Michael-SMITHIES"/></reference><name value="Patient-NHS-9912003814-Michael-SMITHIES"/><exampleBoolean value="true"/><groupingId value="-ex-example"/></resource><resource><extension url="http://hl7.org/fhir/tools/StructureDefinition/resource-sort"><valueInteger value="999999999"/></extension><extension url="http://hl7.org/fhir/StructureDefinition/implementationguide-page"><valueUri value="Patient-Patient-PDS-NHS-9000000017-Jayne-Smith.html"/></extension><reference><reference value="Patient/Patient-PDS-NHS-9000000017-Jayne-Smith"/></reference><name value="Patient-PDS-NHS-9000000017-Jayne-Smith"/><exampleCanonical value="https://fhir.nhs.uk/England/StructureDefinition/PatientPDS"/><groupingId value="-ex-example"/></resource><resource><extension url="http://hl7.org/fhir/tools/StructureDefinition/resource-sort"><valueInteger value="999999999"/></extension><extension url="http://hl7.org/fhir/StructureDefinition/implementationguide-page"><valueUri value="Patient-Patient-donald-with-chi-number-and-mrn.html"/></extension><reference><reference value="Patient/Patient-donald-with-chi-number-and-mrn"/></reference><name value="Patient-donald-with-chi-number-and-mrn"/><exampleBoolean value="true"/><groupingId value="-ex-example"/></resource><resource><extension url="http://hl7.org/fhir/tools/StructureDefinition/resource-sort"><valueInteger value="999999999"/></extension><extension url="http://hl7.org/fhir/StructureDefinition/implementationguide-page"><valueUri value="Patient-Patient-donald-with-chi-number-mrn-and-nhs-number.html"/></extension><reference><reference value="Patient/Patient-donald-with-chi-number-mrn-and-nhs-number"/></reference><name value="Patient-donald-with-chi-number-mrn-and-nhs-number"/><exampleBoolean value="true"/><groupingId value="-ex-example"/></resource><resource><extension url="http://hl7.org/fhir/tools/StructureDefinition/resource-sort"><valueInteger value="999999999"/></extension><extension url="http://hl7.org/fhir/StructureDefinition/implementationguide-page"><valueUri value="Patient-Patient-donald-with-nhs-number.html"/></extension><reference><reference value="Patient/Patient-donald-with-nhs-number"/></reference><name value="Patient-donald-with-nhs-number"/><exampleBoolean value="true"/><groupingId value="-ex-example"/></resource><resource><extension url="http://hl7.org/fhir/tools/StructureDefinition/resource-sort"><valueInteger value="999999999"/></extension><extension url="http://hl7.org/fhir/StructureDefinition/implementationguide-page"><valueUri value="QuestionnaireResponse-QuestionnaireResponse-national-proxy-request.html"/></extension><reference><reference value="QuestionnaireResponse/QuestionnaireResponse-national-proxy-request"/></reference><name value="QuestionnaireResponse-national-proxy-request"/><exampleBoolean value="true"/><groupingId value="-ex-example"/></resource><resource><extension url="http://hl7.org/fhir/tools/StructureDefinition/resource-sort"><valueInteger value="999999999"/></extension><extension url="http://hl7.org/fhir/StructureDefinition/implementationguide-page"><valueUri value="RelatedPerson-RelatedPerson-HL7v2-Francesca-Smith.html"/></extension><reference><reference value="RelatedPerson/RelatedPerson-HL7v2-Francesca-Smith"/></reference><name value="RelatedPerson-HL7v2-Francesca-Smith"/><exampleCanonical value="https://fhir.nhs.uk/England/StructureDefinition/RelatedPerson"/><groupingId value="-ex-example"/></resource><resource><extension url="http://hl7.org/fhir/tools/StructureDefinition/resource-sort"><valueInteger value="999999999"/></extension><extension url="http://hl7.org/fhir/StructureDefinition/implementationguide-page"><valueUri value="RelatedPerson-RelatedPerson-NHS-9000000017-Jane-Smith.html"/></extension><reference><reference value="RelatedPerson/RelatedPerson-NHS-9000000017-Jane-Smith"/></reference><name value="RelatedPerson-NHS-9000000017-Jane-Smith"/><exampleCanonical value="https://fhir.nhs.uk/England/StructureDefinition/RelatedPerson"/><groupingId value="-ex-example"/></resource><resource><extension url="http://hl7.org/fhir/tools/StructureDefinition/resource-sort"><valueInteger value="999999999"/></extension><extension url="http://hl7.org/fhir/StructureDefinition/implementationguide-page"><valueUri value="RelatedPerson-RelatedPerson-PDS-NHS-90000000009-Jane-Smith.html"/></extension><reference><reference value="RelatedPerson/RelatedPerson-PDS-NHS-90000000009-Jane-Smith"/></reference><name value="RelatedPerson-PDS-NHS-90000000009-Jane-Smith"/><exampleCanonical value="https://fhir.nhs.uk/England/StructureDefinition/RelatedPerson"/><groupingId value="-ex-example"/></resource><resource><extension url="http://hl7.org/fhir/tools/StructureDefinition/resource-sort"><valueInteger value="999999999"/></extension><extension url="http://hl7.org/fhir/StructureDefinition/implementationguide-page"><valueUri value="Subscription-Subscription-ex-Encounter.html"/></extension><reference><reference value="Subscription/Subscription-ex-Encounter"/></reference><name value="Subscription-ex-Encounter"/><exampleCanonical value="https://fhir.nhs.uk/England/StructureDefinition/Subscription"/><groupingId value="-ex-example"/></resource><resource><extension url="http://hl7.org/fhir/tools/StructureDefinition/resource-sort"><valueInteger value="999999999"/></extension><extension url="http://hl7.org/fhir/StructureDefinition/implementationguide-page"><valueUri value="Subscription-Subscription-ex-Patient.html"/></extension><reference><reference value="Subscription/Subscription-ex-Patient"/></reference><name value="Subscription-ex-Patient"/><exampleCanonical value="https://fhir.nhs.uk/England/StructureDefinition/Subscription"/><groupingId value="-ex-example"/></resource><resource><extension url="http://hl7.org/fhir/tools/StructureDefinition/resource-sort"><valueInteger value="999999999"/></extension><extension url="http://hl7.org/fhir/StructureDefinition/implementationguide-page"><valueUri value="Task-Task-request-consent-verification.html"/></extension><reference><reference value="Task/Task-request-consent-verification"/></reference><name value="Task-request-consent-verification"/><exampleCanonical value="https://fhir.nhs.uk/England/StructureDefinition/Task"/><groupingId value="-ex-example"/></resource><resource><extension url="http://hl7.org/fhir/tools/StructureDefinition/resource-sort"><valueInteger value="999999999"/></extension><extension url="http://hl7.org/fhir/StructureDefinition/implementationguide-page"><valueUri value="Bundle-h1.html"/></extension><reference><reference value="Bundle/h1"/></reference><name value="null (Bundle)"/><groupingId value="-other"/></resource><page><extension url="http://hl7.org/fhir/tools/StructureDefinition/ig-page-name"><valueUrl value="toc.html"/></extension><nameUrl value="toc.html"/><title value="Table of Contents"/><generation value="html"/><page><extension url="http://hl7.org/fhir/tools/StructureDefinition/ig-page-name"><valueUrl value="index.html"/></extension><nameUrl value="index.html"/><title value="Home"/><generation value="markdown"/></page><page><extension url="http://hl7.org/fhir/tools/StructureDefinition/ig-page-name"><valueUrl value="administration-module.html"/></extension><nameUrl value="administration-module.html"/><title value="Administration Module"/><generation value="markdown"/></page><page><extension url="http://hl7.org/fhir/tools/StructureDefinition/ig-page-name"><valueUrl value="background.html"/></extension><nameUrl value="background.html"/><title value="Background"/><generation value="markdown"/></page><page><extension url="http://hl7.org/fhir/tools/StructureDefinition/ig-page-name"><valueUrl value="booking.html"/></extension><nameUrl value="booking.html"/><title value="Booking"/><generation value="markdown"/></page><page><extension url="http://hl7.org/fhir/tools/StructureDefinition/ig-page-name"><valueUrl value="care-planning.html"/></extension><nameUrl value="care-planning.html"/><title value="Care Planning"/><generation value="markdown"/></page><page><extension url="http://hl7.org/fhir/tools/StructureDefinition/ig-page-name"><valueUrl value="changes.html"/></extension><nameUrl value="changes.html"/><title value="Changes"/><generation value="html"/></page><page><extension url="http://hl7.org/fhir/tools/StructureDefinition/ig-page-name"><valueUrl value="clinical-module.html"/></extension><nameUrl value="clinical-module.html"/><title value="Clinical Module"/><generation value="markdown"/></page><page><extension url="http://hl7.org/fhir/tools/StructureDefinition/ig-page-name"><valueUrl value="diagnostics-module.html"/></extension><nameUrl value="diagnostics-module.html"/><title value="Diagnostics Module"/><generation value="markdown"/></page><page><extension url="http://hl7.org/fhir/tools/StructureDefinition/ig-page-name"><valueUrl value="documents-module.html"/></extension><nameUrl value="documents-module.html"/><title value="Documents Module"/><generation value="markdown"/></page><page><extension url="http://hl7.org/fhir/tools/StructureDefinition/ig-page-name"><valueUrl value="downloads.html"/></extension><nameUrl value="downloads.html"/><title value="Downloads"/><generation value="html"/></page><page><extension url="http://hl7.org/fhir/tools/StructureDefinition/ig-page-name"><valueUrl value="interoperability-standards.html"/></extension><nameUrl value="interoperability-standards.html"/><title value="Interoperability Standards"/><generation value="markdown"/></page><page><extension url="http://hl7.org/fhir/tools/StructureDefinition/ig-page-name"><valueUrl value="interoperability-standards-delivery.html"/></extension><nameUrl value="interoperability-standards-delivery.html"/><title value="Interoperability Standards Delivery"/><generation value="markdown"/></page><page><extension url="http://hl7.org/fhir/tools/StructureDefinition/ig-page-name"><valueUrl value="medications-module.html"/></extension><nameUrl value="medications-module.html"/><title value="Medications Module"/><generation value="markdown"/></page><page><extension url="http://hl7.org/fhir/tools/StructureDefinition/ig-page-name"><valueUrl value="national-proxy-service.html"/></extension><nameUrl value="national-proxy-service.html"/><title value="National Proxy Service"/><generation value="markdown"/></page><page><extension url="http://hl7.org/fhir/tools/StructureDefinition/ig-page-name"><valueUrl value="patient-demographics-query.html"/></extension><nameUrl value="patient-demographics-query.html"/><title value="Patient Demographics Query"/><generation value="markdown"/></page><page><extension url="http://hl7.org/fhir/tools/StructureDefinition/ig-page-name"><valueUrl value="patient-encounter-management.html"/></extension><nameUrl value="patient-encounter-management.html"/><title value="Patient Encounter Management"/><generation value="markdown"/></page><page><extension url="http://hl7.org/fhir/tools/StructureDefinition/ig-page-name"><valueUrl value="patient-identity-management.html"/></extension><nameUrl value="patient-identity-management.html"/><title value="Patient Identity Management"/><generation value="markdown"/></page><page><extension url="http://hl7.org/fhir/tools/StructureDefinition/ig-page-name"><valueUrl value="personal-demographics-service.html"/></extension><nameUrl value="personal-demographics-service.html"/><title value="Personal Demographics Service"/><generation value="markdown"/></page><page><extension url="http://hl7.org/fhir/tools/StructureDefinition/ig-page-name"><valueUrl value="restful-api.html"/></extension><nameUrl value="restful-api.html"/><title value="Restful Api"/><generation value="markdown"/></page><page><extension url="http://hl7.org/fhir/tools/StructureDefinition/ig-page-name"><valueUrl value="structured-data-capture.html"/></extension><nameUrl value="structured-data-capture.html"/><title value="Structured Data Capture"/><generation value="markdown"/></page><page><extension url="http://hl7.org/fhir/tools/StructureDefinition/ig-page-name"><valueUrl value="testing.html"/></extension><nameUrl value="testing.html"/><title value="Testing"/><generation value="markdown"/></page><page><extension url="http://hl7.org/fhir/tools/StructureDefinition/ig-page-name"><valueUrl value="validation.html"/></extension><nameUrl value="validation.html"/><title value="Validation"/><generation value="markdown"/></page><page><extension url="http://hl7.org/fhir/tools/StructureDefinition/ig-page-name"><valueUrl value="workflow.html"/></extension><nameUrl value="workflow.html"/><title value="Workflow"/><generation value="markdown"/></page><page><extension url="http://hl7.org/fhir/tools/StructureDefinition/ig-page-name"><valueUrl value="artifacts.html"/></extension><nameUrl value="artifacts.html"/><title value="Artifacts Summary"/><generation value="html"/><page><extension url="http://hl7.org/fhir/tools/StructureDefinition/ig-page-name"><valueUrl value="CapabilityStatement-NHS-England-APIM-Provider.html"/></extension><nameUrl value="CapabilityStatement-NHS-England-APIM-Provider.html"/><title value="NHS England APIM Base API Definitions"/><generation value="generated"/></page><page><extension url="http://hl7.org/fhir/tools/StructureDefinition/ig-page-name"><valueUrl value="CapabilityStatement-BookingProvider.html"/></extension><nameUrl value="CapabilityStatement-BookingProvider.html"/><title value="NHS England Booking Provider"/><generation value="generated"/></page><page><extension url="http://hl7.org/fhir/tools/StructureDefinition/ig-page-name"><valueUrl value="CapabilityStatement-IHE.PCF.consentAuthorizationServer.html"/></extension><nameUrl value="CapabilityStatement-IHE.PCF.consentAuthorizationServer.html"/><title value="NHS England IHE Privacy Consent on FHIR (PCF)"/><generation value="generated"/></page><page><extension url="http://hl7.org/fhir/tools/StructureDefinition/ig-page-name"><valueUrl value="CapabilityStatement-UKCoreAccessPatientIndexProvider.html"/></extension><nameUrl value="CapabilityStatement-UKCoreAccessPatientIndexProvider.html"/><title value="UKCore Access Patient Index Provider"/><generation value="generated"/></page><page><extension url="http://hl7.org/fhir/tools/StructureDefinition/ig-page-name"><valueUrl value="Questionnaire-permission.html"/></extension><nameUrl value="Questionnaire-permission.html"/><title value="Permission"/><generation value="generated"/></page><page><extension url="http://hl7.org/fhir/tools/StructureDefinition/ig-page-name"><valueUrl value="Questionnaire-Questionnaire-Proxy-Access-Request.html"/></extension><nameUrl value="Questionnaire-Questionnaire-Proxy-Access-Request.html"/><title value="Proxy Access Request Form"/><generation value="generated"/></page><page><extension url="http://hl7.org/fhir/tools/StructureDefinition/ig-page-name"><valueUrl value="StructureDefinition-Appointment.html"/></extension><nameUrl value="StructureDefinition-Appointment.html"/><title value="Appointment"/><generation value="generated"/></page><page><extension url="http://hl7.org/fhir/tools/StructureDefinition/ig-page-name"><valueUrl value="StructureDefinition-AppointmentResponse.html"/></extension><nameUrl value="StructureDefinition-AppointmentResponse.html"/><title value="AppointmentResponse"/><generation value="generated"/></page><page><extension url="http://hl7.org/fhir/tools/StructureDefinition/ig-page-name"><valueUrl value="StructureDefinition-IHEPCF-Basic-Consent.html"/></extension><nameUrl value="StructureDefinition-IHEPCF-Basic-Consent.html"/><title value="BasicConsent"/><generation value="generated"/></page><page><extension url="http://hl7.org/fhir/tools/StructureDefinition/ig-page-name"><valueUrl value="StructureDefinition-DocumentReference.html"/></extension><nameUrl value="StructureDefinition-DocumentReference.html"/><title value="DocumentReference"/><generation value="generated"/></page><page><extension url="http://hl7.org/fhir/tools/StructureDefinition/ig-page-name"><valueUrl value="StructureDefinition-Encounter.html"/></extension><nameUrl value="StructureDefinition-Encounter.html"/><title value="Encounter"/><generation value="generated"/></page><page><extension url="http://hl7.org/fhir/tools/StructureDefinition/ig-page-name"><valueUrl value="StructureDefinition-Endpoint.html"/></extension><nameUrl value="StructureDefinition-Endpoint.html"/><title value="Endpoint"/><generation value="generated"/></page><page><extension url="http://hl7.org/fhir/tools/StructureDefinition/ig-page-name"><valueUrl value="StructureDefinition-HealthcareService.html"/></extension><nameUrl value="StructureDefinition-HealthcareService.html"/><title value="HealthcareService"/><generation value="generated"/></page><page><extension url="http://hl7.org/fhir/tools/StructureDefinition/ig-page-name"><valueUrl value="StructureDefinition-ConsentNationalProxy.html"/></extension><nameUrl value="StructureDefinition-ConsentNationalProxy.html"/><title value="NHS England National Proxy Consent Profile"/><generation value="generated"/></page><page><extension url="http://hl7.org/fhir/tools/StructureDefinition/ig-page-name"><valueUrl value="StructureDefinition-FlagConsent.html"/></extension><nameUrl value="StructureDefinition-FlagConsent.html"/><title value="NHSE Flag Consent Profile"/><generation value="generated"/></page><page><extension url="http://hl7.org/fhir/tools/StructureDefinition/ig-page-name"><valueUrl value="StructureDefinition-FlagProvenance.html"/></extension><nameUrl value="StructureDefinition-FlagProvenance.html"/><title value="NHSE Flag Provenance Profile"/><generation value="generated"/></page><page><extension url="http://hl7.org/fhir/tools/StructureDefinition/ig-page-name"><valueUrl value="StructureDefinition-Observation.html"/></extension><nameUrl value="StructureDefinition-Observation.html"/><title value="Observation"/><generation value="generated"/></page><page><extension url="http://hl7.org/fhir/tools/StructureDefinition/ig-page-name"><valueUrl value="StructureDefinition-Organization.html"/></extension><nameUrl value="StructureDefinition-Organization.html"/><title value="Organization"/><generation value="generated"/></page><page><extension url="http://hl7.org/fhir/tools/StructureDefinition/ig-page-name"><valueUrl value="StructureDefinition-OrganizationAffiliation.html"/></extension><nameUrl value="StructureDefinition-OrganizationAffiliation.html"/><title value="OrganizationAffiliation"/><generation value="generated"/></page><page><extension url="http://hl7.org/fhir/tools/StructureDefinition/ig-page-name"><valueUrl value="StructureDefinition-PatientHL7v2.html"/></extension><nameUrl value="StructureDefinition-PatientHL7v2.html"/><title value="PatientHL7v2"/><generation value="generated"/></page><page><extension url="http://hl7.org/fhir/tools/StructureDefinition/ig-page-name"><valueUrl value="StructureDefinition-PatientPDS.html"/></extension><nameUrl value="StructureDefinition-PatientPDS.html"/><title value="PatientPDS"/><generation value="generated"/></page><page><extension url="http://hl7.org/fhir/tools/StructureDefinition/ig-page-name"><valueUrl value="StructureDefinition-PatientPDSNHSNumberAllocation.html"/></extension><nameUrl value="StructureDefinition-PatientPDSNHSNumberAllocation.html"/><title value="PatientPDSNHSNumberAllocation"/><generation value="generated"/></page><page><extension url="http://hl7.org/fhir/tools/StructureDefinition/ig-page-name"><valueUrl value="StructureDefinition-Practitioner.html"/></extension><nameUrl value="StructureDefinition-Practitioner.html"/><title value="Practitioner"/><generation value="generated"/></page><page><extension url="http://hl7.org/fhir/tools/StructureDefinition/ig-page-name"><valueUrl value="StructureDefinition-PractitionerRole.html"/></extension><nameUrl value="StructureDefinition-PractitionerRole.html"/><title value="PractitionerRole"/><generation value="generated"/></page><page><extension url="http://hl7.org/fhir/tools/StructureDefinition/ig-page-name"><valueUrl value="StructureDefinition-RelatedPerson.html"/></extension><nameUrl value="StructureDefinition-RelatedPerson.html"/><title value="RelatedPerson"/><generation value="generated"/></page><page><extension url="http://hl7.org/fhir/tools/StructureDefinition/ig-page-name"><valueUrl value="StructureDefinition-Schedule.html"/></extension><nameUrl value="StructureDefinition-Schedule.html"/><title value="Schedule"/><generation value="generated"/></page><page><extension url="http://hl7.org/fhir/tools/StructureDefinition/ig-page-name"><valueUrl value="StructureDefinition-ServiceRequest.html"/></extension><nameUrl value="StructureDefinition-ServiceRequest.html"/><title value="ServiceRequest"/><generation value="generated"/></page><page><extension url="http://hl7.org/fhir/tools/StructureDefinition/ig-page-name"><valueUrl value="StructureDefinition-Slot.html"/></extension><nameUrl value="StructureDefinition-Slot.html"/><title value="Slot"/><generation value="generated"/></page><page><extension url="http://hl7.org/fhir/tools/StructureDefinition/ig-page-name"><valueUrl value="StructureDefinition-Subscription.html"/></extension><nameUrl value="StructureDefinition-Subscription.html"/><title value="Subscription"/><generation value="generated"/></page><page><extension url="http://hl7.org/fhir/tools/StructureDefinition/ig-page-name"><valueUrl value="StructureDefinition-Task.html"/></extension><nameUrl value="StructureDefinition-Task.html"/><title value="Task"/><generation value="generated"/></page><page><extension url="http://hl7.org/fhir/tools/StructureDefinition/ig-page-name"><valueUrl value="StructureDefinition-UKCore-Organization.html"/></extension><nameUrl value="StructureDefinition-UKCore-Organization.html"/><title value="UK Core Organization"/><generation value="generated"/></page><page><extension url="http://hl7.org/fhir/tools/StructureDefinition/ig-page-name"><valueUrl value="StructureDefinition-UKCore-Patient.html"/></extension><nameUrl value="StructureDefinition-UKCore-Patient.html"/><title value="UK Core Patient"/><generation value="generated"/></page><page><extension url="http://hl7.org/fhir/tools/StructureDefinition/ig-page-name"><valueUrl value="StructureDefinition-UKCore-RelatedPerson.html"/></extension><nameUrl value="StructureDefinition-UKCore-RelatedPerson.html"/><title value="UK Core RelatedPerson"/><generation value="generated"/></page><page><extension url="http://hl7.org/fhir/tools/StructureDefinition/ig-page-name"><valueUrl value="StructureDefinition-Extension-ConsentCreateSummary.html"/></extension><nameUrl value="StructureDefinition-Extension-ConsentCreateSummary.html"/><title value="Extension for Consent Create Summary"/><generation value="generated"/></page><page><extension url="http://hl7.org/fhir/tools/StructureDefinition/ig-page-name"><valueUrl value="StructureDefinition-Extension-ConsentRemoveSummary.html"/></extension><nameUrl value="StructureDefinition-Extension-ConsentRemoveSummary.html"/><title value="Extension for Consent Remove Summary"/><generation value="generated"/></page><page><extension url="http://hl7.org/fhir/tools/StructureDefinition/ig-page-name"><valueUrl value="ValueSet-NHSDigital-CareSettingType.html"/></extension><nameUrl value="ValueSet-NHSDigital-CareSettingType.html"/><title value="NHSDigital-CareSettingType"/><generation value="generated"/></page><page><extension url="http://hl7.org/fhir/tools/StructureDefinition/ig-page-name"><valueUrl value="ValueSet-FlagConsentPurpose.html"/></extension><nameUrl value="ValueSet-FlagConsentPurpose.html"/><title value="NHSE Flag Consent Purpose"/><generation value="generated"/></page><page><extension url="http://hl7.org/fhir/tools/StructureDefinition/ig-page-name"><valueUrl value="ValueSet-FlagProvenanceRole.html"/></extension><nameUrl value="ValueSet-FlagProvenanceRole.html"/><title value="NHSE Flag Provenance Role"/><generation value="generated"/></page><page><extension url="http://hl7.org/fhir/tools/StructureDefinition/ig-page-name"><valueUrl value="ValueSet-FlagProxyRole.html"/></extension><nameUrl value="ValueSet-FlagProxyRole.html"/><title value="NHSE Flag Proxy Role"/><generation value="generated"/></page><page><extension url="http://hl7.org/fhir/tools/StructureDefinition/ig-page-name"><valueUrl value="ValueSet-PatientFlagCategory.html"/></extension><nameUrl value="ValueSet-PatientFlagCategory.html"/><title value="NHSE Patient Flag Category"/><generation value="generated"/></page><page><extension url="http://hl7.org/fhir/tools/StructureDefinition/ig-page-name"><valueUrl value="CodeSystem-FGM-ConsentPurpose.html"/></extension><nameUrl value="CodeSystem-FGM-ConsentPurpose.html"/><title value="FGM Consent Purpose"/><generation value="generated"/></page><page><extension url="http://hl7.org/fhir/tools/StructureDefinition/ig-page-name"><valueUrl value="CodeSystem-NHSDataModelAndDictionary-treatment-function.html"/></extension><nameUrl value="CodeSystem-NHSDataModelAndDictionary-treatment-function.html"/><title value="NHSDataModelandDictionaryTreatmentFunction"/><generation value="generated"/></page><page><extension url="http://hl7.org/fhir/tools/StructureDefinition/ig-page-name"><valueUrl value="CodeSystem-FlagProxyRole.html"/></extension><nameUrl value="CodeSystem-FlagProxyRole.html"/><title value="NHSE Flag Proxy Role"/><generation value="generated"/></page><page><extension url="http://hl7.org/fhir/tools/StructureDefinition/ig-page-name"><valueUrl value="CodeSystem-PatientFlagCategory.html"/></extension><nameUrl value="CodeSystem-PatientFlagCategory.html"/><title value="NHSE Patient Flag Category"/><generation value="generated"/></page><page><extension url="http://hl7.org/fhir/tools/StructureDefinition/ig-page-name"><valueUrl value="Bundle-Bundle-ex-EventNotification.html"/></extension><nameUrl value="Bundle-Bundle-ex-EventNotification.html"/><title value="Bundle-ex-EventNotification"/><generation value="generated"/></page><page><extension url="http://hl7.org/fhir/tools/StructureDefinition/ig-page-name"><valueUrl value="Bundle-Bundle-ex-PMIRBundleCreate.html"/></extension><nameUrl value="Bundle-Bundle-ex-PMIRBundleCreate.html"/><title value="Bundle-ex-PMIRBundleCreate"/><generation value="generated"/></page><page><extension url="http://hl7.org/fhir/tools/StructureDefinition/ig-page-name"><valueUrl value="Bundle-Bundle-ex-ResourcePublish.html"/></extension><nameUrl value="Bundle-Bundle-ex-ResourcePublish.html"/><title value="Bundle-ex-ResourcePublish"/><generation value="generated"/></page><page><extension url="http://hl7.org/fhir/tools/StructureDefinition/ig-page-name"><valueUrl value="Subscription-Bundle-ex-subscription.html"/></extension><nameUrl value="Subscription-Bundle-ex-subscription.html"/><title value="Bundle-ex-subscription"/><generation value="generated"/></page><page><extension url="http://hl7.org/fhir/tools/StructureDefinition/ig-page-name"><valueUrl value="Consent-Consent-CPISConsentExample1.html"/></extension><nameUrl value="Consent-Consent-CPISConsentExample1.html"/><title value="Consent-CPISConsentExample1"/><generation value="generated"/></page><page><extension url="http://hl7.org/fhir/tools/StructureDefinition/ig-page-name"><valueUrl value="Consent-Consent-national-proxy-confirmed.html"/></extension><nameUrl value="Consent-Consent-national-proxy-confirmed.html"/><title value="Consent-national-proxy-confirmed"/><generation value="generated"/></page><page><extension url="http://hl7.org/fhir/tools/StructureDefinition/ig-page-name"><valueUrl value="Consent-Consent-national-proxy-proposed.html"/></extension><nameUrl value="Consent-Consent-national-proxy-proposed.html"/><title value="Consent-national-proxy-proposed"/><generation value="generated"/></page><page><extension url="http://hl7.org/fhir/tools/StructureDefinition/ig-page-name"><valueUrl value="Consent-Consent-national-proxy-rejected.html"/></extension><nameUrl value="Consent-Consent-national-proxy-rejected.html"/><title value="Consent-national-proxy-rejected"/><generation value="generated"/></page><page><extension url="http://hl7.org/fhir/tools/StructureDefinition/ig-page-name"><valueUrl value="Encounter-Encounter-inpatient-discharge-fredrica-smith.html"/></extension><nameUrl value="Encounter-Encounter-inpatient-discharge-fredrica-smith.html"/><title value="Encounter-inpatient-discharge-fredrica-smith"/><generation value="generated"/></page><page><extension url="http://hl7.org/fhir/tools/StructureDefinition/ig-page-name"><valueUrl value="Encounter-Encounter-outpatient-fredrica-smith.html"/></extension><nameUrl value="Encounter-Encounter-outpatient-fredrica-smith.html"/><title value="Encounter-outpatient-fredrica-smith"/><generation value="generated"/></page><page><extension url="http://hl7.org/fhir/tools/StructureDefinition/ig-page-name"><valueUrl value="RelatedPerson-RelatedPerson-NHS-91000000009.html"/></extension><nameUrl value="RelatedPerson-RelatedPerson-NHS-91000000009.html"/><title value="National Proxy Related Person Mother Example"/><generation value="generated"/></page><page><extension url="http://hl7.org/fhir/tools/StructureDefinition/ig-page-name"><valueUrl value="Patient-Patient-donald-with-chi-number-and-mrn.html"/></extension><nameUrl value="Patient-Patient-donald-with-chi-number-and-mrn.html"/><title value="Patient-donald-with-chi-number-and-mrn"/><generation value="generated"/></page><page><extension url="http://hl7.org/fhir/tools/StructureDefinition/ig-page-name"><valueUrl value="Patient-Patient-donald-with-chi-number-mrn-and-nhs-number.html"/></extension><nameUrl value="Patient-Patient-donald-with-chi-number-mrn-and-nhs-number.html"/><title value="Patient-donald-with-chi-number-mrn-and-nhs-number"/><generation value="generated"/></page><page><extension url="http://hl7.org/fhir/tools/StructureDefinition/ig-page-name"><valueUrl value="Patient-Patient-donald-with-nhs-number.html"/></extension><nameUrl value="Patient-Patient-donald-with-nhs-number.html"/><title value="Patient-donald-with-nhs-number"/><generation value="generated"/></page><page><extension url="http://hl7.org/fhir/tools/StructureDefinition/ig-page-name"><valueUrl value="Patient-Patient-HL7v2-NHS-3333333333-Fredrica-Smith.html"/></extension><nameUrl value="Patient-Patient-HL7v2-NHS-3333333333-Fredrica-Smith.html"/><title value="Patient-HL7v2-NHS-3333333333-Fredrica-Smith"/><generation value="generated"/></page><page><extension url="http://hl7.org/fhir/tools/StructureDefinition/ig-page-name"><valueUrl value="Patient-Patient-NHS-9459304130-Jane-Smith.html"/></extension><nameUrl value="Patient-Patient-NHS-9459304130-Jane-Smith.html"/><title value="Patient-NHS-9459304130-Jane-Smith"/><generation value="generated"/></page><page><extension url="http://hl7.org/fhir/tools/StructureDefinition/ig-page-name"><valueUrl value="Patient-Patient-NHS-9912003814-Michael-SMITHIES.html"/></extension><nameUrl value="Patient-Patient-NHS-9912003814-Michael-SMITHIES.html"/><title value="Patient-NHS-9912003814-Michael-SMITHIES"/><generation value="generated"/></page><page><extension url="http://hl7.org/fhir/tools/StructureDefinition/ig-page-name"><valueUrl value="Patient-Patient-PDS-NHS-9000000017-Jayne-Smith.html"/></extension><nameUrl value="Patient-Patient-PDS-NHS-9000000017-Jayne-Smith.html"/><title value="Patient-PDS-NHS-9000000017-Jayne-Smith"/><generation value="generated"/></page><page><extension url="http://hl7.org/fhir/tools/StructureDefinition/ig-page-name"><valueUrl value="QuestionnaireResponse-QuestionnaireResponse-national-proxy-request.html"/></extension><nameUrl value="QuestionnaireResponse-QuestionnaireResponse-national-proxy-request.html"/><title value="QuestionnaireResponse-national-proxy-request"/><generation value="generated"/></page><page><extension url="http://hl7.org/fhir/tools/StructureDefinition/ig-page-name"><valueUrl value="RelatedPerson-RelatedPerson-HL7v2-Francesca-Smith.html"/></extension><nameUrl value="RelatedPerson-RelatedPerson-HL7v2-Francesca-Smith.html"/><title value="RelatedPerson-HL7v2-Francesca-Smith"/><generation value="generated"/></page><page><extension url="http://hl7.org/fhir/tools/StructureDefinition/ig-page-name"><valueUrl value="RelatedPerson-RelatedPerson-NHS-9000000017-Jane-Smith.html"/></extension><nameUrl value="RelatedPerson-RelatedPerson-NHS-9000000017-Jane-Smith.html"/><title value="RelatedPerson-NHS-9000000017-Jane-Smith"/><generation value="generated"/></page><page><extension url="http://hl7.org/fhir/tools/StructureDefinition/ig-page-name"><valueUrl value="RelatedPerson-RelatedPerson-PDS-NHS-90000000009-Jane-Smith.html"/></extension><nameUrl value="RelatedPerson-RelatedPerson-PDS-NHS-90000000009-Jane-Smith.html"/><title value="RelatedPerson-PDS-NHS-90000000009-Jane-Smith"/><generation value="generated"/></page><page><extension url="http://hl7.org/fhir/tools/StructureDefinition/ig-page-name"><valueUrl value="Subscription-Subscription-ex-Encounter.html"/></extension><nameUrl value="Subscription-Subscription-ex-Encounter.html"/><title value="Subscription-ex-Encounter"/><generation value="generated"/></page><page><extension url="http://hl7.org/fhir/tools/StructureDefinition/ig-page-name"><valueUrl value="Subscription-Subscription-ex-Patient.html"/></extension><nameUrl value="Subscription-Subscription-ex-Patient.html"/><title value="Subscription-ex-Patient"/><generation value="generated"/></page><page><extension url="http://hl7.org/fhir/tools/StructureDefinition/ig-page-name"><valueUrl value="Task-Task-request-consent-verification.html"/></extension><nameUrl value="Task-Task-request-consent-verification.html"/><title value="Task-request-consent-verification"/><generation value="generated"/></page><page><extension url="http://hl7.org/fhir/tools/StructureDefinition/ig-page-name"><valueUrl value="Bundle-h1.html"/></extension><nameUrl value="Bundle-h1.html"/><title value="null (Bundle)"/><generation value="generated"/></page></page></page><parameter><code value="path-resource"/><value value="input/capabilities"/></parameter><parameter><code value="path-resource"/><value value="input/examples"/></parameter><parameter><code value="path-resource"/><value value="input/extensions"/></parameter><parameter><code value="path-resource"/><value value="input/models"/></parameter><parameter><code value="path-resource"/><value value="input/operations"/></parameter><parameter><code value="path-resource"/><value value="input/profiles"/></parameter><parameter><code value="path-resource"/><value value="input/resources"/></parameter><parameter><code value="path-resource"/><value value="input/vocabulary"/></parameter><parameter><code value="path-resource"/><value value="input/maps"/></parameter><parameter><code value="path-resource"/><value value="input/testing"/></parameter><parameter><code value="path-resource"/><value value="input/history"/></parameter><parameter><code value="path-resource"/><value value="fsh-generated/resources"/></parameter><parameter><code value="path-pages"/><value value="template/config"/></parameter><parameter><code value="path-pages"/><value value="input/images"/></parameter><parameter><code value="path-tx-cache"/><value value="input-cache/txcache"/></parameter></definition></ImplementationGuide>