<?xml version="1.0" encoding="UTF-8"?><ValueSet xmlns="http://hl7.org/fhir"><id value="NHSDigital-CareSettingType"/><text><status value="generated"/><div xmlns="http://www.w3.org/1999/xhtml"><p>This value set includes codes based on the following rules:</p><ul><li>Include codes from <a href="http://www.snomed.org/"><code>http://snomed.info/sct</code></a> where constraint  =  memberOf 1127531000000102</li><li>Include all codes defined in <a href="CodeSystem-NHSDataModelAndDictionary-treatment-function.html"><code>https://fhir.nhs.uk/CodeSystem/NHSDataModelAndDictionary-treatment-function</code></a></li></ul></div></text><url value="https://fhir.nhs.uk/ValueSet/NHSDigital-CareSettingType"/><version value="0.0.1"/><name value="NHSDigitalCareSettingType"/><title value="NHSDigital Treatment Function Code"/><status value="draft"/><date value="2020-11-04T00:00:00+00:00"/><publisher value="NHS England"/><contact><name value="NHS England"/><telecom><system value="url"/><value value="https://www.england.nhs.uk/"/></telecom></contact><description value="Cross Hl7 UK version of UKCore CareSetting"/><jurisdiction><coding><system value="urn:iso:std:iso:3166"/><code value="GB-ENG"/><display value="England"/></coding></jurisdiction><copyright value="Copyright © 2020 NHS Digital Licensed under the Apache License, Version 2.0 (the &quot;License&quot;); you may not use this file except in compliance with the License. You may obtain a copy of the License at  http://www.apache.org/licenses/LICENSE-2.0 Unless required by applicable law or agreed to in writing, software distributed under the License is distributed on an &quot;AS IS&quot; BASIS, WITHOUT WARRANTIES OR CONDITIONS OF ANY KIND, either express or implied. See the License for the specific language governing permissions and limitations under the License. HL7® FHIR® standard Copyright © 2011+ HL7  The HL7® FHIR® standard is used under the FHIR license. You may obtain a copy of the FHIR license at  https://www.hl7.org/fhir/license.html."/><compose><include><system value="http://snomed.info/sct"/><filter><property value="constraint"/><op value="="/><value value="memberOf 1127531000000102"/></filter></include><include><system value="https://fhir.nhs.uk/CodeSystem/NHSDataModelAndDictionary-treatment-function"/><version value="1.2.1"/></include></compose></ValueSet>