{
  "codeSystems" : [
    {
      "url" : "http://terminology.hl7.org/CodeSystem/organization-type",
      "version" : "0.1.0",
      "status" : "draft",
      "name" : "OrganizationType",
      "title" : "Organization type",
      "description" : "This example value set defines a set of codes that can be used to indicate a type of organization.",
      "oids" : ["2.16.840.1.113883.4.642.1.1128"],
      "uses" : {
      },
      "https://simplifier.net/resolve?scope=fhir.r4.ukcore.stu3.currentbuild@0.0.6-pre-release&canonical=https://fhir.hl7.org.uk/ValueSet/UKCore-OrganizationType" : "UK Core Organization Type"
    },
    {
      "url" : "https://fhir.hl7.org.uk/CodeSystem/UKCore-OrganizationTypeGenomics",
      "version" : "1.0.0",
      "status" : "active",
      "name" : "UKCoreOrganizationTypeGenomics",
      "title" : "UK Core Organization Type Genomics",
      "description" : "A set of codes to define additional genomic lab concepts for an organisation type.",
      "uses" : {
      },
      "https://simplifier.net/resolve?scope=fhir.r4.ukcore.stu3.currentbuild@0.0.6-pre-release&canonical=https://fhir.hl7.org.uk/ValueSet/UKCore-OrganizationType" : "UK Core Organization Type"
    }
  ]
}
