<?xml version="1.0" encoding="UTF-8"?>

<Patient xmlns="http://hl7.org/fhir">
  <id value="example"/>
  <text>
    <status value="generated"/><div xmlns="http://www.w3.org/1999/xhtml"><p style="border: 1px #661aff solid; background-color: #e6e6ff; padding: 10px;"><b>Michael SMITHIES (OFFICIAL)</b> male, DoB: 1972-08-12 ( id: 9912003814)</p><hr/><table class="grid"><tr><td style="background-color: #f3f5da" title="Ways to contact the Patient">Contact Detail:</td><td colspan="3">ph: 01131239876</td></tr></table></div>
  </text>
  <identifier>
    <extension url="https://fhir.hl7.org.uk/StructureDefinition/Extension-UKCore-NHSNumberVerificationStatus">
      <valueCodeableConcept>
        <coding>
          <system value="https://fhir.hl7.org.uk/CodeSystem/UKCore-NHSNumberVerificationStatusEngland"/>
          <code value="01"/>
          <display value="Number present and verified"/>
        </coding>
      </valueCodeableConcept>
    </extension>
    <system value="https://fhir.nhs.uk/Id/nhs-number"/>
    <value value="9912003814"/>
  </identifier>
  <name>
    <use value="official"/>
    <family value="SMITHIES"/>
    <given value="Michael"/>
  </name>
  <telecom>
    <system value="phone"/>
    <value value="01131239876"/>
  </telecom>
  <gender value="male"/>
  <birthDate value="1972-08-12"/>
</Patient>