{
  "resourceType" : "Patient",
  "id" : "example",
  "text" : {
    "status" : "generated",
    "div" : "<div xmlns=\"http://www.w3.org/1999/xhtml\"><p style=\"border: 1px #661aff solid; background-color: #e6e6ff; padding: 10px;\"><b>Michael SMITHIES (OFFICIAL)</b> male, DoB: 1972-08-12 ( id:\u00a09912003814)</p><hr/><table class=\"grid\"><tr><td style=\"background-color: #f3f5da\" title=\"Ways to contact the Patient\">Contact Detail:</td><td colspan=\"3\">ph: 01131239876</td></tr></table></div>"
  },
  "identifier" : [{
    "extension" : [{
      "url" : "https://fhir.hl7.org.uk/StructureDefinition/Extension-UKCore-NHSNumberVerificationStatus",
      "valueCodeableConcept" : {
        "coding" : [{
          "system" : "https://fhir.hl7.org.uk/CodeSystem/UKCore-NHSNumberVerificationStatusEngland",
          "code" : "01",
          "display" : "Number present and verified"
        }]
      }
    }],
    "system" : "https://fhir.nhs.uk/Id/nhs-number",
    "value" : "9912003814"
  }],
  "name" : [{
    "use" : "official",
    "family" : "SMITHIES",
    "given" : ["Michael"]
  }],
  "telecom" : [{
    "system" : "phone",
    "value" : "01131239876"
  }],
  "gender" : "male",
  "birthDate" : "1972-08-12"
}