<?xml version="1.0" encoding="UTF-8"?>

<Bundle xmlns="http://hl7.org/fhir">
  <id value="Bundle-ex-ResourcePublish"/>
  <type value="transaction"/>
  <entry>
    <fullUrl value="urn:uuid:aaaaaaaa-bbbb-cccc-dddd-e00111100004"/>
    <resource>
      <Encounter>
        <id value="outpatient-fredrica-smith"/>
        <meta>
          <profile value="https://fhir.nhs.uk/England/StructureDefinition/Encounter"/>
        </meta>
        <text>
          <status value="generated"/><div xmlns="http://www.w3.org/1999/xhtml"><a name="Encounter_outpatient-fredrica-smith"> </a><p><b>Generated Narrative: Encounter</b><a name="outpatient-fredrica-smith"> </a><a name="hcoutpatient-fredrica-smith"> </a></p><div style="display: inline-block; background-color: #d9e0e7; padding: 6px; margin: 4px; border: 1px solid #8da1b4; border-radius: 5px; line-height: 60%"><p style="margin-bottom: 0px">Resource Encounter &quot;outpatient-fredrica-smith&quot; </p><p style="margin-bottom: 0px">Profile: <a href="StructureDefinition-Encounter.html">Encounter</a></p></div><p><b>identifier</b>: <code>https://fhir.leedsth.nhs.uk/VisitId</code>/2141</p><p><b>status</b>: in-progress</p><p><b>class</b>: ambulatory (Details: http://terminology.hl7.org/CodeSystem/v3-ActCode code AMB = 'ambulatory', stated as 'ambulatory')</p><p><b>serviceType</b>: GENERAL MEDICINE <span style="background: LightGoldenRodYellow; margin: 4px; border: 1px solid khaki"> (<a href="CodeSystem-NHSDataModelAndDictionary-treatment-function.html">NHSDataModelandDictionaryTreatmentFunction</a>#300)</span></p><p><b>subject</b>: <span>: Fredrica Smith</span></p><h3>Participants</h3><table class="grid"><tr><td style="display: none">-</td><td><b>Type</b></td><td><b>Individual</b></td></tr><tr><td style="display: none">*</td><td>attender <span style="background: LightGoldenRodYellow; margin: 4px; border: 1px solid khaki"> (<a href="http://terminology.hl7.org/5.3.0/CodeSystem-v3-ParticipationType.html">ParticipationType</a>#ATND)</span>, consultant <span style="background: LightGoldenRodYellow; margin: 4px; border: 1px solid khaki"> (<a href="http://terminology.hl7.org/5.3.0/CodeSystem-v3-ParticipationType.html">ParticipationType</a>#CON)</span></td><td><span>: Dr Samuel Darwin</span></td></tr></table><p><b>period</b>: 2010-11-01 16:00:00+0000 --&gt; (ongoing)</p><h3>Hospitalizations</h3><table class="grid"><tr><td style="display: none">-</td><td><b>DischargeDisposition</b></td></tr><tr><td style="display: none">*</td><td>Usual place of residence unless listed below, for example, a private dwelling whether owner occupied or owned by Local Authority, housing association or other landlord. This includes wardened accommodation but not residential accommodation where health care is provided. It also includes patients with no fixed abode. <span style="background: LightGoldenRodYellow; margin: 4px; border: 1px solid khaki"> (<a href="https://simplifier.net/resolve?scope=fhir.r4.ukcore.stu3.currentbuild@0.0.6-pre-release&amp;canonical=https://fhir.hl7.org.uk/CodeSystem/UKCore-DischargeDestinationEngland">UK Core Discharge Destination England</a>#19)</span></td></tr></table><h3>Locations</h3><table class="grid"><tr><td style="display: none">-</td><td><b>Location</b></td></tr><tr><td style="display: none">*</td><td><span><code>https://fhir.nhs.uk/Id/ods-site-code</code>/RCB55</span></td></tr></table><p><b>serviceProvider</b>: <span><code>https://fhir.nhs.uk/Id/ods-organization-code</code>/RCB</span></p></div>
        </text>
        <identifier>
          <system value="https://fhir.leedsth.nhs.uk/VisitId"/>
          <value value="2141"/>
        </identifier>
        <status value="in-progress"/>
        <class>
          <system value="http://terminology.hl7.org/CodeSystem/v3-ActCode"/>
          <code value="AMB"/>
          <display value="ambulatory"/>
        </class>
        <serviceType>
          <coding>
            <system value="https://fhir.nhs.uk/CodeSystem/NHSDataModelAndDictionary-treatment-function"/>
            <code value="300"/>
          </coding>
        </serviceType>
        <subject>
          <identifier>
            <system value="https://fhir.nhs.uk/Id/nhs-number"/>
            <value value="3333333333"/>
          </identifier>
          <display value="Fredrica Smith"/>
        </subject>
        <participant>
          <type>
            <coding>
              <system value="http://terminology.hl7.org/CodeSystem/v3-ParticipationType"/>
              <code value="ATND"/>
              <display value="attender"/>
            </coding>
          </type>
          <type>
            <coding>
              <system value="http://terminology.hl7.org/CodeSystem/v3-ParticipationType"/>
              <code value="CON"/>
              <display value="consultant"/>
            </coding>
          </type>
          <individual>
            <display value="Dr Samuel Darwin"/>
          </individual>
        </participant>
        <period>
          <start value="2010-11-01T16:00:00+00:00"/>
        </period>
        <hospitalization>
          <dischargeDisposition>
            <coding>
              <system value="https://fhir.hl7.org.uk/CodeSystem/UKCore-DischargeDestinationEngland"/>
              <code value="19"/>
            </coding>
          </dischargeDisposition>
        </hospitalization>
        <location>
          <location>
            <identifier>
              <system value="https://fhir.nhs.uk/Id/ods-site-code"/>
              <value value="RCB55"/>
            </identifier>
          </location>
        </location>
        <serviceProvider>
          <identifier>
            <system value="https://fhir.nhs.uk/Id/ods-organization-code"/>
            <value value="RCB"/>
          </identifier>
        </serviceProvider>
      </Encounter>
    </resource>
    <request>
      <method value="POST"/>
      <url value="Encounter"/>
    </request>
  </entry>
</Bundle>