<?xml version="1.0" encoding="UTF-8"?>

<CapabilityStatement xmlns="http://hl7.org/fhir">
  <id value="NHSEnglandPatientEncounterManagementProvider"/>
  <text>
    <status value="extensions"/><div xmlns="http://www.w3.org/1999/xhtml"><h2 id="title">NHS England Patient Encounter Management</h2><ul><li>Implementation Guide Version: 0.0.1</li><li>FHIR Version: 4.0.1</li><li>Supported Formats: <code>json</code></li><li>Supported Patch Formats: </li><li>Published on: Wed Feb 01 00:00:00 GMT 2023</li><li>Published by: NHS England</li></ul><blockquote class="impl-note"><p><strong>Note to Implementers: FHIR Capabilities</strong></p><p>Any FHIR capability may be 'allowed' by the system unless explicitly marked as &quot;SHALL NOT&quot;. A few items are marked as MAY in the Implementation Guide to highlight their potential relevance to the use case.</p></blockquote><h2 id="rest">FHIR RESTful Capabilities</h2><div class="panel panel-default"><div class="panel-heading"><h3 id="mode1" class="panel-title">Mode: <code>server</code></h3></div><div class="panel-body"><div class="lead"><em>Summary of System-wide Interactions</em></div></div></div><h3 id="resourcesCap1">Capabilities by Resource/Profile</h3><h4 id="resourcesSummary1">Summary</h4><p>The summary table lists the resources that are part of this configuration, and for each resource it lists:</p><ul><li>The relevant profiles (if any)</li><li>The interactions supported by each resource (<b><span class="bg-info">R</span></b>ead, <b><span class="bg-info">S</span></b>earch, <b><span class="bg-info">U</span></b>pdate, and <b><span class="bg-info">C</span></b>reate, are always shown, while <b><span class="bg-info">VR</span></b>ead, <b><span class="bg-info">P</span></b>atch, <b><span class="bg-info">D</span></b>elete, <b><span class="bg-info">H</span></b>istory on <b><span class="bg-info">I</span></b>nstance, or <b><span class="bg-info">H</span></b>istory on <b><span class="bg-info">T</span></b>ype are only present if at least one of the resources has support for them.</li><li><span>The required, recommended, and some optional search parameters (if any). </span></li><li>The linked resources enabled for <code>_include</code></li><li>The other resources enabled for <code>_revinclude</code></li><li>The operations on the resource (if any)</li></ul><div class="table-responsive"><table class="table table-condensed table-hover"><thead><tr><th><b>Resource Type</b></th><th><b>Profile</b></th><th class="text-center"><b title="GET a resource (read interaction)">R</b></th><th class="text-center"><b title="GET all set of resources of the type (search interaction)">S</b></th><th class="text-center"><b title="PUT a new resource version (update interaction)">U</b></th><th class="text-center"><b title="POST a new resource (create interaction)">C</b></th><th><b title="Required and recommended search parameters">Searches</b></th><th><code><b>_include</b></code></th><th><code><b>_revinclude</b></code></th><th><b>Operations</b></th></tr></thead><tbody><tr><td><a href="#Encounter1-1">Encounter</a></td><td><a href="StructureDefinition-Encounter.html">https://fhir.nhs.uk/England/StructureDefinition/Encounter</a></td><td>y</td><td class="text-center">y</td><td class="text-center">y</td><td class="text-center"></td><td>_id, patient, patient:identifier, date, date+patient, date+patient:identifier</td><td/><td/><td/></tr></tbody></table></div><hr/><div class="panel panel-default"><div class="panel-heading"><h4 id="Encounter1-1" class="panel-title"><span style="float: right;">Resource Conformance: SHALL</span>Encounter</h4></div><div class="panel-body"><div class="container"><div class="row"><div class="col-lg-6"><span class="lead">Base System Profile</span><br/><a href="StructureDefinition-Encounter.html">https://fhir.nhs.uk/England/StructureDefinition/Encounter</a></div><div class="col-lg-3"><span class="lead">Profile Conformance</span><br/><b>SHALL</b></div><div class="col-lg-3"><span class="lead">Reference Policy</span><br/></div></div><p/><div class="row"><div class="col-lg-6"><span class="lead">Interaction summary</span><br/><ul><li><strong>SHALL</strong> support <code>update</code>, <code>read</code>, <code>search-type</code>.</li></ul></div></div><p/><div class="row"><div class="col-12"><span class="lead">Documentation</span><blockquote><div><p>The update expects an identifier parameter i.e. <code>PUT [base]/Encounter?identifier={system|}[code]</code>.</p>
<p>Example:</p>
<p>PUT [base]/Encounter?identifier=https://fhir.leedsth.nhs.uk/YrVisit|YOR123456</p>
<p>This is the same <strong>upsert</strong> behaviour as described <a href="https://profiles.ihe.net/ITI/PIXm/ITI-104.html#2310441-add-or-revise-patient">IHE PIXm</a> around the Patient resource.</p>
</div></blockquote></div></div><div class="row"><div class="col-lg-7"><span class="lead">Search Parameters</span><table class="table table-condensed table-hover"><thead><tr><th>Conformance</th><th>Parameter</th><th>Type</th><th>Documentation</th></tr></thead><tbody><tr><td><b>SHALL</b></td><td>_id</td><td><code>token</code></td><td><div><p><code>GET [base]/Encounter/[id] or GET [base]/Encounter?_id=[id]</code></p>
<p>e.g. GET [base]/Encounter?_id=12354</p>
</div></td></tr><tr><td><b>SHALL</b></td><td>patient</td><td><code>reference</code></td><td><div><p><code>GET [base]/Encounter?patient={Type/}[id]</code></p>
<p>e.g. GET [base]/Encounter?patient=1137192</p>
</div></td></tr><tr><td><b>SHOULD</b></td><td>patient:identifier</td><td><code>token</code></td><td><div><p><code>GET [base]/Encounter?patient:identifier={system|}[code]</code></p>
<p>e.g. GET /Encounter?patient:identifier=https://fhir.nhs.uk/Id/nhs-number|9459304130</p>
</div></td></tr><tr><td><b>SHOULD</b></td><td>date</td><td><code>date</code></td><td><div><ul>
<li>including support for these date comparators: gt,lt,ge,le</li>
<li>including optional support for AND search on date (e.g.date=[date]&amp;date=[date]]&amp;...)</li>
</ul>
<p><code>GET [base]/Encounter?date={gt|lt|ge|le}[date]{&amp;date={gt|lt|ge|le}[date]&amp;...}&amp;patient={Type/}[id]</code></p>
<p>or</p>
<p><code>GET [base]/Encounter?date={gt|lt|ge|le}[date]{&amp;date={gt|lt|ge|le}[date]&amp;...}&amp;patient:identifier={system/}[code]</code></p>
<p>e.g. GET /Encounter?date=ge2019-01-01T00:00:00Z&amp;patient:identifier=https://fhir.nhs.uk/Id/nhs-number|9459304130</p>
</div></td></tr></tbody></table></div><div class="col-lg-5"><span class="lead">Combined Search Parameters</span><table class="table table-condensed table-hover"><thead><tr><th>Conformance</th><th>Parameters</th><th>Types</th></tr></thead><tbody><tr><td><b>SHOULD</b></td><td>date+patient</td><td><code>date</code>+<code>reference</code></td></tr><tr><td><b>SHOULD</b></td><td>date+patient:identifier</td><td><code>date</code>+<code>token</code></td></tr></tbody></table></div></div></div></div></div></div>
  </text>
  <url value="https://fhir.nhs.uk/England/CapabilityStatement/NHSEnglandPatientEncounterManagementProvider"/>
  <version value="0.0.1"/>
  <title value="NHS England Patient Encounter Management"/>
  <status value="active"/>
  <date value="2023-02-01"/>
  <publisher value="NHS England"/>
  <contact>
    <name value="NHS England"/>
    <telecom>
      <system value="url"/>
      <value value="https://www.england.nhs.uk/"/>
    </telecom>
  </contact>
  <description value="Provider query and update management of a encounter registry. Based on mandatory queries from [IHE Query for Existing Data for Mobile (QEDm)](https://build.fhir.org/ig/IHE/QEDm/branches/master/PCC-44.html#234441218-encounters-option-search-parameters) and also [US Core Encounter - Mandatory search parameters](https://build.fhir.org/ig/HL7/US-Core/StructureDefinition-us-core-encounter.html), plus [IHE PIXm](https://profiles.ihe.net/ITI/PIXm/ITI-104.html#2310441-add-or-revise-patient) upsert"/>
  <jurisdiction>
    <coding>
      <system value="urn:iso:std:iso:3166"/>
      <code value="GB-ENG"/>
      <display value="England"/>
    </coding>
  </jurisdiction>
  <kind value="requirements"/>
  <fhirVersion value="4.0.1"/>
  <format value="json"/>
  <rest>
    <mode value="server"/>
    <resource>
      <extension url="http://hl7.org/fhir/StructureDefinition/capabilitystatement-expectation">
        <valueCode value="SHALL"/>
      </extension>
      <extension url="http://hl7.org/fhir/StructureDefinition/capabilitystatement-search-parameter-combination">
        <extension url="http://hl7.org/fhir/StructureDefinition/capabilitystatement-expectation">
          <valueCode value="SHOULD"/>
        </extension>
        <extension url="required">
          <valueString value="date"/>
        </extension>
        <extension url="required">
          <valueString value="patient"/>
        </extension>
      </extension>
      <extension url="http://hl7.org/fhir/StructureDefinition/capabilitystatement-search-parameter-combination">
        <extension url="http://hl7.org/fhir/StructureDefinition/capabilitystatement-expectation">
          <valueCode value="SHOULD"/>
        </extension>
        <extension url="required">
          <valueString value="date"/>
        </extension>
        <extension url="required">
          <valueString value="patient:identifier"/>
        </extension>
      </extension>
      <type value="Encounter"/>
      <profile value="https://fhir.nhs.uk/England/StructureDefinition/Encounter"/>
      <documentation value="The update expects an identifier parameter i.e. ```PUT [base]/Encounter?identifier={system|}[code]```. &#xA;&#xA; Example: &#xA;&#xA; PUT [base]/Encounter?identifier=https://fhir.leedsth.nhs.uk/YrVisit|YOR123456    &#xA;&#xA; This is the same **upsert** behaviour as described [IHE PIXm](https://profiles.ihe.net/ITI/PIXm/ITI-104.html#2310441-add-or-revise-patient) around the Patient resource."/>
      <interaction>
        <extension url="http://hl7.org/fhir/StructureDefinition/capabilitystatement-expectation">
          <valueCode value="SHALL"/>
        </extension>
        <code value="update"/>
      </interaction>
      <interaction>
        <extension url="http://hl7.org/fhir/StructureDefinition/capabilitystatement-expectation">
          <valueCode value="SHALL"/>
        </extension>
        <code value="read"/>
      </interaction>
      <interaction>
        <extension url="http://hl7.org/fhir/StructureDefinition/capabilitystatement-expectation">
          <valueCode value="SHALL"/>
        </extension>
        <code value="search-type"/>
      </interaction>
      <conditionalUpdate value="true"/>
      <searchParam>
        <extension url="http://hl7.org/fhir/StructureDefinition/capabilitystatement-expectation">
          <valueCode value="SHALL"/>
        </extension>
        <name value="_id"/>
        <type value="token"/>
        <documentation value="```GET [base]/Encounter/[id] or GET [base]/Encounter?_id=[id]``` &#xA;&#xA; e.g. GET [base]/Encounter?_id=12354"/>
      </searchParam>
      <searchParam>
        <extension url="http://hl7.org/fhir/StructureDefinition/capabilitystatement-expectation">
          <valueCode value="SHALL"/>
        </extension>
        <name value="patient"/>
        <type value="reference"/>
        <documentation value="```GET [base]/Encounter?patient={Type/}[id]``` &#xA;&#xA; e.g. GET [base]/Encounter?patient=1137192"/>
      </searchParam>
      <searchParam>
        <extension url="http://hl7.org/fhir/StructureDefinition/capabilitystatement-expectation">
          <valueCode value="SHOULD"/>
        </extension>
        <name value="patient:identifier"/>
        <type value="token"/>
        <documentation value="```GET [base]/Encounter?patient:identifier={system|}[code]``` &#xA;&#xA; e.g. GET /Encounter?patient:identifier=https://fhir.nhs.uk/Id/nhs-number|9459304130"/>
      </searchParam>
      <searchParam>
        <extension url="http://hl7.org/fhir/StructureDefinition/capabilitystatement-expectation">
          <valueCode value="SHOULD"/>
        </extension>
        <name value="date"/>
        <type value="date"/>
        <documentation value="- including support for these date comparators: gt,lt,ge,le &#xA;- including optional support for AND search on date (e.g.date=[date]&amp;date=[date]]&amp;...) &#xA;&#xA; ```GET [base]/Encounter?date={gt|lt|ge|le}[date]{&amp;date={gt|lt|ge|le}[date]&amp;...}&amp;patient={Type/}[id]``` &#xA;&#xA; or &#xA;&#xA; ```GET [base]/Encounter?date={gt|lt|ge|le}[date]{&amp;date={gt|lt|ge|le}[date]&amp;...}&amp;patient:identifier={system/}[code]``` &#xA;&#xA; e.g. GET /Encounter?date=ge2019-01-01T00:00:00Z&amp;patient:identifier=https://fhir.nhs.uk/Id/nhs-number|9459304130"/>
      </searchParam>
    </resource>
  </rest>
</CapabilityStatement>