{
  "resourceType" : "CapabilityStatement",
  "id" : "NHS-England-APIM-Provider",
  "text" : {
    "status" : "extensions",
    "div" : "<div xmlns=\"http://www.w3.org/1999/xhtml\"><h2 id=\"title\">NHS England APIM Base API Definitions</h2><ul><li>Implementation Guide Version: 0.0.1</li><li>FHIR Version: 4.0.1</li><li>Supported Formats: <code>json</code></li><li>Supported Patch Formats: </li><li>Published on: Tue Jan 30 00:00:00 GMT 2024</li><li>Published by: NHS England</li></ul><blockquote class=\"impl-note\"><p><strong>Note to Implementers: FHIR Capabilities</strong></p><p>Any FHIR capability may be 'allowed' by the system unless explicitly marked as &quot;SHALL NOT&quot;. A few items are marked as MAY in the Implementation Guide to highlight their potential relevance to the use case.</p></blockquote><h2 id=\"rest\">FHIR RESTful Capabilities</h2><div class=\"panel panel-default\"><div class=\"panel-heading\"><h3 id=\"mode1\" class=\"panel-title\">Mode: <code>server</code></h3></div><div class=\"panel-body\"><div class=\"lead\"><em>Summary of System-wide Interactions</em></div></div></div><h3 id=\"resourcesCap1\">Capabilities by Resource/Profile</h3><h4 id=\"resourcesSummary1\">Summary</h4><p>The summary table lists the resources that are part of this configuration, and for each resource it lists:</p><ul><li>The relevant profiles (if any)</li><li>The interactions supported by each resource (<b><span class=\"bg-info\">R</span></b>ead, <b><span class=\"bg-info\">S</span></b>earch, <b><span class=\"bg-info\">U</span></b>pdate, and <b><span class=\"bg-info\">C</span></b>reate, are always shown, while <b><span class=\"bg-info\">VR</span></b>ead, <b><span class=\"bg-info\">P</span></b>atch, <b><span class=\"bg-info\">D</span></b>elete, <b><span class=\"bg-info\">H</span></b>istory on <b><span class=\"bg-info\">I</span></b>nstance, or <b><span class=\"bg-info\">H</span></b>istory on <b><span class=\"bg-info\">T</span></b>ype are only present if at least one of the resources has support for them.</li><li><span>The required, recommended, and some optional search parameters (if any). </span></li><li>The linked resources enabled for <code>_include</code></li><li>The other resources enabled for <code>_revinclude</code></li><li>The operations on the resource (if any)</li></ul><div class=\"table-responsive\"><table class=\"table table-condensed table-hover\"><thead><tr><th><b>Resource Type</b></th><th><b>Profile</b></th><th class=\"text-center\"><b title=\"GET a resource (read interaction)\">R</b></th><th class=\"text-center\"><b title=\"GET all set of resources of the type (search interaction)\">S</b></th><th class=\"text-center\"><b title=\"PUT a new resource version (update interaction)\">U</b></th><th class=\"text-center\"><b title=\"POST a new resource (create interaction)\">C</b></th><th class=\"text-center\"><b title=\"DELETE a resource (delete interaction)\">D</b></th><th><b title=\"Required and recommended search parameters\">Searches</b></th><th><code><b>_include</b></code></th><th><code><b>_revinclude</b></code></th><th><b>Operations</b></th></tr></thead><tbody><tr><td><a href=\"#Appointment1-1\">Appointment</a></td><td><a href=\"StructureDefinition-Appointment.html\">https://fhir.nhs.uk/England/StructureDefinition/Appointment</a></td><td>y</td><td class=\"text-center\">y</td><td class=\"text-center\"></td><td class=\"text-center\"></td><td class=\"text-center\"></td><td>practitioner:identifier</td><td/><td/><td/></tr><tr><td><a href=\"#DocumentReference1-2\">DocumentReference</a></td><td><a href=\"StructureDefinition-DocumentReference.html\">https://fhir.nhs.uk/England/StructureDefinition/DocumentReference</a></td><td>y</td><td class=\"text-center\">y</td><td class=\"text-center\">y</td><td class=\"text-center\">y</td><td class=\"text-center\">y</td><td>subject:identifier, custodian:identifier, next-page-token, based-on:identifier</td><td/><td/><td/></tr><tr><td><a href=\"#Endpoint1-3\">Endpoint</a></td><td><a href=\"StructureDefinition-Endpoint.html\">https://fhir.nhs.uk/England/StructureDefinition/Endpoint</a></td><td>y</td><td class=\"text-center\">y</td><td class=\"text-center\">y</td><td class=\"text-center\"></td><td class=\"text-center\">y</td><td>_has, Endpoint.identifier</td><td/><td/><td/></tr><tr><td><a href=\"#HealthcareService1-4\">HealthcareService</a></td><td><a href=\"StructureDefinition-HealthcareService.html\">https://fhir.nhs.uk/England/StructureDefinition/HealthcareService</a></td><td>y</td><td class=\"text-center\">y</td><td class=\"text-center\">y</td><td class=\"text-center\"></td><td class=\"text-center\">y</td><td>_id, HealthcareService.providedBy, HealthcareService.identifier</td><td/><td/><td/></tr><tr><td><a href=\"#Organization1-5\">Organization</a></td><td><a href=\"StructureDefinition-Organization.html\">https://fhir.nhs.uk/England/StructureDefinition/Organization</a></td><td>y</td><td class=\"text-center\">y</td><td class=\"text-center\">y</td><td class=\"text-center\"></td><td class=\"text-center\">y</td><td>_id, Organization.identifier, identifier, active, type, name, address-country, ods-role, ods-lastChangeDate, ods-activeRole</td><td/><td/><td/></tr><tr><td><a href=\"#OrganizationAffiliation1-6\">OrganizationAffiliation</a></td><td><a href=\"StructureDefinition-OrganizationAffiliation.html\">https://fhir.nhs.uk/England/StructureDefinition/OrganizationAffiliation</a></td><td></td><td class=\"text-center\">y</td><td class=\"text-center\"></td><td class=\"text-center\"></td><td class=\"text-center\"></td><td>identifier, active, primary-organization, participating-organization</td><td/><td/><td/></tr><tr><td><a href=\"#Patient1-7\">Patient</a></td><td><a href=\"StructureDefinition-Patient.html\">https://fhir.nhs.uk/England/StructureDefinition/Patient</a><br/><em>Additional supported profiles:</em><br/>\u00a0\u00a0<a href=\"StructureDefinition-PatientPDS.html\">PatientPDS</a></td><td>y</td><td class=\"text-center\">y</td><td class=\"text-center\"></td><td class=\"text-center\"></td><td class=\"text-center\"></td><td>_fuzzy-match, _exact-match, _history, _max-results, identifier, family, given, gender, birthdate, death-date, address-postalcode, address-postcode, general-practitioner, email, phone</td><td/><td/><td/></tr><tr><td><a href=\"#Practitioner1-8\">Practitioner</a></td><td><a href=\"StructureDefinition-Practitioner.html\">https://fhir.nhs.uk/England/StructureDefinition/Practitioner</a></td><td></td><td class=\"text-center\">y</td><td class=\"text-center\"></td><td class=\"text-center\"></td><td class=\"text-center\"></td><td>_query</td><td/><td/><td/></tr><tr><td><a href=\"#PractitionerRole1-9\">PractitionerRole</a></td><td><a href=\"StructureDefinition-PractitionerRole.html\">https://fhir.nhs.uk/England/StructureDefinition/PractitionerRole</a></td><td></td><td class=\"text-center\">y</td><td class=\"text-center\"></td><td class=\"text-center\"></td><td class=\"text-center\"></td><td>practitioner:identifier</td><td/><td/><td/></tr><tr><td><a href=\"#RelatedPerson1-10\">RelatedPerson</a></td><td><a href=\"StructureDefinition-RelatedPerson.html\">https://fhir.nhs.uk/England/StructureDefinition/RelatedPerson</a></td><td></td><td class=\"text-center\">y</td><td class=\"text-center\"></td><td class=\"text-center\"></td><td class=\"text-center\"></td><td>identifier, patient:identifier</td><td><code>RelatedPerson:patient</code></td><td/><td/></tr><tr><td><a href=\"#ServiceRequest1-11\">ServiceRequest</a></td><td><a href=\"StructureDefinition-ServiceRequest.html\">https://fhir.nhs.uk/England/StructureDefinition/ServiceRequest</a></td><td>y</td><td class=\"text-center\">y</td><td class=\"text-center\"></td><td class=\"text-center\"></td><td class=\"text-center\"></td><td>identifier, patient:identifier, ServiceRequest.identifier</td><td/><td><code>Appointment:based-on</code>, <code>Task:focus</code></td><td/></tr><tr><td><a href=\"#Slot1-12\">Slot</a></td><td><a href=\"StructureDefinition-Slot.html\">https://fhir.nhs.uk/England/StructureDefinition/Slot</a></td><td></td><td class=\"text-center\">y</td><td class=\"text-center\"></td><td class=\"text-center\"></td><td class=\"text-center\"></td><td>status, start, Schedule.actor:HealthcareService</td><td><code>Slot:schedule</code>, <code>Schedule:actor:Practitioner</code>, <code>Schedule:actor:PractitionerRole</code>, <code>Schedule:actor:HealthcareService</code>, <code>HealthcareService:providedBy</code>, <code>HealthcareService:location</code>, <code>Slot:*</code></td><td/><td/></tr></tbody></table></div><hr/><div class=\"panel panel-default\"><div class=\"panel-heading\"><h4 id=\"Appointment1-1\" class=\"panel-title\"><span style=\"float: right;\">Resource Conformance: MAY</span>Appointment</h4></div><div class=\"panel-body\"><div class=\"container\"><div class=\"row\"><div class=\"col-lg-6\"><span class=\"lead\">Base System Profile</span><br/><a href=\"StructureDefinition-Appointment.html\">https://fhir.nhs.uk/England/StructureDefinition/Appointment</a></div><div class=\"col-lg-3\"><span class=\"lead\">Profile Conformance</span><br/><b>SHALL</b></div><div class=\"col-lg-3\"><span class=\"lead\">Reference Policy</span><br/></div></div><p/><div class=\"row\"><div class=\"col-lg-6\"><span class=\"lead\">Interaction summary</span><br/><ul><li><strong>SHOULD</strong> support <code>read</code>, <code>search-type</code>.</li></ul></div></div><p/><div class=\"row\"><div class=\"col-12\"><span class=\"lead\">Documentation</span><blockquote><div><p>API present in</p>\n<ul>\n<li><a href=\"https://digital.nhs.uk/developer/api-catalogue/booking-and-referral-fhir\">Booking and Referral - FHIR API</a></li>\n</ul>\n<p>No <a href=\"https://build.fhir.org/ig/HL7-UK/UK-Core-Access/index.html\">UK Core FHIR Access</a> conformance requirements</p>\n</div></blockquote></div></div><div class=\"row\"><div class=\"col-lg-7\"><span class=\"lead\">Search Parameters</span><table class=\"table table-condensed table-hover\"><thead><tr><th>Conformance</th><th>Parameter</th><th>Type</th><th>Documentation</th></tr></thead><tbody><tr><td><b>MAY</b></td><td>practitioner:identifier</td><td><code>token</code></td><td><div><ul>\n<li><a href=\"https://digital.nhs.uk/developer/api-catalogue/booking-and-referral-fhir\">Booking and Referral - FHIR API</a></li>\n</ul>\n</div></td></tr></tbody></table></div><div class=\"col-lg-5\">\u00a0</div></div></div></div></div><div class=\"panel panel-default\"><div class=\"panel-heading\"><h4 id=\"DocumentReference1-2\" class=\"panel-title\"><span style=\"float: right;\">Resource Conformance: MAY</span>DocumentReference</h4></div><div class=\"panel-body\"><div class=\"container\"><div class=\"row\"><div class=\"col-lg-6\"><span class=\"lead\">Base System Profile</span><br/><a href=\"StructureDefinition-DocumentReference.html\">https://fhir.nhs.uk/England/StructureDefinition/DocumentReference</a></div><div class=\"col-lg-3\"><span class=\"lead\">Profile Conformance</span><br/><b>SHALL</b></div><div class=\"col-lg-3\"><span class=\"lead\">Reference Policy</span><br/></div></div><p/><div class=\"row\"><div class=\"col-lg-6\"><span class=\"lead\">Interaction summary</span><br/><ul><li><strong>SHOULD</strong> support <code>read</code>, <code>create</code>, <code>update</code>, <code>delete</code>, <code>search-type</code>.</li></ul></div></div><p/><div class=\"row\"><div class=\"col-12\"><span class=\"lead\">Documentation</span><blockquote><div><p>API present in</p>\n<ul>\n<li><a href=\"https://digital.nhs.uk/developer/api-catalogue/booking-and-referral-fhir\">Booking and Referral - FHIR API</a></li>\n<li><a href=\"https://digital.nhs.uk/developer/api-catalogue/national-record-locator-fhir/v3/producer\">National Record Locator - FHIR API v3</a> as STU3</li>\n<li><a href=\"https://digital.nhs.uk/developer/api-catalogue/e-referral-service-fhir\">e-Referral Service - FHIR API</a></li>\n</ul>\n<p>No <a href=\"https://build.fhir.org/ig/HL7-UK/UK-Core-Access/index.html\">UK Core FHIR Access</a> conformance requirements</p>\n</div></blockquote></div></div><div class=\"row\"><div class=\"col-lg-7\"><span class=\"lead\">Search Parameters</span><table class=\"table table-condensed table-hover\"><thead><tr><th>Conformance</th><th>Parameter</th><th>Type</th><th>Documentation</th></tr></thead><tbody><tr><td><b>MAY</b></td><td>subject:identifier</td><td><code>token</code></td><td><div><ul>\n<li><a href=\"https://digital.nhs.uk/developer/api-catalogue/booking-and-referral-fhir\">Booking and Referral - FHIR API</a></li>\n<li><a href=\"https://digital.nhs.uk/developer/api-catalogue/national-record-locator-fhir/v3/producer\">National Record Locator - FHIR API v3</a></li>\n</ul>\n<p>International and Care Connect API suggest using patient instead of subject, this would also be consistent with other NHS England API's</p>\n</div></td></tr><tr><td><b>MAY</b></td><td>custodian:identifier</td><td><code>token</code></td><td><div><ul>\n<li><a href=\"https://digital.nhs.uk/developer/api-catalogue/booking-and-referral-fhir\">Booking and Referral - FHIR API</a></li>\n</ul>\n</div></td></tr><tr><td><b>MAY</b></td><td>next-page-token</td><td><code>token</code></td><td><div><ul>\n<li><a href=\"https://digital.nhs.uk/developer/api-catalogue/booking-and-referral-fhir\">Booking and Referral - FHIR API</a></li>\n</ul>\n</div></td></tr><tr><td><b>MAY</b></td><td>based-on:identifier</td><td><code>token</code></td><td><div><ul>\n<li>This may not be correct and is inferred from A005 <a href=\"https://digital.nhs.uk/developer/api-catalogue/e-referral-service-fhir\">e-Referral Service - FHIR API</a></li>\n</ul>\n</div></td></tr></tbody></table></div><div class=\"col-lg-5\">\u00a0</div></div></div></div></div><div class=\"panel panel-default\"><div class=\"panel-heading\"><h4 id=\"Endpoint1-3\" class=\"panel-title\"><span style=\"float: right;\">Resource Conformance: MAY</span>Endpoint</h4></div><div class=\"panel-body\"><div class=\"container\"><div class=\"row\"><div class=\"col-lg-6\"><span class=\"lead\">Base System Profile</span><br/><a href=\"StructureDefinition-Endpoint.html\">https://fhir.nhs.uk/England/StructureDefinition/Endpoint</a></div><div class=\"col-lg-3\"><span class=\"lead\">Profile Conformance</span><br/><b>SHALL</b></div><div class=\"col-lg-3\"><span class=\"lead\">Reference Policy</span><br/></div></div><p/><div class=\"row\"><div class=\"col-lg-6\"><span class=\"lead\">Interaction summary</span><br/><ul><li><strong>SHOULD</strong> support <code>read</code>, <code>delete</code>, <code>update</code>, <code>search-type</code>.</li></ul></div></div><p/><div class=\"row\"><div class=\"col-12\"><span class=\"lead\">Documentation</span><blockquote><div><p>API present in</p>\n<ul>\n<li><a href=\"https://digital.nhs.uk/developer/api-catalogue/booking-and-referral-fhir\">Booking and Referral - FHIR API</a></li>\n</ul>\n<p>No <a href=\"https://build.fhir.org/ig/HL7-UK/UK-Core-Access/index.html\">UK Core FHIR Access</a> conformance requirements</p>\n</div></blockquote></div></div><div class=\"row\"><div class=\"col-lg-7\"><span class=\"lead\">Search Parameters</span><table class=\"table table-condensed table-hover\"><thead><tr><th>Conformance</th><th>Parameter</th><th>Type</th><th>Documentation</th></tr></thead><tbody><tr><td><b>MAY</b></td><td>_has</td><td><code>token</code></td><td><div><ul>\n<li><a href=\"https://digital.nhs.uk/developer/api-catalogue/booking-and-referral-fhir\">Booking and Referral - FHIR API</a></li>\n</ul>\n</div></td></tr><tr><td><b>MAY</b></td><td>Endpoint.identifier</td><td><code>token</code></td><td><div><ul>\n<li><a href=\"https://digital.nhs.uk/developer/api-catalogue/booking-and-referral-fhir\">Booking and Referral - FHIR API</a> believe this should be <code>identifier</code></li>\n</ul>\n</div></td></tr></tbody></table></div><div class=\"col-lg-5\">\u00a0</div></div></div></div></div><div class=\"panel panel-default\"><div class=\"panel-heading\"><h4 id=\"HealthcareService1-4\" class=\"panel-title\"><span style=\"float: right;\">Resource Conformance: MAY</span>HealthcareService</h4></div><div class=\"panel-body\"><div class=\"container\"><div class=\"row\"><div class=\"col-lg-6\"><span class=\"lead\">Base System Profile</span><br/><a href=\"StructureDefinition-HealthcareService.html\">https://fhir.nhs.uk/England/StructureDefinition/HealthcareService</a></div><div class=\"col-lg-3\"><span class=\"lead\">Profile Conformance</span><br/><b>SHALL</b></div><div class=\"col-lg-3\"><span class=\"lead\">Reference Policy</span><br/></div></div><p/><div class=\"row\"><div class=\"col-lg-6\"><span class=\"lead\">Interaction summary</span><br/><ul><li><strong>SHOULD</strong> support <code>search-type</code>.</li><li><strong>MAY</strong> support <code>read</code>, <code>update</code>, <code>delete</code>.</li></ul></div></div><p/><div class=\"row\"><div class=\"col-12\"><span class=\"lead\">Documentation</span><blockquote><div><p>API present in</p>\n<ul>\n<li><a href=\"https://digital.nhs.uk/developer/api-catalogue/e-referral-service-patient-care-fhir\">e-Referral Service Patient Care</a></li>\n<li><a href=\"https://digital.nhs.uk/developer/api-catalogue/e-referral-service-fhir\">e-Referral FHIR API</a></li>\n<li><a href=\"https://digital.nhs.uk/developer/api-catalogue/booking-and-referral-fhir\">Booking and Referral - FHIR API</a></li>\n</ul>\n<p>No <a href=\"https://build.fhir.org/ig/HL7-UK/UK-Core-Access/index.html\">UK Core FHIR Access</a> conformance requirements</p>\n</div></blockquote></div></div><div class=\"row\"><div class=\"col-lg-7\"><span class=\"lead\">Search Parameters</span><table class=\"table table-condensed table-hover\"><thead><tr><th>Conformance</th><th>Parameter</th><th>Type</th><th>Documentation</th></tr></thead><tbody><tr><td><b>MAY</b></td><td>_id</td><td><code>string</code></td><td><div><p>e-Referral FHIR API</p>\n</div></td></tr><tr><td><b>MAY</b></td><td>HealthcareService.providedBy</td><td><code>token</code></td><td><div><ul>\n<li><a href=\"https://digital.nhs.uk/developer/api-catalogue/booking-and-referral-fhir\">Booking and Referral - FHIR API</a> believe this should be <code>organization:identifier</code></li>\n</ul>\n</div></td></tr><tr><td><b>MAY</b></td><td>HealthcareService.identifier</td><td><code>token</code></td><td><div><ul>\n<li><a href=\"https://digital.nhs.uk/developer/api-catalogue/booking-and-referral-fhir\">Booking and Referral - FHIR API</a> believe this should be <code>identifier</code></li>\n</ul>\n</div></td></tr></tbody></table></div><div class=\"col-lg-5\">\u00a0</div></div></div></div></div><div class=\"panel panel-default\"><div class=\"panel-heading\"><h4 id=\"Organization1-5\" class=\"panel-title\"><span style=\"float: right;\">Resource Conformance: MAY</span>Organization</h4></div><div class=\"panel-body\"><div class=\"container\"><div class=\"row\"><div class=\"col-lg-6\"><span class=\"lead\">Base System Profile</span><br/><a href=\"StructureDefinition-Organization.html\">https://fhir.nhs.uk/England/StructureDefinition/Organization</a></div><div class=\"col-lg-3\"><span class=\"lead\">Profile Conformance</span><br/><b>SHALL</b></div><div class=\"col-lg-3\"><span class=\"lead\">Reference Policy</span><br/></div></div><p/><div class=\"row\"><div class=\"col-lg-6\"><span class=\"lead\">Interaction summary</span><br/><ul><li><strong>SHOULD</strong> support <code>read</code>, <code>search-type</code>.</li><li><strong>MAY</strong> support <code>update</code>, <code>delete</code>.</li></ul></div></div><p/><div class=\"row\"><div class=\"col-12\"><span class=\"lead\">Documentation</span><blockquote><div><p>API present in</p>\n<ul>\n<li><a href=\"https://digital.nhs.uk/developer/api-catalogue/organisation-data-service-fhir\">Organisation Data Service - FHIR API</a></li>\n<li><a href=\"https://digital.nhs.uk/developer/api-catalogue/e-referral-service-patient-care-fhir\">e-Referral Service Patient Care</a></li>\n<li><a href=\"https://digital.nhs.uk/developer/api-catalogue/e-referral-service-fhir\">e-Referral FHIR API</a></li>\n<li><a href=\"https://digital.nhs.uk/developer/api-catalogue/booking-and-referral-fhir\">Booking and Referral - FHIR API</a></li>\n</ul>\n<p>Used by</p>\n<ul>\n<li>EPS consumers.</li>\n</ul>\n<p>No <a href=\"https://build.fhir.org/ig/HL7-UK/UK-Core-Access/index.html\">UK Core FHIR Access</a> conformance requirements</p>\n</div></blockquote></div></div><div class=\"row\"><div class=\"col-lg-7\"><span class=\"lead\">Search Parameters</span><table class=\"table table-condensed table-hover\"><thead><tr><th>Conformance</th><th>Parameter</th><th>Type</th><th>Documentation</th></tr></thead><tbody><tr><td><b>MAY</b></td><td>_id</td><td><code>string</code></td><td><div><p>e-Referral FHIR API</p>\n</div></td></tr><tr><td><b>MAY</b></td><td>Organization.identifier</td><td><code>token</code></td><td><div><ul>\n<li><a href=\"https://digital.nhs.uk/developer/api-catalogue/booking-and-referral-fhir\">Booking and Referral - FHIR API</a> believe this should be <code>identifier</code></li>\n</ul>\n</div></td></tr><tr><td><b>MAY</b></td><td>identifier</td><td><code>token</code></td><td><div><ul>\n<li><a href=\"https://digital.nhs.uk/developer/api-catalogue/organisation-data-service-fhir\">Organisation Data Service - FHIR API</a></li>\n</ul>\n</div></td></tr><tr><td><b>MAY</b></td><td>active</td><td><code>token</code></td><td><div><ul>\n<li><a href=\"https://digital.nhs.uk/developer/api-catalogue/organisation-data-service-fhir\">Organisation Data Service - FHIR API</a></li>\n</ul>\n</div></td></tr><tr><td><b>MAY</b></td><td>type</td><td><code>token</code></td><td><div><ul>\n<li><a href=\"https://digital.nhs.uk/developer/api-catalogue/organisation-data-service-fhir\">Organisation Data Service - FHIR API</a></li>\n</ul>\n</div></td></tr><tr><td><b>MAY</b></td><td>name</td><td><code>string</code></td><td><div><ul>\n<li><a href=\"https://digital.nhs.uk/developer/api-catalogue/organisation-data-service-fhir\">Organisation Data Service - FHIR API</a></li>\n</ul>\n</div></td></tr><tr><td><b>MAY</b></td><td>address-country</td><td><code>string</code></td><td><div><ul>\n<li><a href=\"https://digital.nhs.uk/developer/api-catalogue/organisation-data-service-fhir\">Organisation Data Service - FHIR API</a></li>\n</ul>\n</div></td></tr><tr><td><b>MAY</b></td><td>ods-role</td><td><code>token</code></td><td><div><ul>\n<li><a href=\"https://digital.nhs.uk/developer/api-catalogue/organisation-data-service-fhir\">Organisation Data Service - FHIR API</a> EPS expects this data to be <code>type</code></li>\n</ul>\n</div></td></tr><tr><td><b>MAY</b></td><td>ods-lastChangeDate</td><td><code>date</code></td><td><div><ul>\n<li><a href=\"https://digital.nhs.uk/developer/api-catalogue/organisation-data-service-fhir\">Organisation Data Service - FHIR API</a> FHIR developers would expect this to be <code>_lastUpdated</code></li>\n</ul>\n</div></td></tr><tr><td><b>MAY</b></td><td>ods-activeRole</td><td><code>token</code></td><td><div><ul>\n<li><a href=\"https://digital.nhs.uk/developer/api-catalogue/organisation-data-service-fhir\">Organisation Data Service - FHIR API</a> concerned we have two searches on an extension</li>\n</ul>\n</div></td></tr></tbody></table></div><div class=\"col-lg-5\">\u00a0</div></div></div></div></div><div class=\"panel panel-default\"><div class=\"panel-heading\"><h4 id=\"OrganizationAffiliation1-6\" class=\"panel-title\"><span style=\"float: right;\">Resource Conformance: MAY</span>OrganizationAffiliation</h4></div><div class=\"panel-body\"><div class=\"container\"><div class=\"row\"><div class=\"col-lg-6\"><span class=\"lead\">Base System Profile</span><br/><a href=\"StructureDefinition-OrganizationAffiliation.html\">https://fhir.nhs.uk/England/StructureDefinition/OrganizationAffiliation</a></div><div class=\"col-lg-3\"><span class=\"lead\">Profile Conformance</span><br/><b>SHALL</b></div><div class=\"col-lg-3\"><span class=\"lead\">Reference Policy</span><br/></div></div><p/><div class=\"row\"><div class=\"col-lg-6\"><span class=\"lead\">Interaction summary</span><br/><ul><li><strong>SHOULD</strong> support <code>search-type</code>.</li></ul></div></div><p/><div class=\"row\"><div class=\"col-12\"><span class=\"lead\">Documentation</span><blockquote><div><p>API present in</p>\n<ul>\n<li><a href=\"https://digital.nhs.uk/developer/api-catalogue/organisation-data-service-fhir\">Organisation Data Service - FHIR API</a></li>\n</ul>\n<p>No <a href=\"https://build.fhir.org/ig/HL7-UK/UK-Core-Access/index.html\">UK Core FHIR Access</a> conformance requirements</p>\n</div></blockquote></div></div><div class=\"row\"><div class=\"col-lg-7\"><span class=\"lead\">Search Parameters</span><table class=\"table table-condensed table-hover\"><thead><tr><th>Conformance</th><th>Parameter</th><th>Type</th><th>Documentation</th></tr></thead><tbody><tr><td><b>MAY</b></td><td>identifier</td><td><code>token</code></td><td><div><ul>\n<li><a href=\"https://digital.nhs.uk/developer/api-catalogue/organisation-data-service-fhir\">Organisation Data Service - FHIR API</a></li>\n</ul>\n</div></td></tr><tr><td><b>MAY</b></td><td>active</td><td><code>token</code></td><td><div><ul>\n<li><a href=\"https://digital.nhs.uk/developer/api-catalogue/organisation-data-service-fhir\">Organisation Data Service - FHIR API</a></li>\n</ul>\n</div></td></tr><tr><td><b>MAY</b></td><td>primary-organization</td><td><code>reference</code></td><td><div><ul>\n<li><a href=\"https://digital.nhs.uk/developer/api-catalogue/organisation-data-service-fhir\">Organisation Data Service - FHIR API</a></li>\n</ul>\n</div></td></tr><tr><td><b>MAY</b></td><td>participating-organization</td><td><code>reference</code></td><td><div><ul>\n<li><a href=\"https://digital.nhs.uk/developer/api-catalogue/organisation-data-service-fhir\">Organisation Data Service - FHIR API</a></li>\n</ul>\n</div></td></tr></tbody></table></div><div class=\"col-lg-5\">\u00a0</div></div></div></div></div><div class=\"panel panel-default\"><div class=\"panel-heading\"><h4 id=\"Patient1-7\" class=\"panel-title\"><span style=\"float: right;\">Resource Conformance: MAY</span>Patient</h4></div><div class=\"panel-body\"><div class=\"container\"><div class=\"row\"><div class=\"col-lg-6\"><span class=\"lead\">Base System Profile</span><br/><a href=\"StructureDefinition-Patient.html\">https://fhir.nhs.uk/England/StructureDefinition/Patient</a></div><div class=\"col-lg-3\"><span class=\"lead\">Profile Conformance</span><br/><b>SHALL</b></div><div class=\"col-lg-3\"><span class=\"lead\">Reference Policy</span><br/></div></div><p/><div class=\"row\"><div class=\"col-6\"><span class=\"lead\">Supported Profiles</span><p><a href=\"StructureDefinition-PatientPDS.html\">https://fhir.nhs.uk/England/StructureDefinition/PatientPDS</a></p></div><div class=\"col-lg-6\"><span class=\"lead\">Interaction summary</span><br/><ul><li><strong>SHOULD</strong> support <code>read</code>, <code>search-type</code>.</li></ul></div></div><p/><div class=\"row\"><div class=\"col-12\"><span class=\"lead\">Documentation</span><blockquote><div><p>API present in:</p>\n<ul>\n<li><a href=\"https://digital.nhs.uk/developer/api-catalogue/personal-demographics-service-fhir\">Personal Demographics Service FHIR API</a></li>\n</ul>\n<p>Used by</p>\n<ul>\n<li>EPS consumers.</li>\n</ul>\n<p>SHOULD and SHALL conformance is taken from <a href=\"https://build.fhir.org/ig/HL7-UK/UK-Core-Access/index.html\">UK Core FHIR Access</a> - MAY is used to indicate no conformance (added due to rendering issue in the publisher)</p>\n</div></blockquote></div></div><div class=\"row\"><div class=\"col-lg-7\"><span class=\"lead\">Search Parameters</span><table class=\"table table-condensed table-hover\"><thead><tr><th>Conformance</th><th>Parameter</th><th>Type</th><th>Documentation</th></tr></thead><tbody><tr><td><b>SHALL</b></td><td>identifier</td><td><code>token</code></td><td><div><p>A search by NHS Number. Missing from PDS is a read operation instead - so using transient id instead of identifier</p>\n</div></td></tr><tr><td><b>SHALL</b></td><td>given</td><td><code>string</code></td><td><div></div></td></tr><tr><td><b>SHOULD</b></td><td>family</td><td><code>string</code></td><td><div></div></td></tr><tr><td><b>SHOULD</b></td><td>gender</td><td><code>string</code></td><td><div></div></td></tr><tr><td><b>SHOULD</b></td><td>birthdate</td><td><code>date</code></td><td><div></div></td></tr><tr><td><b>MAY</b></td><td>_fuzzy-match</td><td><code>string</code></td><td><div><p>PDS using non standard parameter</p>\n</div></td></tr><tr><td><b>MAY</b></td><td>_exact-match</td><td><code>string</code></td><td><div><p>PDS is using non standard parameter. Do not believe this is :exact from <a href=\"https://www.hl7.org/fhir/r4/search.html#modifiers\">modifiers</a> although it sounds similar and may cause confusion</p>\n</div></td></tr><tr><td><b>MAY</b></td><td>_history</td><td><code>string</code></td><td><div><p>PDS is using non standard parameter. Do not believe this is _history from <a href=\"https://www.hl7.org/fhir/r4/http.html#history\">history</a> this probably results in confusion for developers</p>\n</div></td></tr><tr><td><b>MAY</b></td><td>_max-results</td><td><code>string</code></td><td><div><p>PDS is using non standard parameter. PDS probably should be using _count <a href=\"https://www.hl7.org/fhir/r4/search.html#count\">_count</a> which should be ok as PDS does not support paging</p>\n</div></td></tr><tr><td><b>MAY</b></td><td>death-date</td><td><code>date</code></td><td><div></div></td></tr><tr><td><b>MAY</b></td><td>address-postalcode</td><td><code>string</code></td><td><div></div></td></tr><tr><td><b>MAY</b></td><td>address-postcode</td><td><code>string</code></td><td><div><p>PDS is using non standard parameter - <strong>will be deprecated in the future</strong></p>\n</div></td></tr><tr><td><b>MAY</b></td><td>general-practitioner</td><td><code>reference</code></td><td><div><p>A search by ODS Code. PDS SHOULD be using <code>general-practitioner:identifier</code> with <code>token</code> type to follow NHS Digital FHIR policy. It is workable as it is but this is searching on an <code>id</code> which is transient (changeable), searching on <code>identifier</code> is recommended.</p>\n</div></td></tr><tr><td><b>MAY</b></td><td>email</td><td><code>token</code></td><td><div></div></td></tr><tr><td><b>MAY</b></td><td>phone</td><td><code>token</code></td><td><div></div></td></tr></tbody></table></div><div class=\"col-lg-5\">\u00a0</div></div></div></div></div><div class=\"panel panel-default\"><div class=\"panel-heading\"><h4 id=\"Practitioner1-8\" class=\"panel-title\"><span style=\"float: right;\">Resource Conformance: MAY</span>Practitioner</h4></div><div class=\"panel-body\"><div class=\"container\"><div class=\"row\"><div class=\"col-lg-6\"><span class=\"lead\">Base System Profile</span><br/><a href=\"StructureDefinition-Practitioner.html\">https://fhir.nhs.uk/England/StructureDefinition/Practitioner</a></div><div class=\"col-lg-3\"><span class=\"lead\">Profile Conformance</span><br/><b>SHALL</b></div><div class=\"col-lg-3\"><span class=\"lead\">Reference Policy</span><br/></div></div><p/><div class=\"row\"><div class=\"col-lg-6\"><span class=\"lead\">Interaction summary</span><br/><ul><li><strong>SHOULD</strong> support <code>search-type</code>.</li></ul></div></div><p/><div class=\"row\"><div class=\"col-12\"><span class=\"lead\">Documentation</span><blockquote><div><p>API present in</p>\n<ul>\n<li><a href=\"https://digital.nhs.uk/developer/api-catalogue/e-referral-service-fhir\">e-Referral FHIR API</a></li>\n</ul>\n<p>No <a href=\"https://build.fhir.org/ig/HL7-UK/UK-Core-Access/index.html\">UK Core FHIR Access</a> conformance requirements</p>\n</div></blockquote></div></div><div class=\"row\"><div class=\"col-lg-7\"><span class=\"lead\">Search Parameters</span><table class=\"table table-condensed table-hover\"><thead><tr><th>Conformance</th><th>Parameter</th><th>Type</th><th>Documentation</th></tr></thead><tbody><tr><td><b>MAY</b></td><td>_query</td><td><code>string</code></td><td><div><ul>\n<li>e-Referral FHIR API</li>\n</ul>\n</div></td></tr></tbody></table></div><div class=\"col-lg-5\">\u00a0</div></div></div></div></div><div class=\"panel panel-default\"><div class=\"panel-heading\"><h4 id=\"PractitionerRole1-9\" class=\"panel-title\"><span style=\"float: right;\">Resource Conformance: MAY</span>PractitionerRole</h4></div><div class=\"panel-body\"><div class=\"container\"><div class=\"row\"><div class=\"col-lg-6\"><span class=\"lead\">Base System Profile</span><br/><a href=\"StructureDefinition-PractitionerRole.html\">https://fhir.nhs.uk/England/StructureDefinition/PractitionerRole</a></div><div class=\"col-lg-3\"><span class=\"lead\">Profile Conformance</span><br/><b>SHALL</b></div><div class=\"col-lg-3\"><span class=\"lead\">Reference Policy</span><br/></div></div><p/><div class=\"row\"><div class=\"col-lg-6\"><span class=\"lead\">Interaction summary</span><br/><ul><li><strong>SHOULD</strong> support <code>search-type</code>.</li></ul></div></div><p/><div class=\"row\"><div class=\"col-12\"><span class=\"lead\">Documentation</span><blockquote><div><p>API present in</p>\n<ul>\n<li><a href=\"https://digital.nhs.uk/developer/api-catalogue/e-referral-service-fhir\">e-Referral FHIR API</a> (NOT CONFORMANT)</li>\n</ul>\n<p>No <a href=\"https://build.fhir.org/ig/HL7-UK/UK-Core-Access/index.html\">UK Core FHIR Access</a> conformance requirements</p>\n</div></blockquote></div></div><div class=\"row\"><div class=\"col-lg-7\"><span class=\"lead\">Search Parameters</span><table class=\"table table-condensed table-hover\"><thead><tr><th>Conformance</th><th>Parameter</th><th>Type</th><th>Documentation</th></tr></thead><tbody><tr><td><b>MAY</b></td><td>practitioner:identifier</td><td><code>token</code></td><td><div><p><a href=\"https://digital.nhs.uk/developer/api-catalogue/e-referral-service-fhir\">e-Referral FHIR API</a> - This parameter is NOT present but is believed to be implied. This API is believed to be NOT CONFORMANT as the api as currently stated should return all PractitionreRole's held by eRS and this is clearly not correct.</p>\n</div></td></tr></tbody></table></div><div class=\"col-lg-5\">\u00a0</div></div></div></div></div><div class=\"panel panel-default\"><div class=\"panel-heading\"><h4 id=\"RelatedPerson1-10\" class=\"panel-title\"><span style=\"float: right;\">Resource Conformance: MAY</span>RelatedPerson</h4></div><div class=\"panel-body\"><div class=\"container\"><div class=\"row\"><div class=\"col-lg-6\"><span class=\"lead\">Base System Profile</span><br/><a href=\"StructureDefinition-RelatedPerson.html\">https://fhir.nhs.uk/England/StructureDefinition/RelatedPerson</a></div><div class=\"col-lg-3\"><span class=\"lead\">Profile Conformance</span><br/><b>SHALL</b></div><div class=\"col-lg-3\"><span class=\"lead\">Reference Policy</span><br/></div></div><p/><div class=\"row\"><div class=\"col-lg-6\"><span class=\"lead\">Interaction summary</span><br/><ul><li><strong>SHOULD</strong> support <code>search-type</code>.</li></ul></div></div><p/><div class=\"row\"><div class=\"col-12\"><span class=\"lead\">Documentation</span><blockquote><div><p>API present in</p>\n<ul>\n<li><a href=\"https://digital.nhs.uk/developer/api-catalogue/personal-demographics-service-fhir\">Personal Demographics Service FHIR API</a></li>\n<li>Proxy.</li>\n</ul>\n<p>No <a href=\"https://build.fhir.org/ig/HL7-UK/UK-Core-Access/index.html\">UK Core FHIR Access</a> conformance requirements)</p>\n</div></blockquote></div></div><div class=\"row\"><div class=\"col-lg-7\"><span class=\"lead\">Search Parameters</span><table class=\"table table-condensed table-hover\"><thead><tr><th>Conformance</th><th>Parameter</th><th>Type</th><th>Documentation</th></tr></thead><tbody><tr><td><b>MAY</b></td><td>identifier</td><td><code>token</code></td><td><div><p>A search by NHS Number. Proxy query parameter and not supported on PDS</p>\n</div></td></tr><tr><td><b>MAY</b></td><td>patient:identifier</td><td><code>token</code></td><td><div><p>A search by NHS Number. Proxy uses query parameter and PDS uses path parameter</p>\n</div></td></tr></tbody></table></div><div class=\"col-lg-5\">\u00a0</div></div></div></div></div><div class=\"panel panel-default\"><div class=\"panel-heading\"><h4 id=\"ServiceRequest1-11\" class=\"panel-title\"><span style=\"float: right;\">Resource Conformance: MAY</span>ServiceRequest</h4></div><div class=\"panel-body\"><div class=\"container\"><div class=\"row\"><div class=\"col-lg-6\"><span class=\"lead\">Base System Profile</span><br/><a href=\"StructureDefinition-ServiceRequest.html\">https://fhir.nhs.uk/England/StructureDefinition/ServiceRequest</a></div><div class=\"col-lg-3\"><span class=\"lead\">Profile Conformance</span><br/><b>SHALL</b></div><div class=\"col-lg-3\"><span class=\"lead\">Reference Policy</span><br/></div></div><p/><div class=\"row\"><div class=\"col-lg-6\"><span class=\"lead\">Interaction summary</span><br/><ul><li><strong>SHOULD</strong> support <code>search-type</code>, <code>read</code>.</li></ul></div></div><p/><div class=\"row\"><div class=\"col-12\"><span class=\"lead\">Documentation</span><blockquote><div><p>API present in</p>\n<ul>\n<li><a href=\"https://digital.nhs.uk/developer/api-catalogue/e-referral-service-patient-care-fhir\">e-Referral Service Patient Care</a>.</li>\n<li><a href=\"https://digital.nhs.uk/developer/api-catalogue/booking-and-referral-fhir\">Booking and Referral - FHIR API</a></li>\n<li><a href=\"https://digital.nhs.uk/developer/api-catalogue/e-referral-service-fhir\">e-Referral FHIR API</a></li>\n</ul>\n<p>No <a href=\"https://build.fhir.org/ig/HL7-UK/UK-Core-Access/index.html\">UK Core FHIR Access</a> conformance requirements</p>\n</div></blockquote></div></div><div class=\"row\"><div class=\"col-lg-7\"><span class=\"lead\">Search Parameters</span><table class=\"table table-condensed table-hover\"><thead><tr><th>Conformance</th><th>Parameter</th><th>Type</th><th>Documentation</th></tr></thead><tbody><tr><td><b>MAY</b></td><td>identifier</td><td><code>token</code></td><td><div><ul>\n<li>e-Referral FHIR API</li>\n</ul>\n</div></td></tr><tr><td><b>MAY</b></td><td>patient:identifier</td><td><code>token</code></td><td><div><ul>\n<li><a href=\"https://digital.nhs.uk/developer/api-catalogue/e-referral-service-patient-care-fhir\">e-Referral Service Patient Care</a>)</li>\n<li><a href=\"https://digital.nhs.uk/developer/api-catalogue/booking-and-referral-fhir\">Booking and Referral - FHIR API</a></li>\n</ul>\n</div></td></tr><tr><td><b>MAY</b></td><td>ServiceRequest.identifier</td><td><code>token</code></td><td><div><ul>\n<li><a href=\"https://digital.nhs.uk/developer/api-catalogue/booking-and-referral-fhir\">Booking and Referral - FHIR API</a> believe this should be <code>identifier</code> same as eRS</li>\n</ul>\n</div></td></tr></tbody></table></div><div class=\"col-lg-5\">\u00a0</div></div></div></div></div><div class=\"panel panel-default\"><div class=\"panel-heading\"><h4 id=\"Slot1-12\" class=\"panel-title\"><span style=\"float: right;\">Resource Conformance: MAY</span>Slot</h4></div><div class=\"panel-body\"><div class=\"container\"><div class=\"row\"><div class=\"col-lg-6\"><span class=\"lead\">Base System Profile</span><br/><a href=\"StructureDefinition-Slot.html\">https://fhir.nhs.uk/England/StructureDefinition/Slot</a></div><div class=\"col-lg-3\"><span class=\"lead\">Profile Conformance</span><br/><b>SHALL</b></div><div class=\"col-lg-3\"><span class=\"lead\">Reference Policy</span><br/></div></div><p/><div class=\"row\"><div class=\"col-lg-6\"><span class=\"lead\">Interaction summary</span><br/><ul><li><strong>SHOULD</strong> support <code>search-type</code>.</li></ul></div></div><p/><div class=\"row\"><div class=\"col-12\"><span class=\"lead\">Documentation</span><blockquote><div><p>API present in</p>\n<ul>\n<li><a href=\"https://digital.nhs.uk/developer/api-catalogue/booking-and-referral-fhir\">Booking and Referral - FHIR API</a></li>\n</ul>\n<p>No <a href=\"https://build.fhir.org/ig/HL7-UK/UK-Core-Access/index.html\">UK Core FHIR Access</a> conformance requirements</p>\n</div></blockquote></div></div><div class=\"row\"><div class=\"col-lg-7\"><span class=\"lead\">Search Parameters</span><table class=\"table table-condensed table-hover\"><thead><tr><th>Conformance</th><th>Parameter</th><th>Type</th><th>Documentation</th></tr></thead><tbody><tr><td><b>MAY</b></td><td>status</td><td><code>string</code></td><td><div></div></td></tr><tr><td><b>MAY</b></td><td>start</td><td><code>date</code></td><td><div></div></td></tr><tr><td><b>MAY</b></td><td>Schedule.actor:HealthcareService</td><td><code>token</code></td><td><div></div></td></tr></tbody></table></div><div class=\"col-lg-5\">\u00a0</div></div></div></div></div></div>"
  },
  "url" : "https://fhir.nhs.uk/England/CapabilityStatement/NHS-England-APIM-Provider",
  "version" : "0.0.1",
  "title" : "NHS England APIM Base API Definitions",
  "status" : "draft",
  "date" : "2024-01-30",
  "publisher" : "NHS England",
  "contact" : [{
    "name" : "NHS England",
    "telecom" : [{
      "system" : "url",
      "value" : "https://www.england.nhs.uk/"
    }]
  }],
  "description" : "High level summary of FHIR api's used within NHS England API programmes",
  "jurisdiction" : [{
    "coding" : [{
      "system" : "urn:iso:std:iso:3166",
      "code" : "GB-ENG",
      "display" : "England"
    }]
  }],
  "kind" : "requirements",
  "fhirVersion" : "4.0.1",
  "format" : ["json"],
  "rest" : [{
    "mode" : "server",
    "resource" : [{
      "extension" : [{
        "url" : "http://hl7.org/fhir/StructureDefinition/capabilitystatement-expectation",
        "valueCode" : "MAY"
      }],
      "type" : "Appointment",
      "profile" : "https://fhir.nhs.uk/England/StructureDefinition/Appointment",
      "documentation" : "API present in \n - [Booking and Referral - FHIR API](https://digital.nhs.uk/developer/api-catalogue/booking-and-referral-fhir) \n\n No [UK Core FHIR Access](https://build.fhir.org/ig/HL7-UK/UK-Core-Access/index.html) conformance requirements",
      "interaction" : [{
        "extension" : [{
          "url" : "http://hl7.org/fhir/StructureDefinition/capabilitystatement-expectation",
          "valueCode" : "SHOULD"
        }],
        "code" : "read"
      },
      {
        "extension" : [{
          "url" : "http://hl7.org/fhir/StructureDefinition/capabilitystatement-expectation",
          "valueCode" : "SHOULD"
        }],
        "code" : "search-type"
      }],
      "searchParam" : [{
        "extension" : [{
          "url" : "http://hl7.org/fhir/StructureDefinition/capabilitystatement-expectation",
          "valueCode" : "MAY"
        }],
        "name" : "practitioner:identifier",
        "type" : "token",
        "documentation" : " - [Booking and Referral - FHIR API](https://digital.nhs.uk/developer/api-catalogue/booking-and-referral-fhir)"
      }]
    },
    {
      "extension" : [{
        "url" : "http://hl7.org/fhir/StructureDefinition/capabilitystatement-expectation",
        "valueCode" : "MAY"
      }],
      "type" : "DocumentReference",
      "profile" : "https://fhir.nhs.uk/England/StructureDefinition/DocumentReference",
      "documentation" : "API present in \n - [Booking and Referral - FHIR API](https://digital.nhs.uk/developer/api-catalogue/booking-and-referral-fhir) \n - [National Record Locator - FHIR API v3](https://digital.nhs.uk/developer/api-catalogue/national-record-locator-fhir/v3/producer) as STU3 \n - [e-Referral Service - FHIR API](https://digital.nhs.uk/developer/api-catalogue/e-referral-service-fhir) \n\n No [UK Core FHIR Access](https://build.fhir.org/ig/HL7-UK/UK-Core-Access/index.html) conformance requirements",
      "interaction" : [{
        "extension" : [{
          "url" : "http://hl7.org/fhir/StructureDefinition/capabilitystatement-expectation",
          "valueCode" : "SHOULD"
        }],
        "code" : "read"
      },
      {
        "extension" : [{
          "url" : "http://hl7.org/fhir/StructureDefinition/capabilitystatement-expectation",
          "valueCode" : "SHOULD"
        }],
        "code" : "create"
      },
      {
        "extension" : [{
          "url" : "http://hl7.org/fhir/StructureDefinition/capabilitystatement-expectation",
          "valueCode" : "SHOULD"
        }],
        "code" : "update"
      },
      {
        "extension" : [{
          "url" : "http://hl7.org/fhir/StructureDefinition/capabilitystatement-expectation",
          "valueCode" : "SHOULD"
        }],
        "code" : "delete"
      },
      {
        "extension" : [{
          "url" : "http://hl7.org/fhir/StructureDefinition/capabilitystatement-expectation",
          "valueCode" : "SHOULD"
        }],
        "code" : "search-type"
      }],
      "searchParam" : [{
        "extension" : [{
          "url" : "http://hl7.org/fhir/StructureDefinition/capabilitystatement-expectation",
          "valueCode" : "MAY"
        }],
        "name" : "subject:identifier",
        "type" : "token",
        "documentation" : " - [Booking and Referral - FHIR API](https://digital.nhs.uk/developer/api-catalogue/booking-and-referral-fhir) \n - [National Record Locator - FHIR API v3](https://digital.nhs.uk/developer/api-catalogue/national-record-locator-fhir/v3/producer) \n\n International and Care Connect API suggest using patient instead of subject, this would also be consistent with other NHS England API's"
      },
      {
        "extension" : [{
          "url" : "http://hl7.org/fhir/StructureDefinition/capabilitystatement-expectation",
          "valueCode" : "MAY"
        }],
        "name" : "custodian:identifier",
        "type" : "token",
        "documentation" : " - [Booking and Referral - FHIR API](https://digital.nhs.uk/developer/api-catalogue/booking-and-referral-fhir)"
      },
      {
        "extension" : [{
          "url" : "http://hl7.org/fhir/StructureDefinition/capabilitystatement-expectation",
          "valueCode" : "MAY"
        }],
        "name" : "next-page-token",
        "type" : "token",
        "documentation" : " - [Booking and Referral - FHIR API](https://digital.nhs.uk/developer/api-catalogue/booking-and-referral-fhir)"
      },
      {
        "extension" : [{
          "url" : "http://hl7.org/fhir/StructureDefinition/capabilitystatement-expectation",
          "valueCode" : "MAY"
        }],
        "name" : "based-on:identifier",
        "type" : "token",
        "documentation" : " - This may not be correct and is inferred from A005 [e-Referral Service - FHIR API](https://digital.nhs.uk/developer/api-catalogue/e-referral-service-fhir) "
      }]
    },
    {
      "extension" : [{
        "url" : "http://hl7.org/fhir/StructureDefinition/capabilitystatement-expectation",
        "valueCode" : "MAY"
      }],
      "type" : "Endpoint",
      "profile" : "https://fhir.nhs.uk/England/StructureDefinition/Endpoint",
      "documentation" : "API present in \n - [Booking and Referral - FHIR API](https://digital.nhs.uk/developer/api-catalogue/booking-and-referral-fhir) \n\n No [UK Core FHIR Access](https://build.fhir.org/ig/HL7-UK/UK-Core-Access/index.html) conformance requirements",
      "interaction" : [{
        "extension" : [{
          "url" : "http://hl7.org/fhir/StructureDefinition/capabilitystatement-expectation",
          "valueCode" : "SHOULD"
        }],
        "code" : "read"
      },
      {
        "extension" : [{
          "url" : "http://hl7.org/fhir/StructureDefinition/capabilitystatement-expectation",
          "valueCode" : "SHOULD"
        }],
        "code" : "delete"
      },
      {
        "extension" : [{
          "url" : "http://hl7.org/fhir/StructureDefinition/capabilitystatement-expectation",
          "valueCode" : "SHOULD"
        }],
        "code" : "update"
      },
      {
        "extension" : [{
          "url" : "http://hl7.org/fhir/StructureDefinition/capabilitystatement-expectation",
          "valueCode" : "SHOULD"
        }],
        "code" : "search-type"
      }],
      "searchParam" : [{
        "extension" : [{
          "url" : "http://hl7.org/fhir/StructureDefinition/capabilitystatement-expectation",
          "valueCode" : "MAY"
        }],
        "name" : "_has",
        "type" : "token",
        "documentation" : " - [Booking and Referral - FHIR API](https://digital.nhs.uk/developer/api-catalogue/booking-and-referral-fhir)"
      },
      {
        "extension" : [{
          "url" : "http://hl7.org/fhir/StructureDefinition/capabilitystatement-expectation",
          "valueCode" : "MAY"
        }],
        "name" : "Endpoint.identifier",
        "type" : "token",
        "documentation" : " - [Booking and Referral - FHIR API](https://digital.nhs.uk/developer/api-catalogue/booking-and-referral-fhir) believe this should be `identifier`"
      }]
    },
    {
      "extension" : [{
        "url" : "http://hl7.org/fhir/StructureDefinition/capabilitystatement-expectation",
        "valueCode" : "MAY"
      }],
      "type" : "HealthcareService",
      "profile" : "https://fhir.nhs.uk/England/StructureDefinition/HealthcareService",
      "documentation" : "API present in \n - [e-Referral Service Patient Care](https://digital.nhs.uk/developer/api-catalogue/e-referral-service-patient-care-fhir)\n - [e-Referral FHIR API](https://digital.nhs.uk/developer/api-catalogue/e-referral-service-fhir)\n  - [Booking and Referral - FHIR API](https://digital.nhs.uk/developer/api-catalogue/booking-and-referral-fhir) \n\n No [UK Core FHIR Access](https://build.fhir.org/ig/HL7-UK/UK-Core-Access/index.html) conformance requirements",
      "interaction" : [{
        "extension" : [{
          "url" : "http://hl7.org/fhir/StructureDefinition/capabilitystatement-expectation",
          "valueCode" : "MAY"
        }],
        "code" : "read"
      },
      {
        "extension" : [{
          "url" : "http://hl7.org/fhir/StructureDefinition/capabilitystatement-expectation",
          "valueCode" : "MAY"
        }],
        "code" : "update"
      },
      {
        "extension" : [{
          "url" : "http://hl7.org/fhir/StructureDefinition/capabilitystatement-expectation",
          "valueCode" : "MAY"
        }],
        "code" : "delete"
      },
      {
        "extension" : [{
          "url" : "http://hl7.org/fhir/StructureDefinition/capabilitystatement-expectation",
          "valueCode" : "SHOULD"
        }],
        "code" : "search-type"
      }],
      "searchParam" : [{
        "extension" : [{
          "url" : "http://hl7.org/fhir/StructureDefinition/capabilitystatement-expectation",
          "valueCode" : "MAY"
        }],
        "name" : "_id",
        "type" : "string",
        "documentation" : "e-Referral FHIR API"
      },
      {
        "extension" : [{
          "url" : "http://hl7.org/fhir/StructureDefinition/capabilitystatement-expectation",
          "valueCode" : "MAY"
        }],
        "name" : "HealthcareService.providedBy",
        "type" : "token",
        "documentation" : " - [Booking and Referral - FHIR API](https://digital.nhs.uk/developer/api-catalogue/booking-and-referral-fhir) believe this should be `organization:identifier`"
      },
      {
        "extension" : [{
          "url" : "http://hl7.org/fhir/StructureDefinition/capabilitystatement-expectation",
          "valueCode" : "MAY"
        }],
        "name" : "HealthcareService.identifier",
        "type" : "token",
        "documentation" : " - [Booking and Referral - FHIR API](https://digital.nhs.uk/developer/api-catalogue/booking-and-referral-fhir) believe this should be `identifier`"
      }]
    },
    {
      "extension" : [{
        "url" : "http://hl7.org/fhir/StructureDefinition/capabilitystatement-expectation",
        "valueCode" : "MAY"
      }],
      "type" : "Organization",
      "profile" : "https://fhir.nhs.uk/England/StructureDefinition/Organization",
      "documentation" : "API present in \n - [Organisation Data Service - FHIR API](https://digital.nhs.uk/developer/api-catalogue/organisation-data-service-fhir) \n - [e-Referral Service Patient Care](https://digital.nhs.uk/developer/api-catalogue/e-referral-service-patient-care-fhir)\n - [e-Referral FHIR API](https://digital.nhs.uk/developer/api-catalogue/e-referral-service-fhir)\n  - [Booking and Referral - FHIR API](https://digital.nhs.uk/developer/api-catalogue/booking-and-referral-fhir) \n\n Used by \n\n - EPS consumers. \n\n No [UK Core FHIR Access](https://build.fhir.org/ig/HL7-UK/UK-Core-Access/index.html) conformance requirements",
      "interaction" : [{
        "extension" : [{
          "url" : "http://hl7.org/fhir/StructureDefinition/capabilitystatement-expectation",
          "valueCode" : "SHOULD"
        }],
        "code" : "read"
      },
      {
        "extension" : [{
          "url" : "http://hl7.org/fhir/StructureDefinition/capabilitystatement-expectation",
          "valueCode" : "MAY"
        }],
        "code" : "update"
      },
      {
        "extension" : [{
          "url" : "http://hl7.org/fhir/StructureDefinition/capabilitystatement-expectation",
          "valueCode" : "MAY"
        }],
        "code" : "delete"
      },
      {
        "extension" : [{
          "url" : "http://hl7.org/fhir/StructureDefinition/capabilitystatement-expectation",
          "valueCode" : "SHOULD"
        }],
        "code" : "search-type"
      }],
      "searchParam" : [{
        "extension" : [{
          "url" : "http://hl7.org/fhir/StructureDefinition/capabilitystatement-expectation",
          "valueCode" : "MAY"
        }],
        "name" : "_id",
        "type" : "string",
        "documentation" : "e-Referral FHIR API"
      },
      {
        "extension" : [{
          "url" : "http://hl7.org/fhir/StructureDefinition/capabilitystatement-expectation",
          "valueCode" : "MAY"
        }],
        "name" : "Organization.identifier",
        "type" : "token",
        "documentation" : " - [Booking and Referral - FHIR API](https://digital.nhs.uk/developer/api-catalogue/booking-and-referral-fhir) believe this should be `identifier`"
      },
      {
        "extension" : [{
          "url" : "http://hl7.org/fhir/StructureDefinition/capabilitystatement-expectation",
          "valueCode" : "MAY"
        }],
        "name" : "identifier",
        "type" : "token",
        "documentation" : " - [Organisation Data Service - FHIR API](https://digital.nhs.uk/developer/api-catalogue/organisation-data-service-fhir)"
      },
      {
        "extension" : [{
          "url" : "http://hl7.org/fhir/StructureDefinition/capabilitystatement-expectation",
          "valueCode" : "MAY"
        }],
        "name" : "active",
        "type" : "token",
        "documentation" : " - [Organisation Data Service - FHIR API](https://digital.nhs.uk/developer/api-catalogue/organisation-data-service-fhir)"
      },
      {
        "extension" : [{
          "url" : "http://hl7.org/fhir/StructureDefinition/capabilitystatement-expectation",
          "valueCode" : "MAY"
        }],
        "name" : "type",
        "type" : "token",
        "documentation" : " - [Organisation Data Service - FHIR API](https://digital.nhs.uk/developer/api-catalogue/organisation-data-service-fhir)"
      },
      {
        "extension" : [{
          "url" : "http://hl7.org/fhir/StructureDefinition/capabilitystatement-expectation",
          "valueCode" : "MAY"
        }],
        "name" : "name",
        "type" : "string",
        "documentation" : " - [Organisation Data Service - FHIR API](https://digital.nhs.uk/developer/api-catalogue/organisation-data-service-fhir)"
      },
      {
        "extension" : [{
          "url" : "http://hl7.org/fhir/StructureDefinition/capabilitystatement-expectation",
          "valueCode" : "MAY"
        }],
        "name" : "address-country",
        "type" : "string",
        "documentation" : " - [Organisation Data Service - FHIR API](https://digital.nhs.uk/developer/api-catalogue/organisation-data-service-fhir)"
      },
      {
        "extension" : [{
          "url" : "http://hl7.org/fhir/StructureDefinition/capabilitystatement-expectation",
          "valueCode" : "MAY"
        }],
        "name" : "ods-role",
        "type" : "token",
        "documentation" : " - [Organisation Data Service - FHIR API](https://digital.nhs.uk/developer/api-catalogue/organisation-data-service-fhir) EPS expects this data to be `type`"
      },
      {
        "extension" : [{
          "url" : "http://hl7.org/fhir/StructureDefinition/capabilitystatement-expectation",
          "valueCode" : "MAY"
        }],
        "name" : "ods-lastChangeDate",
        "type" : "date",
        "documentation" : " - [Organisation Data Service - FHIR API](https://digital.nhs.uk/developer/api-catalogue/organisation-data-service-fhir) FHIR developers would expect this to be `_lastUpdated`"
      },
      {
        "extension" : [{
          "url" : "http://hl7.org/fhir/StructureDefinition/capabilitystatement-expectation",
          "valueCode" : "MAY"
        }],
        "name" : "ods-activeRole",
        "type" : "token",
        "documentation" : " - [Organisation Data Service - FHIR API](https://digital.nhs.uk/developer/api-catalogue/organisation-data-service-fhir) concerned we have two searches on an extension"
      }]
    },
    {
      "extension" : [{
        "url" : "http://hl7.org/fhir/StructureDefinition/capabilitystatement-expectation",
        "valueCode" : "MAY"
      }],
      "type" : "OrganizationAffiliation",
      "profile" : "https://fhir.nhs.uk/England/StructureDefinition/OrganizationAffiliation",
      "documentation" : "API present in \n - [Organisation Data Service - FHIR API](https://digital.nhs.uk/developer/api-catalogue/organisation-data-service-fhir) \n\n No [UK Core FHIR Access](https://build.fhir.org/ig/HL7-UK/UK-Core-Access/index.html) conformance requirements",
      "interaction" : [{
        "extension" : [{
          "url" : "http://hl7.org/fhir/StructureDefinition/capabilitystatement-expectation",
          "valueCode" : "SHOULD"
        }],
        "code" : "search-type"
      }],
      "searchParam" : [{
        "extension" : [{
          "url" : "http://hl7.org/fhir/StructureDefinition/capabilitystatement-expectation",
          "valueCode" : "MAY"
        }],
        "name" : "identifier",
        "type" : "token",
        "documentation" : " - [Organisation Data Service - FHIR API](https://digital.nhs.uk/developer/api-catalogue/organisation-data-service-fhir)"
      },
      {
        "extension" : [{
          "url" : "http://hl7.org/fhir/StructureDefinition/capabilitystatement-expectation",
          "valueCode" : "MAY"
        }],
        "name" : "active",
        "type" : "token",
        "documentation" : " - [Organisation Data Service - FHIR API](https://digital.nhs.uk/developer/api-catalogue/organisation-data-service-fhir)"
      },
      {
        "extension" : [{
          "url" : "http://hl7.org/fhir/StructureDefinition/capabilitystatement-expectation",
          "valueCode" : "MAY"
        }],
        "name" : "primary-organization",
        "type" : "reference",
        "documentation" : " - [Organisation Data Service - FHIR API](https://digital.nhs.uk/developer/api-catalogue/organisation-data-service-fhir)"
      },
      {
        "extension" : [{
          "url" : "http://hl7.org/fhir/StructureDefinition/capabilitystatement-expectation",
          "valueCode" : "MAY"
        }],
        "name" : "participating-organization",
        "type" : "reference",
        "documentation" : " - [Organisation Data Service - FHIR API](https://digital.nhs.uk/developer/api-catalogue/organisation-data-service-fhir)"
      }]
    },
    {
      "extension" : [{
        "url" : "http://hl7.org/fhir/StructureDefinition/capabilitystatement-expectation",
        "valueCode" : "MAY"
      }],
      "type" : "Patient",
      "profile" : "https://fhir.nhs.uk/England/StructureDefinition/Patient",
      "supportedProfile" : ["https://fhir.nhs.uk/England/StructureDefinition/PatientPDS"],
      "documentation" : "API present in: \n - [Personal Demographics Service FHIR API](https://digital.nhs.uk/developer/api-catalogue/personal-demographics-service-fhir) \n\n Used by \n\n - EPS consumers. \n\n SHOULD and SHALL conformance is taken from [UK Core FHIR Access](https://build.fhir.org/ig/HL7-UK/UK-Core-Access/index.html) - MAY is used to indicate no conformance (added due to rendering issue in the publisher)",
      "interaction" : [{
        "extension" : [{
          "url" : "http://hl7.org/fhir/StructureDefinition/capabilitystatement-expectation",
          "valueCode" : "SHOULD"
        }],
        "code" : "read"
      },
      {
        "extension" : [{
          "url" : "http://hl7.org/fhir/StructureDefinition/capabilitystatement-expectation",
          "valueCode" : "SHOULD"
        }],
        "code" : "search-type"
      }],
      "searchParam" : [{
        "extension" : [{
          "url" : "http://hl7.org/fhir/StructureDefinition/capabilitystatement-expectation",
          "valueCode" : "MAY"
        }],
        "name" : "_fuzzy-match",
        "type" : "string",
        "documentation" : "PDS using non standard parameter"
      },
      {
        "extension" : [{
          "url" : "http://hl7.org/fhir/StructureDefinition/capabilitystatement-expectation",
          "valueCode" : "MAY"
        }],
        "name" : "_exact-match",
        "type" : "string",
        "documentation" : "PDS is using non standard parameter. Do not believe this is :exact from [modifiers](https://www.hl7.org/fhir/r4/search.html#modifiers) although it sounds similar and may cause confusion"
      },
      {
        "extension" : [{
          "url" : "http://hl7.org/fhir/StructureDefinition/capabilitystatement-expectation",
          "valueCode" : "MAY"
        }],
        "name" : "_history",
        "type" : "string",
        "documentation" : "PDS is using non standard parameter. Do not believe this is _history from [history](https://www.hl7.org/fhir/r4/http.html#history) this probably results in confusion for developers"
      },
      {
        "extension" : [{
          "url" : "http://hl7.org/fhir/StructureDefinition/capabilitystatement-expectation",
          "valueCode" : "MAY"
        }],
        "name" : "_max-results",
        "type" : "string",
        "documentation" : "PDS is using non standard parameter. PDS probably should be using _count [_count](https://www.hl7.org/fhir/r4/search.html#count) which should be ok as PDS does not support paging"
      },
      {
        "extension" : [{
          "url" : "http://hl7.org/fhir/StructureDefinition/capabilitystatement-expectation",
          "valueCode" : "SHALL"
        }],
        "name" : "identifier",
        "type" : "token",
        "documentation" : "A search by NHS Number. Missing from PDS is a read operation instead - so using transient id instead of identifier"
      },
      {
        "extension" : [{
          "url" : "http://hl7.org/fhir/StructureDefinition/capabilitystatement-expectation",
          "valueCode" : "SHOULD"
        }],
        "name" : "family",
        "type" : "string"
      },
      {
        "extension" : [{
          "url" : "http://hl7.org/fhir/StructureDefinition/capabilitystatement-expectation",
          "valueCode" : "SHALL"
        }],
        "name" : "given",
        "type" : "string"
      },
      {
        "extension" : [{
          "url" : "http://hl7.org/fhir/StructureDefinition/capabilitystatement-expectation",
          "valueCode" : "SHOULD"
        }],
        "name" : "gender",
        "type" : "string"
      },
      {
        "extension" : [{
          "url" : "http://hl7.org/fhir/StructureDefinition/capabilitystatement-expectation",
          "valueCode" : "SHOULD"
        }],
        "name" : "birthdate",
        "type" : "date"
      },
      {
        "extension" : [{
          "url" : "http://hl7.org/fhir/StructureDefinition/capabilitystatement-expectation",
          "valueCode" : "MAY"
        }],
        "name" : "death-date",
        "type" : "date"
      },
      {
        "extension" : [{
          "url" : "http://hl7.org/fhir/StructureDefinition/capabilitystatement-expectation",
          "valueCode" : "MAY"
        }],
        "name" : "address-postalcode",
        "type" : "string"
      },
      {
        "extension" : [{
          "url" : "http://hl7.org/fhir/StructureDefinition/capabilitystatement-expectation",
          "valueCode" : "MAY"
        }],
        "name" : "address-postcode",
        "type" : "string",
        "documentation" : "PDS is using non standard parameter - **will be deprecated in the future**"
      },
      {
        "extension" : [{
          "url" : "http://hl7.org/fhir/StructureDefinition/capabilitystatement-expectation",
          "valueCode" : "MAY"
        }],
        "name" : "general-practitioner",
        "type" : "reference",
        "documentation" : "A search by ODS Code. PDS SHOULD be using `general-practitioner:identifier` with `token` type to follow NHS Digital FHIR policy. It is workable as it is but this is searching on an `id` which is transient (changeable), searching on `identifier` is recommended."
      },
      {
        "extension" : [{
          "url" : "http://hl7.org/fhir/StructureDefinition/capabilitystatement-expectation",
          "valueCode" : "MAY"
        }],
        "name" : "email",
        "type" : "token"
      },
      {
        "extension" : [{
          "url" : "http://hl7.org/fhir/StructureDefinition/capabilitystatement-expectation",
          "valueCode" : "MAY"
        }],
        "name" : "phone",
        "type" : "token"
      }]
    },
    {
      "extension" : [{
        "url" : "http://hl7.org/fhir/StructureDefinition/capabilitystatement-expectation",
        "valueCode" : "MAY"
      }],
      "type" : "Practitioner",
      "profile" : "https://fhir.nhs.uk/England/StructureDefinition/Practitioner",
      "documentation" : "API present in \n - [e-Referral FHIR API](https://digital.nhs.uk/developer/api-catalogue/e-referral-service-fhir) \n\n No [UK Core FHIR Access](https://build.fhir.org/ig/HL7-UK/UK-Core-Access/index.html) conformance requirements",
      "interaction" : [{
        "extension" : [{
          "url" : "http://hl7.org/fhir/StructureDefinition/capabilitystatement-expectation",
          "valueCode" : "SHOULD"
        }],
        "code" : "search-type"
      }],
      "searchParam" : [{
        "extension" : [{
          "url" : "http://hl7.org/fhir/StructureDefinition/capabilitystatement-expectation",
          "valueCode" : "MAY"
        }],
        "name" : "_query",
        "type" : "string",
        "documentation" : "- e-Referral FHIR API"
      }]
    },
    {
      "extension" : [{
        "url" : "http://hl7.org/fhir/StructureDefinition/capabilitystatement-expectation",
        "valueCode" : "MAY"
      }],
      "type" : "PractitionerRole",
      "profile" : "https://fhir.nhs.uk/England/StructureDefinition/PractitionerRole",
      "documentation" : "API present in \n - [e-Referral FHIR API](https://digital.nhs.uk/developer/api-catalogue/e-referral-service-fhir) (NOT CONFORMANT) \n\n No [UK Core FHIR Access](https://build.fhir.org/ig/HL7-UK/UK-Core-Access/index.html) conformance requirements",
      "interaction" : [{
        "extension" : [{
          "url" : "http://hl7.org/fhir/StructureDefinition/capabilitystatement-expectation",
          "valueCode" : "SHOULD"
        }],
        "code" : "search-type"
      }],
      "searchParam" : [{
        "extension" : [{
          "url" : "http://hl7.org/fhir/StructureDefinition/capabilitystatement-expectation",
          "valueCode" : "MAY"
        }],
        "name" : "practitioner:identifier",
        "type" : "token",
        "documentation" : "[e-Referral FHIR API](https://digital.nhs.uk/developer/api-catalogue/e-referral-service-fhir) - This parameter is NOT present but is believed to be implied. This API is believed to be NOT CONFORMANT as the api as currently stated should return all PractitionreRole's held by eRS and this is clearly not correct."
      }]
    },
    {
      "extension" : [{
        "url" : "http://hl7.org/fhir/StructureDefinition/capabilitystatement-expectation",
        "valueCode" : "MAY"
      }],
      "type" : "RelatedPerson",
      "profile" : "https://fhir.nhs.uk/England/StructureDefinition/RelatedPerson",
      "documentation" : "API present in \n - [Personal Demographics Service FHIR API](https://digital.nhs.uk/developer/api-catalogue/personal-demographics-service-fhir) \n -  Proxy.  \n\n No [UK Core FHIR Access](https://build.fhir.org/ig/HL7-UK/UK-Core-Access/index.html) conformance requirements)",
      "interaction" : [{
        "extension" : [{
          "url" : "http://hl7.org/fhir/StructureDefinition/capabilitystatement-expectation",
          "valueCode" : "SHOULD"
        }],
        "code" : "search-type"
      }],
      "searchInclude" : ["RelatedPerson:patient"],
      "searchParam" : [{
        "extension" : [{
          "url" : "http://hl7.org/fhir/StructureDefinition/capabilitystatement-expectation",
          "valueCode" : "MAY"
        }],
        "name" : "identifier",
        "type" : "token",
        "documentation" : "A search by NHS Number. Proxy query parameter and not supported on PDS"
      },
      {
        "extension" : [{
          "url" : "http://hl7.org/fhir/StructureDefinition/capabilitystatement-expectation",
          "valueCode" : "MAY"
        }],
        "name" : "patient:identifier",
        "type" : "token",
        "documentation" : "A search by NHS Number. Proxy uses query parameter and PDS uses path parameter"
      }]
    },
    {
      "extension" : [{
        "url" : "http://hl7.org/fhir/StructureDefinition/capabilitystatement-expectation",
        "valueCode" : "MAY"
      }],
      "type" : "ServiceRequest",
      "profile" : "https://fhir.nhs.uk/England/StructureDefinition/ServiceRequest",
      "documentation" : "API present in \n - [e-Referral Service Patient Care](https://digital.nhs.uk/developer/api-catalogue/e-referral-service-patient-care-fhir). \n - [Booking and Referral - FHIR API](https://digital.nhs.uk/developer/api-catalogue/booking-and-referral-fhir) \n - [e-Referral FHIR API](https://digital.nhs.uk/developer/api-catalogue/e-referral-service-fhir) \n\n No [UK Core FHIR Access](https://build.fhir.org/ig/HL7-UK/UK-Core-Access/index.html) conformance requirements",
      "interaction" : [{
        "extension" : [{
          "url" : "http://hl7.org/fhir/StructureDefinition/capabilitystatement-expectation",
          "valueCode" : "SHOULD"
        }],
        "code" : "search-type"
      },
      {
        "extension" : [{
          "url" : "http://hl7.org/fhir/StructureDefinition/capabilitystatement-expectation",
          "valueCode" : "SHOULD"
        }],
        "code" : "read"
      }],
      "searchRevInclude" : ["Appointment:based-on",
      "Task:focus"],
      "searchParam" : [{
        "extension" : [{
          "url" : "http://hl7.org/fhir/StructureDefinition/capabilitystatement-expectation",
          "valueCode" : "MAY"
        }],
        "name" : "identifier",
        "type" : "token",
        "documentation" : "- e-Referral FHIR API"
      },
      {
        "extension" : [{
          "url" : "http://hl7.org/fhir/StructureDefinition/capabilitystatement-expectation",
          "valueCode" : "MAY"
        }],
        "name" : "patient:identifier",
        "type" : "token",
        "documentation" : " - [e-Referral Service Patient Care](https://digital.nhs.uk/developer/api-catalogue/e-referral-service-patient-care-fhir)) \n - [Booking and Referral - FHIR API](https://digital.nhs.uk/developer/api-catalogue/booking-and-referral-fhir) "
      },
      {
        "extension" : [{
          "url" : "http://hl7.org/fhir/StructureDefinition/capabilitystatement-expectation",
          "valueCode" : "MAY"
        }],
        "name" : "ServiceRequest.identifier",
        "type" : "token",
        "documentation" : " - [Booking and Referral - FHIR API](https://digital.nhs.uk/developer/api-catalogue/booking-and-referral-fhir) believe this should be `identifier` same as eRS"
      }]
    },
    {
      "extension" : [{
        "url" : "http://hl7.org/fhir/StructureDefinition/capabilitystatement-expectation",
        "valueCode" : "MAY"
      }],
      "type" : "Slot",
      "profile" : "https://fhir.nhs.uk/England/StructureDefinition/Slot",
      "documentation" : "API present in \n - [Booking and Referral - FHIR API](https://digital.nhs.uk/developer/api-catalogue/booking-and-referral-fhir) \n\n No [UK Core FHIR Access](https://build.fhir.org/ig/HL7-UK/UK-Core-Access/index.html) conformance requirements",
      "interaction" : [{
        "extension" : [{
          "url" : "http://hl7.org/fhir/StructureDefinition/capabilitystatement-expectation",
          "valueCode" : "SHOULD"
        }],
        "code" : "search-type"
      }],
      "searchInclude" : ["Slot:schedule",
      "Schedule:actor:Practitioner",
      "Schedule:actor:PractitionerRole",
      "Schedule:actor:HealthcareService",
      "HealthcareService:providedBy",
      "HealthcareService:location",
      "Slot:*"],
      "searchParam" : [{
        "extension" : [{
          "url" : "http://hl7.org/fhir/StructureDefinition/capabilitystatement-expectation",
          "valueCode" : "MAY"
        }],
        "name" : "status",
        "type" : "string"
      },
      {
        "extension" : [{
          "url" : "http://hl7.org/fhir/StructureDefinition/capabilitystatement-expectation",
          "valueCode" : "MAY"
        }],
        "name" : "start",
        "type" : "date"
      },
      {
        "extension" : [{
          "url" : "http://hl7.org/fhir/StructureDefinition/capabilitystatement-expectation",
          "valueCode" : "MAY"
        }],
        "name" : "Schedule.actor:HealthcareService",
        "type" : "token"
      }]
    }]
  }]
}