{
  "resourceType" : "CodeSystem",
  "id" : "FGM-ConsentPurpose",
  "text" : {
    "status" : "generated",
    "div" : "<div xmlns=\"http://www.w3.org/1999/xhtml\"><p>This case-sensitive code system <code>https://fhir.nhs.uk/England/CodeSystem/FGM-ConsentPurpose</code> defines the following code:</p><table class=\"codes\"><tr><td style=\"white-space:nowrap\"><b>Code</b></td><td><b>Display</b></td></tr><tr><td style=\"white-space:nowrap\">FGMCONSENT<a name=\"FGM-ConsentPurpose-FGMCONSENT\"> </a></td><td>FGM - Consent to record FGM flags</td></tr></table></div>"
  },
  "url" : "https://fhir.nhs.uk/England/CodeSystem/FGM-ConsentPurpose",
  "version" : "0.0.1",
  "name" : "FGMConsentPurpose",
  "title" : "FGM Consent Purpose",
  "status" : "draft",
  "experimental" : false,
  "date" : "2024-02-14",
  "publisher" : "NHS England",
  "contact" : [{
    "name" : "NHS England",
    "telecom" : [{
      "system" : "url",
      "value" : "https://www.england.nhs.uk/"
    }]
  }],
  "description" : "A CodeSystem to identify the purpose of the consent given within FGM",
  "jurisdiction" : [{
    "coding" : [{
      "system" : "urn:iso:std:iso:3166",
      "code" : "GB-ENG",
      "display" : "England"
    }]
  }],
  "copyright" : "Copyright © 2024+ NHS England Licensed under the Apache License, Version 2.0 (the \\\"License\\\"); you may not use this file except in compliance with the License. You may obtain a copy of the License at  http://www.apache.org/licenses/LICENSE-2.0 Unless required by applicable law or agreed to in writing, software distributed under the License is distributed on an \\\"AS IS\\\" BASIS, WITHOUT WARRANTIES OR CONDITIONS OF ANY KIND, either express or implied. See the License for the specific language governing permissions and limitations under the License. HL7® FHIR® standard Copyright © 2011+ HL7 The HL7® FHIR® standard is used under the FHIR license. You may obtain a copy of the FHIR license at  https://www.hl7.org/fhir/license.html.",
  "caseSensitive" : true,
  "content" : "complete",
  "count" : 1,
  "concept" : [{
    "code" : "FGMCONSENT",
    "display" : "FGM - Consent to record FGM flags"
  }]
}