URL,Version,Status,OIDs,Name,Title,Descriptino,Used
http://terminology.hl7.org/CodeSystem/organization-type,0.1.0,draft,"2.16.840.1.113883.4.642.1.1128",OrganizationType,Organization type,"This example value set defines a set of codes that can be used to indicate a type of organization.","ValueSet/UKCore-OrganizationType"
http://terminology.hl7.org/CodeSystem/v2-0131,2.1.0,active,"2.16.840.1.113883.18.58",ContactRole2,contactRole2,"Code system of concepts which specify a relationship role that the next of kin/associated parties plays with regard to the patient. Also used in referrals, for example, it may be necessary to identify the contact representative at the clinic that sent a referral. Used in HL7 Version 2 messaging in the NK1 and CTD segments after 2.5, when it replace 2.16.840.1.113883.18.57.","ValueSet/UKCore-PersonRelationshipType"
http://terminology.hl7.org/CodeSystem/v3-RoleCode,2.2.0,active,"2.16.840.1.113883.5.111",RoleCode,RoleCode,"A set of codes further specifying the kind of Role; specific classification codes for further qualifying RoleClass codes.","ValueSet/UKCore-PersonRelationshipType"
https://fhir.hl7.org.uk/CodeSystem/UKCore-AdditionalPersonRelationshipRole,2.1.0,active,,UKCoreAdditionalPersonRelationshipRole,UK Core Additional Person Relationship Role,"A CodeSystem to identify additional person relationship roles.","ValueSet/UKCore-PersonRelationshipType"
https://fhir.hl7.org.uk/CodeSystem/UKCore-OrganizationTypeGenomics,1.0.0,active,,UKCoreOrganizationTypeGenomics,UK Core Organization Type Genomics,"A set of codes to define additional genomic lab concepts for an organisation type.","ValueSet/UKCore-OrganizationType"
