{
  "codeSystems" : [
    {
      "url" : "http://dicom.nema.org/resources/ontology/DCM",
      "version" : "01",
      "status" : "active",
      "name" : "DICOM Controlled Terminology Definitions",
      "title" : null,
      "description" : "DICOM Code Definitions (Coding Scheme Designator \"DCM\" Coding Scheme Version \"01\")",
      "oids" : ["1.2.840.10008.2.16.4"],
      "uses" : {
      },
      "ValueSet-FlagProvenanceRole.html" : "NHSE Flag Provenance Role"
    },
    {
      "url" : "http://hl7.org/fhir/resource-types",
      "version" : "4.0.1",
      "status" : "active",
      "name" : "ResourceType",
      "title" : "ResourceType",
      "description" : "One of the resource types defined as part of this version of FHIR.",
      "uses" : {
      },
      "http://hl7.org/fhir/R4/valueset-resource-types.html" : "ResourceType"
    },
    {
      "url" : "http://snomed.info/sct",
      "version" : null,
      "status" : "active",
      "name" : "SNOMED_CT",
      "title" : "SNOMED CT (all versions)",
      "description" : "SNOMED CT is the most comprehensive and precise clinical health terminology product in the world, owned and distributed around the world by The International Health Terminology Standards Development Organisation (IHTSDO).",
      "oids" : ["2.16.840.1.113883.6.96"],
      "uses" : {
      },
      "ValueSet-NHSDigital-CareSettingType.html" : "NHSDigital Treatment Function Code"
    },
    {
      "url" : "http://terminology.hl7.org/CodeSystem/contractsignertypecodes",
      "version" : "0.1.0",
      "status" : "draft",
      "name" : "ContractSignerTypeCodes",
      "title" : "Contract Signer Type Codes",
      "description" : "This value set includes sample Contract Signer Type codes.",
      "oids" : ["2.16.840.1.113883.4.642.1.1201"],
      "uses" : {
      },
      "ValueSet-FlagProvenanceRole.html" : "NHSE Flag Provenance Role"
    },
    {
      "url" : "http://terminology.hl7.org/CodeSystem/extra-security-role-type",
      "version" : "0.2.0",
      "status" : "draft",
      "name" : "SecurityRoleType",
      "title" : "Security Role Type",
      "description" : "This CodeSystem contains Additional FHIR-defined Security Role types not defined elsewhere",
      "uses" : {
      },
      "ValueSet-FlagProvenanceRole.html" : "NHSE Flag Provenance Role"
    },
    {
      "url" : "http://terminology.hl7.org/CodeSystem/organization-type",
      "version" : "0.1.0",
      "status" : "draft",
      "name" : "OrganizationType",
      "title" : "Organization type",
      "description" : "This example value set defines a set of codes that can be used to indicate a type of organization.",
      "oids" : ["2.16.840.1.113883.4.642.1.1128"],
      "uses" : {
      },
      "https://simplifier.net/resolve?scope=fhir.r4.ukcore.stu3.currentbuild@0.0.6-pre-release&canonical=https://fhir.hl7.org.uk/ValueSet/UKCore-OrganizationType" : "UK Core Organization Type"
    },
    {
      "url" : "http://terminology.hl7.org/CodeSystem/v2-0131",
      "version" : "2.1.0",
      "status" : "active",
      "name" : "ContactRole2",
      "title" : "contactRole2",
      "description" : "Code system of concepts which specify a relationship role that the next of kin/associated parties plays with regard to the patient. Also used in referrals, for example, it may be necessary to identify the contact representative at the clinic that sent a referral. Used in HL7 Version 2 messaging in the NK1 and CTD segments after 2.5, when it replace 2.16.840.1.113883.18.57.",
      "oids" : ["2.16.840.1.113883.18.58"],
      "uses" : {
      },
      "https://simplifier.net/resolve?scope=fhir.r4.ukcore.stu3.currentbuild@0.0.6-pre-release&canonical=https://fhir.hl7.org.uk/ValueSet/UKCore-PersonRelationshipType" : "UK Core Person Relationship Type"
    },
    {
      "url" : "http://terminology.hl7.org/CodeSystem/v3-ActCode",
      "version" : "8.0.1",
      "status" : "active",
      "name" : "ActCode",
      "title" : "ActCode",
      "description" : "A code specifying the particular kind of Act that the Act-instance represents within its class.\r\n\r\n*Constraints:* The kind of Act (e.g. physical examination, serum potassium, inpatient encounter, charge financial transaction, etc.) is specified with a code from one of several, typically external, coding systems. The coding system will depend on the class of Act, such as LOINC for observations, etc.\r\n\r\nConceptually, the Act.code must be a specialization of the Act.classCode. This is why the structure of ActClass domain should be reflected in the superstructure of the ActCode domain and then individual codes or externally referenced vocabularies subordinated under these domains that reflect the ActClass structure.\r\n\r\nAct.classCode and Act.code are not modifiers of each other but the Act.code concept should really imply the Act.classCode concept. For a negative example, it is not appropriate to use an Act.code \"potassium\" together with and Act.classCode for \"laboratory observation\" to somehow mean \"potassium laboratory observation\" and then use the same Act.code for \"potassium\" together with Act.classCode for \"medication\" to mean \"substitution of potassium\". This mutually modifying use of Act.code and Act.classCode is not permitted.",
      "oids" : ["2.16.840.1.113883.5.4"],
      "uses" : {
      },
      "http://terminology.hl7.org/5.0.0/ValueSet-v3-ActEncounterCode.html" : "ActEncounterCode"
    },
    {
      "url" : "http://terminology.hl7.org/CodeSystem/v3-ActReason",
      "version" : "2.1.0",
      "status" : "active",
      "name" : "ActReason",
      "title" : "ActReason",
      "description" : "A set of codes specifying the motivation, cause, or rationale of an Act, when such rationale is not reasonably represented as an ActRelationship of type \"has reason\" linking to another Act.\r\n\r\n*Examples:* Example reasons that might qualify for being coded in this field might be: \"routine requirement\", \"infectious disease reporting requirement\", \"on patient request\", \"required by law\".",
      "oids" : ["2.16.840.1.113883.5.8"],
      "uses" : {
      },
      "http://terminology.hl7.org/5.0.0/ValueSet-v3-PurposeOfUse.html" : "PurposeOfUse",
      "https://profiles.ihe.net/ITI/PCF/1.0.0/ValueSet-BasicPurposeVS.html" : "Basic Purpose ValueSet"
    },
    {
      "url" : "http://terminology.hl7.org/CodeSystem/v3-MaritalStatus",
      "version" : "2.1.0",
      "status" : "active",
      "name" : "MaritalStatus",
      "title" : "MaritalStatus",
      "description" : "\\* \\* \\* No description supplied \\* \\* \\*\r\n\r\n*Open Issue:* The specific meanings of these codes can vary somewhat by jurisdiction and implementation so caution should be used when determining equivalency.\r\n\r\n*Open Issue:* fixing and completion of the hierarchy and proper good definitions of all the concepts is badly needed.",
      "oids" : ["2.16.840.1.113883.5.2"],
      "uses" : {
      },
      "https://simplifier.net/resolve?scope=fhir.r4.ukcore.stu3.currentbuild@0.0.6-pre-release&canonical=https://fhir.hl7.org.uk/ValueSet/UKCore-PersonMaritalStatusCode" : "UK Core Person Marital Status Code"
    },
    {
      "url" : "http://terminology.hl7.org/CodeSystem/v3-NullFlavor",
      "version" : "2.1.0",
      "status" : "active",
      "name" : "NullFlavor",
      "title" : "NullFlavor",
      "description" : "A collection of codes specifying why a valid value is not present.",
      "oids" : ["2.16.840.1.113883.5.1008"],
      "uses" : {
      },
      "https://simplifier.net/resolve?scope=fhir.r4.ukcore.stu3.currentbuild@0.0.6-pre-release&canonical=https://fhir.hl7.org.uk/ValueSet/UKCore-PersonMaritalStatusCode" : "UK Core Person Marital Status Code"
    },
    {
      "url" : "http://terminology.hl7.org/CodeSystem/v3-ParticipationFunction",
      "version" : "2.1.0",
      "status" : "active",
      "name" : "ParticipationFunction",
      "title" : "ParticipationFunction",
      "description" : "This code is used to specify the exact function an actor had in a service in all necessary detail. This domain may include local extensions (CWE).",
      "oids" : ["2.16.840.1.113883.5.88"],
      "uses" : {
      },
      "ValueSet-FlagProvenanceRole.html" : "NHSE Flag Provenance Role"
    },
    {
      "url" : "http://terminology.hl7.org/CodeSystem/v3-ParticipationType",
      "version" : "4.0.0",
      "status" : "active",
      "name" : "ParticipationType",
      "title" : "ParticipationType",
      "description" : "A code specifying the meaning and purpose of every Participation instance. Each of its values implies specific constraints on the Roles undertaking the participation.",
      "oids" : ["2.16.840.1.113883.5.90"],
      "uses" : {
      },
      "ValueSet-FlagProvenanceRole.html" : "NHSE Flag Provenance Role"
    },
    {
      "url" : "http://terminology.hl7.org/CodeSystem/v3-RoleClass",
      "version" : "3.1.0",
      "status" : "active",
      "name" : "RoleClass",
      "title" : "RoleClass",
      "description" : "Codes for the Role class hierarchy. The values in this hierarchy, represent a Role which is an association or relationship between two entities - the entity that plays the role and the entity that scopes the role. Roles names are derived from the name of the playing entity in that role.\r\n\r\nThe role hierarchy stems from three core concepts, or abstract domains:\r\n\r\n *  **RoleClassOntological** is an abstract domain that collects roles in which the playing entity is defined or specified by the scoping entity.\r\n *  **RoleClassPartitive** collects roles in which the playing entity is in some sense a \"part\" of the scoping entity.\r\n *  **RoleClassAssociative** collects all of the remaining forms of association between the playing entity and the scoping entity. This set of roles is further partitioned between:\r\n    \r\n     *  **RoleClassPassive** which are roles in which the playing entity is used, known, treated, handled, built, or destroyed, etc. under the auspices of the scoping entity. The playing entity is passive in these roles in that the role exists without an agreement from the playing entity.\r\n     *  **RoleClassMutualRelationship** which are relationships based on mutual behavior of the two entities. The basis of these relationship may be formal agreements or they may be *de facto* behavior. Thus, this sub-domain is further divided into:\r\n        \r\n         *  **RoleClassRelationshipFormal** in which the relationship is formally defined, frequently by a contract or agreement.\r\n         *  **Personal relationship** which inks two people in a personal relationship.\r\n\r\nThe hierarchy discussed above is represented In the current vocabulary tables as a set of abstract domains, with the exception of the \"Personal relationship\" which is a leaf concept.\r\n\r\n*OpenIssue:* Description copied from Concept Domain of same name. Must be verified.",
      "oids" : ["2.16.840.1.113883.5.110"],
      "uses" : {
      },
      "ValueSet-FlagProvenanceRole.html" : "NHSE Flag Provenance Role"
    },
    {
      "url" : "http://terminology.hl7.org/CodeSystem/v3-RoleCode",
      "version" : "2.2.0",
      "status" : "active",
      "name" : "RoleCode",
      "title" : "RoleCode",
      "description" : "A set of codes further specifying the kind of Role; specific classification codes for further qualifying RoleClass codes.",
      "oids" : ["2.16.840.1.113883.5.111"],
      "uses" : {
      },
      "ValueSet-FlagProvenanceRole.html" : "NHSE Flag Provenance Role",
      "https://simplifier.net/resolve?scope=fhir.r4.ukcore.stu3.currentbuild@0.0.6-pre-release&canonical=https://fhir.hl7.org.uk/ValueSet/UKCore-PersonRelationshipType" : "UK Core Person Relationship Type"
    },
    {
      "url" : "https://fhir.hl7.org.uk/CodeSystem/UKCore-AdditionalPersonRelationshipRole",
      "version" : "2.1.0",
      "status" : "active",
      "name" : "UKCoreAdditionalPersonRelationshipRole",
      "title" : "UK Core Additional Person Relationship Role",
      "description" : "A CodeSystem to identify additional person relationship roles.",
      "uses" : {
      },
      "https://simplifier.net/resolve?scope=fhir.r4.ukcore.stu3.currentbuild@0.0.6-pre-release&canonical=https://fhir.hl7.org.uk/ValueSet/UKCore-PersonRelationshipType" : "UK Core Person Relationship Type"
    },
    {
      "url" : "https://fhir.hl7.org.uk/CodeSystem/UKCore-HumanLanguage",
      "version" : "2.1.0",
      "status" : "active",
      "name" : "UKCoreHumanLanguage",
      "title" : "UK Core Human Language",
      "description" : "A CodeSystem that identifies the language used by a person.",
      "uses" : {
      },
      "https://simplifier.net/resolve?scope=fhir.r4.ukcore.stu3.currentbuild@0.0.6-pre-release&canonical=https://fhir.hl7.org.uk/ValueSet/UKCore-HumanLanguage" : "UK Core Human Language"
    },
    {
      "url" : "https://fhir.hl7.org.uk/CodeSystem/UKCore-OrganizationTypeGenomics",
      "version" : "1.0.0",
      "status" : "active",
      "name" : "UKCoreOrganizationTypeGenomics",
      "title" : "UK Core Organization Type Genomics",
      "description" : "A set of codes to define additional genomic lab concepts for an organisation type.",
      "uses" : {
      },
      "https://simplifier.net/resolve?scope=fhir.r4.ukcore.stu3.currentbuild@0.0.6-pre-release&canonical=https://fhir.hl7.org.uk/ValueSet/UKCore-OrganizationType" : "UK Core Organization Type"
    },
    {
      "url" : "https://fhir.hl7.org.uk/CodeSystem/UKCore-PersonMaritalStatusEngland",
      "version" : "1.1.1",
      "status" : "active",
      "name" : "UKCorePersonMaritalStatusEngland",
      "title" : "UK Core Person Marital Status England",
      "description" : "A set of codes that define the marital status of a person, as specified by the person. These codes and their descriptions represent concepts used in England and are copied from the content of the [NHS Data Dictionary Person Marital Status](https://www.datadictionary.nhs.uk/data_elements/person_marital_status.html) web page on 16/12/2022.",
      "uses" : {
      },
      "https://simplifier.net/resolve?scope=fhir.r4.ukcore.stu3.currentbuild@0.0.6-pre-release&canonical=https://fhir.hl7.org.uk/ValueSet/UKCore-PersonMaritalStatusCode" : "UK Core Person Marital Status Code"
    },
    {
      "url" : "https://fhir.hl7.org.uk/CodeSystem/UKCore-PersonMaritalStatusWales",
      "version" : "1.0.1",
      "status" : "active",
      "name" : "UKCorePersonMaritalStatusWales",
      "title" : "UK Core Person Marital Status Wales",
      "description" : "A set of codes that define the marital status of a person, as specified by the person. These codes and their descriptions represent concepts used in Wales and are copied from the content of the [Digital Health and Care Wales](https://dhcw.nhs.wales/information-services/information-standards/data-standards/data-standards-files/data-standard-change-notices-docs/dscns-2020/20200622-dscn-2020-06-core-reference-data-d2-3-pdf) web page on 17/11/2022.",
      "uses" : {
      },
      "https://simplifier.net/resolve?scope=fhir.r4.ukcore.stu3.currentbuild@0.0.6-pre-release&canonical=https://fhir.hl7.org.uk/ValueSet/UKCore-PersonMaritalStatusCode" : "UK Core Person Marital Status Code"
    },
    {
      "url" : "https://fhir.hl7.org.uk/CodeSystem/UKCore-PracticeSettingCode",
      "version" : "1.0.1",
      "status" : "active",
      "name" : "UKCorePracticeSettingCode",
      "title" : "UKCore Practice Setting Code",
      "description" : "This is the code representing the clinical specialty of the clinician or provider who interacted with, treated, or provided a service to/for the patient. These codes and their descriptions represent concepts used in England and Wales and are copied from the content of the [NHS Data Dictionary](https://www.datadictionary.nhs.uk/attributes/main_specialty_code.html) web page and [NHS Wales Data Dictionary](http://www.datadictionary.wales.nhs.uk/#!WordDocuments/mainspecialtyconsultant.htm) page on 20/10/2022.",
      "uses" : {
      },
      "https://simplifier.net/resolve?scope=fhir.r4.ukcore.stu3.currentbuild@0.0.6-pre-release&canonical=https://fhir.hl7.org.uk/ValueSet/UKCore-PracticeSettingCode" : "UK Core Practice Setting Code"
    },
    {
      "url" : "https://fhir.nhs.uk/CodeSystem/NHSDataModelAndDictionary-treatment-function",
      "version" : "0.0.1",
      "status" : "draft",
      "name" : "NHSDataModelandDictionaryTreatmentFunction",
      "title" : null,
      "description" : "A CodeSystem to identify the specialty of the care professional or team. FHIR Version of NHS Data Dictionary Main Specialty Code and HSCIC ITK HL7v2 Table ZU012",
      "uses" : {
      },
      "ValueSet-NHSDigital-CareSettingType.html" : "NHSDigital Treatment Function Code"
    }
  ]
}
