<?xml version="1.0" encoding="UTF-8"?>

<Consent xmlns="http://hl7.org/fhir">
  <id value="Consent-CPISConsentExample1"/>
  <meta>
    <profile value="https://fhir.nhs.uk/England/StructureDefinition/FlagConsent"/>
  </meta>
  <text>
    <status value="extensions"/><div xmlns="http://www.w3.org/1999/xhtml"><p><b>Generated Narrative: Consent</b><a name="CPISConsentExample1"> </a><a name="hcCPISConsentExample1"> </a></p><div style="display: inline-block; background-color: #d9e0e7; padding: 6px; margin: 4px; border: 1px solid #8da1b4; border-radius: 5px; line-height: 60%"><p style="margin-bottom: 0px">Resource Consent &quot;CPISConsentExample1&quot; </p><p style="margin-bottom: 0px">Profile: <a href="StructureDefinition-FlagConsent.html">NHSE Flag Consent Profile</a></p></div><p><b>Extension for Consent Create Summary</b>: Example of consent create summary extension text</p><p><b>Extension for Consent Remove Summary</b>: Example of consent remove summary extension text</p><p><b>status</b>: active</p><p><b>scope</b>: Privacy Consent <span style="background: LightGoldenRodYellow; margin: 4px; border: 1px solid khaki"> (<a href="http://terminology.hl7.org/5.3.0/CodeSystem-consentscope.html">Consent Scope Codes</a>#patient-privacy)</span></p><p><b>category</b>: Child Protection - Information Sharing Flag <span style="background: LightGoldenRodYellow; margin: 4px; border: 1px solid khaki"> (<a href="CodeSystem-PatientFlagCategory.html">NHSE Patient Flag Category</a>#CP-IS)</span></p><p><b>patient</b>: <a href="Patient-PatientExample1.html">Patient/PatientExample1</a> &quot; MANN&quot;</p><h3>Policies</h3><table class="grid"><tr><td style="display: none">-</td><td><b>Authority</b></td><td><b>Uri</b></td></tr><tr><td style="display: none">*</td><td><a href="https://www.gov.uk/">https://www.gov.uk/</a></td><td><a href="https://www.gov.uk/government/uploads/system/uploads/attachment_data/file/535024/data-security-review.pdf">https://www.gov.uk/government/uploads/system/uploads/attachment_data/file/535024/data-security-review.pdf</a></td></tr></table><p><b>policyRule</b>: Patient consent <span style="background: LightGoldenRodYellow; margin: 4px; border: 1px solid khaki"> (<a href="CodeSystem-FlagProxyRole.html">NHSE Flag Proxy Role</a>#001)</span></p><h3>Provisions</h3><table class="grid"><tr><td style="display: none">-</td><td><b>Purpose</b></td></tr><tr><td style="display: none">*</td><td>CPIS - Consent to record CPIS flags (Details: https://fhir.nhs.uk/England/CodeSystem/CPIS-ConsentPurpose code CPISCONSENT = 'CPIS - Consent to record CPIS flags', stated as 'CPIS - Consent to record CPIS flags')</td></tr></table><hr/><blockquote><p><b>Generated Narrative: Provenance #51a731b3-1c46-47ba-abad-04209bd264e6</b><a name="51a731b3-1c46-47ba-abad-04209bd264e6"> </a><a name="hc51a731b3-1c46-47ba-abad-04209bd264e6"> </a></p><p><b>target</b>: <a href="#">#</a></p><p><b>recorded</b>: Jan 1, 2024, 11:00:00 AM</p><p><b>activity</b>: create <span style="background: LightGoldenRodYellow; margin: 4px; border: 1px solid khaki"> (<a href="http://terminology.hl7.org/5.3.0/CodeSystem-v3-DataOperation.html">DataOperation</a>#CREATE)</span></p><h3>Agents</h3><table class="grid"><tr><td style="display: none">-</td><td><b>Role</b></td><td><b>Who</b></td><td><b>OnBehalfOf</b></td></tr><tr><td style="display: none">*</td><td>General Medical Practitioner <span style="background: LightGoldenRodYellow; margin: 4px; border: 1px solid khaki"> (<a href="https://simplifier.net/resolve?scope=careconnect.stu3.03.00.00@3.1.0&amp;canonical=https://fhir.hl7.org.uk/STU3/CodeSystem/CareConnect-SDSJobRoleName-1">Care Connect SDS Job Role Name</a>#R0260)</span></td><td><a href="https://simplifier.net/resolve?scope=careconnect.stu3.03.00.00@3.1.0&amp;canonical=https://sds.spineservices.nhs.uk/STU3/Practitioner/2ee4tr6a9">https://sds.spineservices.nhs.uk/STU3/Practitioner/2ee4tr6a9</a></td><td><a href="https://simplifier.net/resolve?scope=careconnect.stu3.03.00.00@3.1.0&amp;canonical=https://directory.spineservices.nhs.uk/STU3/Organization/a3e5i7">https://directory.spineservices.nhs.uk/STU3/Organization/a3e5i7</a></td></tr></table></blockquote></div>
  </text>
  <contained>
    <Provenance>
      <id value="51a731b3-1c46-47ba-abad-04209bd264e6"/>
      <target>
        <reference value="#"/>
      </target>
      <recorded value="2024-01-01T11:00:00+00:00"/>
      <activity>
        <coding>
          <system value="http://terminology.hl7.org/CodeSystem/v3-DataOperation"/>
          <code value="CREATE"/>
          <display value="create"/>
        </coding>
      </activity>
      <agent>
        <role>
          <coding>
            <system value="https://fhir.hl7.org.uk/STU3/CodeSystem/CareConnect-SDSJobRoleName-1"/>
            <code value="R0260"/>
            <display value="General Medical Practitioner"/>
          </coding>
        </role>
        <who>
          <reference value="https://sds.spineservices.nhs.uk/STU3/Practitioner/2ee4tr6a9"/>
        </who>
        <onBehalfOf>
          <reference value="https://directory.spineservices.nhs.uk/STU3/Organization/a3e5i7"/>
        </onBehalfOf>
      </agent>
    </Provenance>
  </contained>
  <extension url="https://fhir.nhs.uk/England/StructureDefinition/Extension-ConsentCreateSummary">
    <valueAnnotation>
      <text value="Example of consent create summary extension text"/>
    </valueAnnotation>
  </extension>
  <extension url="https://fhir.nhs.uk/England/StructureDefinition/Extension-ConsentRemoveSummary">
    <valueAnnotation>
      <text value="Example of consent remove summary extension text"/>
    </valueAnnotation>
  </extension>
  <status value="active"/>
  <scope>
    <coding>
      <system value="http://terminology.hl7.org/CodeSystem/consentscope"/>
      <code value="patient-privacy"/>
    </coding>
  </scope>
  <category>
    <coding>
      <system value="https://fhir.nhs.uk/England/CodeSystem/PatientFlagCategory"/>
      <code value="CP-IS"/>
      <display value="Child Protection - Information Sharing Flag"/>
    </coding>
  </category>
  <patient>
    <reference value="Patient/PatientExample1"/>
  </patient>
  <policy>
    <authority value="https://www.gov.uk/"/>
    <uri value="https://www.gov.uk/government/uploads/system/uploads/attachment_data/file/535024/data-security-review.pdf"/>
  </policy>
  <policyRule>
    <coding>
      <system value="https://fhir.nhs.uk/England/CodeSystem/FlagProxyRole"/>
      <code value="001"/>
    </coding>
  </policyRule>
  <provision>
    <purpose>
      <system value="https://fhir.nhs.uk/England/CodeSystem/CPIS-ConsentPurpose"/>
      <code value="CPISCONSENT"/>
      <display value="CPIS - Consent to record CPIS flags"/>
    </purpose>
  </provision>
</Consent>