{
  "resourceType" : "Encounter",
  "id" : "Encounter-pre-admission-fredrica-smith",
  "meta" : {
    "profile" : ["https://fhir.nhs.uk/England/StructureDefinition/Encounter"]
  },
  "text" : {
    "status" : "generated",
    "div" : "<div xmlns=\"http://www.w3.org/1999/xhtml\"><p><b>Generated Narrative: Encounter</b><a name=\"Encounter-pre-admission-fredrica-smith\"> </a></p><div style=\"display: inline-block; background-color: #d9e0e7; padding: 6px; margin: 4px; border: 1px solid #8da1b4; border-radius: 5px; line-height: 60%\"><p style=\"margin-bottom: 0px\">Resource Encounter &quot;Encounter-pre-admission-fredrica-smith&quot; </p><p style=\"margin-bottom: 0px\">Profile: <a href=\"StructureDefinition-Encounter.html\">Encounter</a></p></div><p><b>identifier</b>: <code>https://fhir.leedsth.nhs.uk/YrVisit</code>/4532</p><p><b>status</b>: planned</p><p><b>class</b>: pre-admission (Details: http://terminology.hl7.org/CodeSystem/v3-ActCode code PRENC = 'pre-admission', stated as 'pre-admission')</p><p><b>serviceType</b>: GENERAL MEDICINE <span style=\"background: LightGoldenRodYellow; margin: 4px; border: 1px solid khaki\"> (<a href=\"CodeSystem-NHSDataModelAndDictionary-treatment-function.html\">NHSDataModelandDictionaryTreatmentFunction</a>#300)</span></p><p><b>subject</b>: <a href=\"https://simplifier.net/resolve?scope=fhir.r4.ukcore.stu3.currentbuild@0.0.6-pre-release&amp;canonical=https://simplifier.net/guide/ukcoreversionhistory/Patient/Patient-NHS-3333333333-Fredrica-Smith\">Patient/Patient-NHS-3333333333-Fredrica-Smith: Fredrica Smith</a></p><p><b>period</b>: 2010-09-30 00:00:00+0000 --&gt; 2010-10-01 00:00:00+0000</p><h3>Lengths</h3><table class=\"grid\"><tr><td style=\"display: none\">-</td><td><b>Value</b></td><td><b>Unit</b></td></tr><tr><td style=\"display: none\">*</td><td>2</td><td>day</td></tr></table><p><b>reasonCode</b>: Labour <span style=\"background: LightGoldenRodYellow; margin: 4px; border: 1px solid khaki\"> ()</span></p><h3>Diagnoses</h3><table class=\"grid\"><tr><td style=\"display: none\">-</td><td><b>Condition</b></td></tr><tr><td style=\"display: none\">*</td><td><span>: Pregnant</span></td></tr></table><h3>Locations</h3><table class=\"grid\"><tr><td style=\"display: none\">-</td><td><b>Location</b></td></tr><tr><td style=\"display: none\">*</td><td><span><code>https://fhir.nhs.uk/Id/ods-site-code</code>/RCB55</span></td></tr></table><p><b>serviceProvider</b>: <span><code>https://fhir.nhs.uk/Id/ods-organization-code</code>/RCB</span></p></div>"
  },
  "extension" : [{
    "url" : "https://fhir.nhs.uk/England/StructureDefinition/Extension-Encounter-plannedStartDate",
    "valueDateTime" : "2010-09-30T00:00:00+00:00"
  },
  {
    "url" : "https://fhir.nhs.uk/England/StructureDefinition/Extension-Encounter-plannedEndDate",
    "valueDateTime" : "2010-10-01T00:00:00+00:00"
  }],
  "identifier" : [{
    "system" : "https://fhir.leedsth.nhs.uk/YrVisit",
    "value" : "4532"
  }],
  "status" : "planned",
  "class" : {
    "system" : "http://terminology.hl7.org/CodeSystem/v3-ActCode",
    "code" : "PRENC",
    "display" : "pre-admission"
  },
  "serviceType" : {
    "coding" : [{
      "system" : "https://fhir.nhs.uk/CodeSystem/NHSDataModelAndDictionary-treatment-function",
      "code" : "300"
    }]
  },
  "subject" : {
    "reference" : "Patient/Patient-NHS-3333333333-Fredrica-Smith",
    "identifier" : {
      "system" : "https://fhir.nhs.uk/Id/nhs-number",
      "value" : "3333333333"
    },
    "display" : "Fredrica Smith"
  },
  "period" : {
    "start" : "2010-09-30T00:00:00+00:00",
    "end" : "2010-10-01T00:00:00+00:00"
  },
  "length" : {
    "value" : 2,
    "unit" : "day"
  },
  "reasonCode" : [{
    "text" : "Labour"
  }],
  "diagnosis" : [{
    "condition" : {
      "display" : "Pregnant"
    }
  }],
  "location" : [{
    "location" : {
      "identifier" : {
        "system" : "https://fhir.nhs.uk/Id/ods-site-code",
        "value" : "RCB55"
      }
    }
  }],
  "serviceProvider" : {
    "identifier" : {
      "system" : "https://fhir.nhs.uk/Id/ods-organization-code",
      "value" : "RCB"
    }
  }
}