{
  "resourceType" : "ImplementationGuide",
  "id" : "uk.nhs.england.administration",
  "text" : {
    "status" : "extensions",
    "div" : "<div xmlns=\"http://www.w3.org/1999/xhtml\"><h2>NHSEnglandInteroperabilitySkunkworks</h2><p>The official URL for this implementation guide is: </p><pre>https://fhir.nhs.uk/England/ImplementationGuide/uk.nhs.england.administration</pre></div>"
  },
  "url" : "https://fhir.nhs.uk/England/ImplementationGuide/uk.nhs.england.administration",
  "version" : "0.0.1",
  "name" : "NHSEnglandInteroperabilitySkunkworks",
  "title" : "Health Administration Interoperability Standards - Skunkworks",
  "status" : "draft",
  "date" : "2024-03-26T14:52:36+00:00",
  "publisher" : "NHS England",
  "contact" : [{
    "name" : "NHS England",
    "telecom" : [{
      "system" : "url",
      "value" : "https://www.england.nhs.uk/"
    }]
  }],
  "jurisdiction" : [{
    "coding" : [{
      "system" : "urn:iso:std:iso:3166",
      "code" : "GB-ENG",
      "display" : "England"
    }]
  }],
  "packageId" : "uk.nhs.england.administration",
  "license" : "Apache-2.0",
  "fhirVersion" : ["4.0.1"],
  "dependsOn" : [{
    "id" : "hl7tx",
    "extension" : [{
      "url" : "http://hl7.org/fhir/tools/StructureDefinition/implementationguide-dependency-comment",
      "valueMarkdown" : "Automatically added as a dependency - all IGs depend on HL7 Terminology"
    }],
    "uri" : "http://terminology.hl7.org/ImplementationGuide/hl7.terminology",
    "packageId" : "hl7.terminology.r4",
    "version" : "5.3.0"
  },
  {
    "id" : "hl7ext",
    "extension" : [{
      "url" : "http://hl7.org/fhir/tools/StructureDefinition/implementationguide-dependency-comment",
      "valueMarkdown" : "Automatically added as a dependency - all IGs depend on the HL7 Extension Pack"
    }],
    "uri" : "http://hl7.org/fhir/extensions/ImplementationGuide/hl7.fhir.uv.extensions",
    "packageId" : "hl7.fhir.uv.extensions.r4",
    "version" : "1.0.0"
  },
  {
    "id" : "fhir_r4_ukcore_stu3_currentbuild",
    "uri" : "https://simplifier.net/guide/ukcoreversionhistory",
    "packageId" : "fhir.r4.ukcore.stu3.currentbuild",
    "version" : "0.0.6-pre-release"
  },
  {
    "id" : "fhir_r4_nhsengland_stu1",
    "uri" : "https://simplifier.net/guide/nhs-england-implementation-guide-version-history",
    "packageId" : "fhir.r4.nhsengland.stu1",
    "version" : "1.1.0"
  },
  {
    "id" : "hl7_fhir_uv_sdc",
    "uri" : "http://hl7.org/fhir/uv/sdc/ImplementationGuide/hl7.fhir.uv.sdc",
    "packageId" : "hl7.fhir.uv.sdc",
    "version" : "3.0.0"
  },
  {
    "id" : "ihe_iti_pcf",
    "uri" : "https://profiles.ihe.net/ITI/PCF/ImplementationGuide/ihe.iti.pcf",
    "packageId" : "ihe.iti.pcf",
    "version" : "1.0.0"
  }],
  "definition" : {
    "extension" : [{
      "extension" : [{
        "url" : "code",
        "valueString" : "copyrightyear"
      },
      {
        "url" : "value",
        "valueString" : "2024+"
      }],
      "url" : "http://hl7.org/fhir/tools/StructureDefinition/ig-parameter"
    },
    {
      "extension" : [{
        "url" : "code",
        "valueString" : "releaselabel"
      },
      {
        "url" : "value",
        "valueString" : "ci-build"
      }],
      "url" : "http://hl7.org/fhir/tools/StructureDefinition/ig-parameter"
    },
    {
      "extension" : [{
        "url" : "code",
        "valueString" : "autoload-resources"
      },
      {
        "url" : "value",
        "valueString" : "true"
      }],
      "url" : "http://hl7.org/fhir/tools/StructureDefinition/ig-parameter"
    },
    {
      "extension" : [{
        "url" : "code",
        "valueString" : "path-liquid"
      },
      {
        "url" : "value",
        "valueString" : "template/liquid"
      }],
      "url" : "http://hl7.org/fhir/tools/StructureDefinition/ig-parameter"
    },
    {
      "extension" : [{
        "url" : "code",
        "valueString" : "path-liquid"
      },
      {
        "url" : "value",
        "valueString" : "input/liquid"
      }],
      "url" : "http://hl7.org/fhir/tools/StructureDefinition/ig-parameter"
    },
    {
      "extension" : [{
        "url" : "code",
        "valueString" : "path-qa"
      },
      {
        "url" : "value",
        "valueString" : "temp/qa"
      }],
      "url" : "http://hl7.org/fhir/tools/StructureDefinition/ig-parameter"
    },
    {
      "extension" : [{
        "url" : "code",
        "valueString" : "path-temp"
      },
      {
        "url" : "value",
        "valueString" : "temp/pages"
      }],
      "url" : "http://hl7.org/fhir/tools/StructureDefinition/ig-parameter"
    },
    {
      "extension" : [{
        "url" : "code",
        "valueString" : "path-output"
      },
      {
        "url" : "value",
        "valueString" : "output"
      }],
      "url" : "http://hl7.org/fhir/tools/StructureDefinition/ig-parameter"
    },
    {
      "extension" : [{
        "url" : "code",
        "valueString" : "path-suppressed-warnings"
      },
      {
        "url" : "value",
        "valueString" : "input/ignoreWarnings.txt"
      }],
      "url" : "http://hl7.org/fhir/tools/StructureDefinition/ig-parameter"
    },
    {
      "extension" : [{
        "url" : "code",
        "valueString" : "path-history"
      },
      {
        "url" : "value",
        "valueString" : "https://fhir.nhs.uk/England/history.html"
      }],
      "url" : "http://hl7.org/fhir/tools/StructureDefinition/ig-parameter"
    },
    {
      "extension" : [{
        "url" : "code",
        "valueString" : "template-html"
      },
      {
        "url" : "value",
        "valueString" : "template-page.html"
      }],
      "url" : "http://hl7.org/fhir/tools/StructureDefinition/ig-parameter"
    },
    {
      "extension" : [{
        "url" : "code",
        "valueString" : "template-md"
      },
      {
        "url" : "value",
        "valueString" : "template-page-md.html"
      }],
      "url" : "http://hl7.org/fhir/tools/StructureDefinition/ig-parameter"
    },
    {
      "extension" : [{
        "url" : "code",
        "valueString" : "apply-contact"
      },
      {
        "url" : "value",
        "valueString" : "true"
      }],
      "url" : "http://hl7.org/fhir/tools/StructureDefinition/ig-parameter"
    },
    {
      "extension" : [{
        "url" : "code",
        "valueString" : "apply-context"
      },
      {
        "url" : "value",
        "valueString" : "true"
      }],
      "url" : "http://hl7.org/fhir/tools/StructureDefinition/ig-parameter"
    },
    {
      "extension" : [{
        "url" : "code",
        "valueString" : "apply-copyright"
      },
      {
        "url" : "value",
        "valueString" : "true"
      }],
      "url" : "http://hl7.org/fhir/tools/StructureDefinition/ig-parameter"
    },
    {
      "extension" : [{
        "url" : "code",
        "valueString" : "apply-jurisdiction"
      },
      {
        "url" : "value",
        "valueString" : "true"
      }],
      "url" : "http://hl7.org/fhir/tools/StructureDefinition/ig-parameter"
    },
    {
      "extension" : [{
        "url" : "code",
        "valueString" : "apply-license"
      },
      {
        "url" : "value",
        "valueString" : "true"
      }],
      "url" : "http://hl7.org/fhir/tools/StructureDefinition/ig-parameter"
    },
    {
      "extension" : [{
        "url" : "code",
        "valueString" : "apply-publisher"
      },
      {
        "url" : "value",
        "valueString" : "true"
      }],
      "url" : "http://hl7.org/fhir/tools/StructureDefinition/ig-parameter"
    },
    {
      "extension" : [{
        "url" : "code",
        "valueString" : "apply-version"
      },
      {
        "url" : "value",
        "valueString" : "true"
      }],
      "url" : "http://hl7.org/fhir/tools/StructureDefinition/ig-parameter"
    },
    {
      "extension" : [{
        "url" : "code",
        "valueString" : "apply-wg"
      },
      {
        "url" : "value",
        "valueString" : "true"
      }],
      "url" : "http://hl7.org/fhir/tools/StructureDefinition/ig-parameter"
    },
    {
      "extension" : [{
        "url" : "code",
        "valueString" : "active-tables"
      },
      {
        "url" : "value",
        "valueString" : "true"
      }],
      "url" : "http://hl7.org/fhir/tools/StructureDefinition/ig-parameter"
    },
    {
      "extension" : [{
        "url" : "code",
        "valueString" : "fmm-definition"
      },
      {
        "url" : "value",
        "valueString" : "http://hl7.org/fhir/versions.html#maturity"
      }],
      "url" : "http://hl7.org/fhir/tools/StructureDefinition/ig-parameter"
    },
    {
      "extension" : [{
        "url" : "code",
        "valueString" : "propagate-status"
      },
      {
        "url" : "value",
        "valueString" : "true"
      }],
      "url" : "http://hl7.org/fhir/tools/StructureDefinition/ig-parameter"
    },
    {
      "extension" : [{
        "url" : "code",
        "valueString" : "excludelogbinaryformat"
      },
      {
        "url" : "value",
        "valueString" : "true"
      }],
      "url" : "http://hl7.org/fhir/tools/StructureDefinition/ig-parameter"
    },
    {
      "extension" : [{
        "url" : "code",
        "valueString" : "tabbed-snapshots"
      },
      {
        "url" : "value",
        "valueString" : "true"
      }],
      "url" : "http://hl7.org/fhir/tools/StructureDefinition/ig-parameter"
    },
    {
      "url" : "http://hl7.org/fhir/tools/StructureDefinition/ig-internal-dependency",
      "valueCode" : "hl7.fhir.uv.tools#0.1.0"
    },
    {
      "extension" : [{
        "url" : "code",
        "valueCode" : "copyrightyear"
      },
      {
        "url" : "value",
        "valueString" : "2024+"
      }],
      "url" : "http://hl7.org/fhir/tools/StructureDefinition/ig-parameter"
    },
    {
      "extension" : [{
        "url" : "code",
        "valueCode" : "releaselabel"
      },
      {
        "url" : "value",
        "valueString" : "ci-build"
      }],
      "url" : "http://hl7.org/fhir/tools/StructureDefinition/ig-parameter"
    },
    {
      "extension" : [{
        "url" : "code",
        "valueCode" : "autoload-resources"
      },
      {
        "url" : "value",
        "valueString" : "true"
      }],
      "url" : "http://hl7.org/fhir/tools/StructureDefinition/ig-parameter"
    },
    {
      "extension" : [{
        "url" : "code",
        "valueCode" : "path-liquid"
      },
      {
        "url" : "value",
        "valueString" : "template/liquid"
      }],
      "url" : "http://hl7.org/fhir/tools/StructureDefinition/ig-parameter"
    },
    {
      "extension" : [{
        "url" : "code",
        "valueCode" : "path-liquid"
      },
      {
        "url" : "value",
        "valueString" : "input/liquid"
      }],
      "url" : "http://hl7.org/fhir/tools/StructureDefinition/ig-parameter"
    },
    {
      "extension" : [{
        "url" : "code",
        "valueCode" : "path-qa"
      },
      {
        "url" : "value",
        "valueString" : "temp/qa"
      }],
      "url" : "http://hl7.org/fhir/tools/StructureDefinition/ig-parameter"
    },
    {
      "extension" : [{
        "url" : "code",
        "valueCode" : "path-temp"
      },
      {
        "url" : "value",
        "valueString" : "temp/pages"
      }],
      "url" : "http://hl7.org/fhir/tools/StructureDefinition/ig-parameter"
    },
    {
      "extension" : [{
        "url" : "code",
        "valueCode" : "path-output"
      },
      {
        "url" : "value",
        "valueString" : "output"
      }],
      "url" : "http://hl7.org/fhir/tools/StructureDefinition/ig-parameter"
    },
    {
      "extension" : [{
        "url" : "code",
        "valueCode" : "path-suppressed-warnings"
      },
      {
        "url" : "value",
        "valueString" : "input/ignoreWarnings.txt"
      }],
      "url" : "http://hl7.org/fhir/tools/StructureDefinition/ig-parameter"
    },
    {
      "extension" : [{
        "url" : "code",
        "valueCode" : "path-history"
      },
      {
        "url" : "value",
        "valueString" : "https://fhir.nhs.uk/England/history.html"
      }],
      "url" : "http://hl7.org/fhir/tools/StructureDefinition/ig-parameter"
    },
    {
      "extension" : [{
        "url" : "code",
        "valueCode" : "template-html"
      },
      {
        "url" : "value",
        "valueString" : "template-page.html"
      }],
      "url" : "http://hl7.org/fhir/tools/StructureDefinition/ig-parameter"
    },
    {
      "extension" : [{
        "url" : "code",
        "valueCode" : "template-md"
      },
      {
        "url" : "value",
        "valueString" : "template-page-md.html"
      }],
      "url" : "http://hl7.org/fhir/tools/StructureDefinition/ig-parameter"
    },
    {
      "extension" : [{
        "url" : "code",
        "valueCode" : "apply-contact"
      },
      {
        "url" : "value",
        "valueString" : "true"
      }],
      "url" : "http://hl7.org/fhir/tools/StructureDefinition/ig-parameter"
    },
    {
      "extension" : [{
        "url" : "code",
        "valueCode" : "apply-context"
      },
      {
        "url" : "value",
        "valueString" : "true"
      }],
      "url" : "http://hl7.org/fhir/tools/StructureDefinition/ig-parameter"
    },
    {
      "extension" : [{
        "url" : "code",
        "valueCode" : "apply-copyright"
      },
      {
        "url" : "value",
        "valueString" : "true"
      }],
      "url" : "http://hl7.org/fhir/tools/StructureDefinition/ig-parameter"
    },
    {
      "extension" : [{
        "url" : "code",
        "valueCode" : "apply-jurisdiction"
      },
      {
        "url" : "value",
        "valueString" : "true"
      }],
      "url" : "http://hl7.org/fhir/tools/StructureDefinition/ig-parameter"
    },
    {
      "extension" : [{
        "url" : "code",
        "valueCode" : "apply-license"
      },
      {
        "url" : "value",
        "valueString" : "true"
      }],
      "url" : "http://hl7.org/fhir/tools/StructureDefinition/ig-parameter"
    },
    {
      "extension" : [{
        "url" : "code",
        "valueCode" : "apply-publisher"
      },
      {
        "url" : "value",
        "valueString" : "true"
      }],
      "url" : "http://hl7.org/fhir/tools/StructureDefinition/ig-parameter"
    },
    {
      "extension" : [{
        "url" : "code",
        "valueCode" : "apply-version"
      },
      {
        "url" : "value",
        "valueString" : "true"
      }],
      "url" : "http://hl7.org/fhir/tools/StructureDefinition/ig-parameter"
    },
    {
      "extension" : [{
        "url" : "code",
        "valueCode" : "apply-wg"
      },
      {
        "url" : "value",
        "valueString" : "true"
      }],
      "url" : "http://hl7.org/fhir/tools/StructureDefinition/ig-parameter"
    },
    {
      "extension" : [{
        "url" : "code",
        "valueCode" : "active-tables"
      },
      {
        "url" : "value",
        "valueString" : "true"
      }],
      "url" : "http://hl7.org/fhir/tools/StructureDefinition/ig-parameter"
    },
    {
      "extension" : [{
        "url" : "code",
        "valueCode" : "fmm-definition"
      },
      {
        "url" : "value",
        "valueString" : "http://hl7.org/fhir/versions.html#maturity"
      }],
      "url" : "http://hl7.org/fhir/tools/StructureDefinition/ig-parameter"
    },
    {
      "extension" : [{
        "url" : "code",
        "valueCode" : "propagate-status"
      },
      {
        "url" : "value",
        "valueString" : "true"
      }],
      "url" : "http://hl7.org/fhir/tools/StructureDefinition/ig-parameter"
    },
    {
      "extension" : [{
        "url" : "code",
        "valueCode" : "excludelogbinaryformat"
      },
      {
        "url" : "value",
        "valueString" : "true"
      }],
      "url" : "http://hl7.org/fhir/tools/StructureDefinition/ig-parameter"
    },
    {
      "extension" : [{
        "url" : "code",
        "valueCode" : "tabbed-snapshots"
      },
      {
        "url" : "value",
        "valueString" : "true"
      }],
      "url" : "http://hl7.org/fhir/tools/StructureDefinition/ig-parameter"
    }],
    "resource" : [{
      "extension" : [{
        "url" : "http://hl7.org/fhir/tools/StructureDefinition/resource-information",
        "valueString" : "StructureDefinition:resource"
      }],
      "reference" : {
        "reference" : "StructureDefinition/Appointment"
      },
      "name" : "Appointment",
      "description" : "NHS England Appointment",
      "exampleBoolean" : false
    },
    {
      "extension" : [{
        "url" : "http://hl7.org/fhir/tools/StructureDefinition/resource-information",
        "valueString" : "StructureDefinition:resource"
      }],
      "reference" : {
        "reference" : "StructureDefinition/AppointmentResponse"
      },
      "name" : "AppointmentResponse",
      "description" : "NHS England AppointmentResponse",
      "exampleBoolean" : false
    },
    {
      "extension" : [{
        "url" : "http://hl7.org/fhir/tools/StructureDefinition/resource-information",
        "valueString" : "StructureDefinition:resource"
      }],
      "reference" : {
        "reference" : "StructureDefinition/IHEPCF-Basic-Consent"
      },
      "name" : "BasicConsent",
      "description" : "NHS England IHE PCF Explicit Basic Consent. Note NHS England does not contrain out any elements, this is a key difference to [IHE PCF Explicit Basic Consent](https://profiles.ihe.net/ITI/PCF/StructureDefinition/IHE.PCF.consentBasic)",
      "exampleBoolean" : false
    },
    {
      "extension" : [{
        "url" : "http://hl7.org/fhir/tools/StructureDefinition/resource-information",
        "valueString" : "Bundle"
      }],
      "reference" : {
        "reference" : "Bundle/Bundle-ex-EventNotification"
      },
      "name" : "Bundle-ex-EventNotification",
      "exampleBoolean" : true
    },
    {
      "extension" : [{
        "url" : "http://hl7.org/fhir/tools/StructureDefinition/resource-information",
        "valueString" : "Bundle"
      }],
      "reference" : {
        "reference" : "Bundle/Bundle-ex-PMIRBundleCreate"
      },
      "name" : "Bundle-ex-PMIRBundleCreate",
      "exampleBoolean" : true
    },
    {
      "extension" : [{
        "url" : "http://hl7.org/fhir/tools/StructureDefinition/resource-information",
        "valueString" : "Bundle"
      }],
      "reference" : {
        "reference" : "Bundle/Bundle-ex-ResourcePublish"
      },
      "name" : "Bundle-ex-ResourcePublish",
      "exampleBoolean" : true
    },
    {
      "extension" : [{
        "url" : "http://hl7.org/fhir/tools/StructureDefinition/resource-information",
        "valueString" : "Subscription"
      }],
      "reference" : {
        "reference" : "Subscription/Bundle-ex-subscription"
      },
      "name" : "Bundle-ex-subscription",
      "exampleBoolean" : true
    },
    {
      "extension" : [{
        "url" : "http://hl7.org/fhir/tools/StructureDefinition/resource-information",
        "valueString" : "Consent"
      }],
      "reference" : {
        "reference" : "Consent/Consent-CPISConsentExample1"
      },
      "name" : "Consent-CPISConsentExample1",
      "exampleCanonical" : "https://fhir.nhs.uk/England/StructureDefinition/FlagConsent"
    },
    {
      "extension" : [{
        "url" : "http://hl7.org/fhir/tools/StructureDefinition/resource-information",
        "valueString" : "Consent"
      }],
      "reference" : {
        "reference" : "Consent/Consent-national-proxy-confirmed"
      },
      "name" : "Consent-national-proxy-confirmed",
      "exampleCanonical" : "https://fhir.nhs.uk/England/StructureDefinition/ConsentNationalProxy"
    },
    {
      "extension" : [{
        "url" : "http://hl7.org/fhir/tools/StructureDefinition/resource-information",
        "valueString" : "Consent"
      }],
      "reference" : {
        "reference" : "Consent/Consent-national-proxy-proposed"
      },
      "name" : "Consent-national-proxy-proposed",
      "exampleCanonical" : "https://fhir.nhs.uk/England/StructureDefinition/ConsentNationalProxy"
    },
    {
      "extension" : [{
        "url" : "http://hl7.org/fhir/tools/StructureDefinition/resource-information",
        "valueString" : "Consent"
      }],
      "reference" : {
        "reference" : "Consent/Consent-national-proxy-rejected"
      },
      "name" : "Consent-national-proxy-rejected",
      "exampleCanonical" : "https://fhir.nhs.uk/England/StructureDefinition/ConsentNationalProxy"
    },
    {
      "extension" : [{
        "url" : "http://hl7.org/fhir/tools/StructureDefinition/resource-information",
        "valueString" : "StructureDefinition:resource"
      }],
      "reference" : {
        "reference" : "StructureDefinition/DocumentReference"
      },
      "name" : "DocumentReference",
      "description" : "NHS England DocumentReference",
      "exampleBoolean" : false
    },
    {
      "extension" : [{
        "url" : "http://hl7.org/fhir/tools/StructureDefinition/resource-information",
        "valueString" : "StructureDefinition:resource"
      }],
      "reference" : {
        "reference" : "StructureDefinition/Encounter"
      },
      "name" : "Encounter",
      "description" : "NHS England Encounter",
      "exampleBoolean" : false
    },
    {
      "extension" : [{
        "url" : "http://hl7.org/fhir/tools/StructureDefinition/resource-information",
        "valueString" : "Encounter"
      }],
      "reference" : {
        "reference" : "Encounter/Encounter-outpatient-fredrica-smith"
      },
      "name" : "Encounter-outpatient-fredrica-smith",
      "exampleCanonical" : "https://fhir.nhs.uk/England/StructureDefinition/Encounter"
    },
    {
      "extension" : [{
        "url" : "http://hl7.org/fhir/tools/StructureDefinition/resource-information",
        "valueString" : "StructureDefinition:resource"
      }],
      "reference" : {
        "reference" : "StructureDefinition/Endpoint"
      },
      "name" : "Endpoint",
      "description" : "NHS England Endpoint",
      "exampleBoolean" : false
    },
    {
      "extension" : [{
        "url" : "http://hl7.org/fhir/tools/StructureDefinition/resource-information",
        "valueString" : "StructureDefinition:extension"
      }],
      "reference" : {
        "reference" : "StructureDefinition/Extension-ConsentCreateSummary"
      },
      "name" : "Extension for Consent Create Summary",
      "description" : "Captures the additional information for a Best Interest decison when recording consent for a Reasonable Adjustment Flag.",
      "exampleBoolean" : false
    },
    {
      "extension" : [{
        "url" : "http://hl7.org/fhir/tools/StructureDefinition/resource-information",
        "valueString" : "StructureDefinition:extension"
      }],
      "reference" : {
        "reference" : "StructureDefinition/Extension-ConsentRemoveSummary"
      },
      "name" : "Extension for Consent Remove Summary",
      "description" : "Captures the additional information for a Best Interest decison when removing consent for a Reasonable Adjustment Flag.",
      "exampleBoolean" : false
    },
    {
      "extension" : [{
        "url" : "http://hl7.org/fhir/tools/StructureDefinition/resource-information",
        "valueString" : "CodeSystem"
      }],
      "reference" : {
        "reference" : "CodeSystem/FGM-ConsentPurpose"
      },
      "name" : "FGM Consent Purpose",
      "description" : "A CodeSystem to identify the purpose of the consent given within FGM",
      "exampleBoolean" : false
    },
    {
      "extension" : [{
        "url" : "http://hl7.org/fhir/tools/StructureDefinition/resource-information",
        "valueString" : "StructureDefinition:resource"
      }],
      "reference" : {
        "reference" : "StructureDefinition/HealthcareService"
      },
      "name" : "HealthcareService",
      "description" : "NHS England HealthcareService",
      "exampleBoolean" : false
    },
    {
      "extension" : [{
        "url" : "http://hl7.org/fhir/tools/StructureDefinition/resource-information",
        "valueString" : "RelatedPerson"
      }],
      "reference" : {
        "reference" : "RelatedPerson/RelatedPerson-NHS-91000000009"
      },
      "name" : "National Proxy Related Person Mother Example",
      "description" : "An example of a Related Person who is the mother of the subject/patient (Jane Smith).",
      "exampleCanonical" : "https://fhir.nhs.uk/England/StructureDefinition/RelatedPerson"
    },
    {
      "extension" : [{
        "url" : "http://hl7.org/fhir/tools/StructureDefinition/resource-information",
        "valueString" : "CapabilityStatement"
      }],
      "reference" : {
        "reference" : "CapabilityStatement/NHS-England-APIM-Provider"
      },
      "name" : "NHS England APIM Base API Definitions",
      "description" : "High level summary of FHIR api's used within NHS England API programmes",
      "exampleBoolean" : false
    },
    {
      "extension" : [{
        "url" : "http://hl7.org/fhir/tools/StructureDefinition/resource-information",
        "valueString" : "CapabilityStatement"
      }],
      "reference" : {
        "reference" : "CapabilityStatement/BookingProvider"
      },
      "name" : "NHS England Booking Provider",
      "description" : "Provider supports read-only access to a for the purposes of direct care and subject of care access. \n\n**THIS IS FOR DEMONSTRATION PURPOSES**",
      "exampleBoolean" : false
    },
    {
      "extension" : [{
        "url" : "http://hl7.org/fhir/tools/StructureDefinition/resource-information",
        "valueString" : "CapabilityStatement"
      }],
      "reference" : {
        "reference" : "CapabilityStatement/IHE.PCF.consentAuthorizationServer"
      },
      "name" : "NHS England IHE Privacy Consent on FHIR (PCF)",
      "description" : "CapabilityStatement for the Consent Authorization Server Actor for use within the English NHS (Enterprise Architecture) and or NHS England (Solution Architecture). \nThis is part of the NHS England National Extension (Volume 4) for [Privacy Consent on FHIR (PCF)](https://profiles.ihe.net/ITI/PCF/index.html). \n\n This profile is implemented by \n - [National Proxy Service](https://digital.nhs.uk/developer/) \n\n These services are potentially used by \n\n**NHS England** \n\n - [National Record Locator](https://digital.nhs.uk/developer/api-catalogue/national-record-locator-fhir) \n - [Security and authorisation](https://digital.nhs.uk/developer/guides-and-documentation/security-and-authorisation) \n\n**English NHS and NHS England Services** \n\n used in the implementation of the following profiles or services \n\n - [NRL producer system](https://digital.nhs.uk/developer/api-catalogue/national-record-locator-fhir/v3/producer) \n - [IHE Mobile access to Health Documents (MHD)](https://profiles.ihe.net/ITI/MHD/index.html) \n - [IHE Query for Existing Data for Mobile (QEDm)](https://build.fhir.org/ig/IHE/QEDm/branches/master/index.html)",
      "exampleBoolean" : false
    },
    {
      "extension" : [{
        "url" : "http://hl7.org/fhir/tools/StructureDefinition/resource-information",
        "valueString" : "StructureDefinition:resource"
      }],
      "reference" : {
        "reference" : "StructureDefinition/ConsentNationalProxy"
      },
      "name" : "NHS England National Proxy Consent Profile",
      "description" : "NHS England National Proxy Consent Profile from https://nhsd-confluence.digital.nhs.uk/display/NPA/Confirm+consent",
      "exampleBoolean" : false
    },
    {
      "extension" : [{
        "url" : "http://hl7.org/fhir/tools/StructureDefinition/resource-information",
        "valueString" : "CodeSystem"
      }],
      "reference" : {
        "reference" : "CodeSystem/NHSDataModelAndDictionary-treatment-function"
      },
      "name" : "NHSDataModelandDictionaryTreatmentFunction",
      "description" : "A CodeSystem to identify the specialty of the care professional or team. FHIR Version of NHS Data Dictionary Main Specialty Code and HSCIC ITK HL7v2 Table ZU012",
      "exampleBoolean" : false
    },
    {
      "extension" : [{
        "url" : "http://hl7.org/fhir/tools/StructureDefinition/resource-information",
        "valueString" : "ValueSet"
      }],
      "reference" : {
        "reference" : "ValueSet/NHSDigital-CareSettingType"
      },
      "name" : "NHSDigital-CareSettingType",
      "description" : "Cross Hl7 UK version of UKCore CareSetting",
      "exampleBoolean" : false
    },
    {
      "extension" : [{
        "url" : "http://hl7.org/fhir/tools/StructureDefinition/resource-information",
        "valueString" : "StructureDefinition:resource"
      }],
      "reference" : {
        "reference" : "StructureDefinition/FlagConsent"
      },
      "name" : "NHSE Flag Consent Profile",
      "description" : "Record consent to capture information for NHS England flags",
      "exampleBoolean" : false
    },
    {
      "extension" : [{
        "url" : "http://hl7.org/fhir/tools/StructureDefinition/resource-information",
        "valueString" : "ValueSet"
      }],
      "reference" : {
        "reference" : "ValueSet/FlagConsentPurpose"
      },
      "name" : "NHSE Flag Consent Purpose",
      "description" : "A ValueSet to identify the purpose of a consent given for an NHS England flag.",
      "exampleBoolean" : false
    },
    {
      "extension" : [{
        "url" : "http://hl7.org/fhir/tools/StructureDefinition/resource-information",
        "valueString" : "StructureDefinition:resource"
      }],
      "reference" : {
        "reference" : "StructureDefinition/FlagProvenance"
      },
      "name" : "NHSE Flag Provenance Profile",
      "description" : "Record details of the practitioner recording or removing an individual Flag.",
      "exampleBoolean" : false
    },
    {
      "extension" : [{
        "url" : "http://hl7.org/fhir/tools/StructureDefinition/resource-information",
        "valueString" : "ValueSet"
      }],
      "reference" : {
        "reference" : "ValueSet/FlagProvenanceRole"
      },
      "name" : "NHSE Flag Provenance Role",
      "description" : "A ValueSet to identify the role in which someone recording provenance is acting",
      "exampleBoolean" : false
    },
    {
      "extension" : [{
        "url" : "http://hl7.org/fhir/tools/StructureDefinition/resource-information",
        "valueString" : "ValueSet"
      }],
      "reference" : {
        "reference" : "ValueSet/FlagProxyRole"
      },
      "name" : "NHSE Flag Proxy Role",
      "description" : "A ValueSet to identify the type/role of the proxy involved.",
      "exampleBoolean" : false
    },
    {
      "extension" : [{
        "url" : "http://hl7.org/fhir/tools/StructureDefinition/resource-information",
        "valueString" : "CodeSystem"
      }],
      "reference" : {
        "reference" : "CodeSystem/FlagProxyRole"
      },
      "name" : "NHSE Flag Proxy Role",
      "description" : "A CodeSystem to identify the type/role of the proxy involved",
      "exampleBoolean" : false
    },
    {
      "extension" : [{
        "url" : "http://hl7.org/fhir/tools/StructureDefinition/resource-information",
        "valueString" : "ValueSet"
      }],
      "reference" : {
        "reference" : "ValueSet/PatientFlagCategory"
      },
      "name" : "NHSE Patient Flag Category",
      "description" : "A ValueSet to identify the type/category of a flag.",
      "exampleBoolean" : false
    },
    {
      "extension" : [{
        "url" : "http://hl7.org/fhir/tools/StructureDefinition/resource-information",
        "valueString" : "CodeSystem"
      }],
      "reference" : {
        "reference" : "CodeSystem/PatientFlagCategory"
      },
      "name" : "NHSE Patient Flag Category",
      "description" : "A CodeSystem to identify the type/category of Flag.",
      "exampleBoolean" : false
    },
    {
      "extension" : [{
        "url" : "http://hl7.org/fhir/tools/StructureDefinition/resource-information",
        "valueString" : "StructureDefinition:resource"
      }],
      "reference" : {
        "reference" : "StructureDefinition/Observation"
      },
      "name" : "Observation",
      "description" : "NHS England Observation",
      "exampleBoolean" : false
    },
    {
      "extension" : [{
        "url" : "http://hl7.org/fhir/tools/StructureDefinition/resource-information",
        "valueString" : "StructureDefinition:resource"
      }],
      "reference" : {
        "reference" : "StructureDefinition/Organization"
      },
      "name" : "Organization",
      "description" : "England Organization",
      "exampleBoolean" : false
    },
    {
      "extension" : [{
        "url" : "http://hl7.org/fhir/tools/StructureDefinition/resource-information",
        "valueString" : "StructureDefinition:resource"
      }],
      "reference" : {
        "reference" : "StructureDefinition/OrganizationAffiliation"
      },
      "name" : "OrganizationAffiliation",
      "description" : "England OrganizationAffiliation",
      "exampleBoolean" : false
    },
    {
      "extension" : [{
        "url" : "http://hl7.org/fhir/tools/StructureDefinition/resource-information",
        "valueString" : "Patient"
      }],
      "reference" : {
        "reference" : "Patient/Patient-donald-with-chi-number-and-mrn"
      },
      "name" : "Patient-donald-with-chi-number-and-mrn",
      "exampleBoolean" : true
    },
    {
      "extension" : [{
        "url" : "http://hl7.org/fhir/tools/StructureDefinition/resource-information",
        "valueString" : "Patient"
      }],
      "reference" : {
        "reference" : "Patient/Patient-donald-with-chi-number-mrn-and-nhs-number"
      },
      "name" : "Patient-donald-with-chi-number-mrn-and-nhs-number",
      "exampleBoolean" : true
    },
    {
      "extension" : [{
        "url" : "http://hl7.org/fhir/tools/StructureDefinition/resource-information",
        "valueString" : "Patient"
      }],
      "reference" : {
        "reference" : "Patient/Patient-donald-with-nhs-number"
      },
      "name" : "Patient-donald-with-nhs-number",
      "exampleBoolean" : true
    },
    {
      "extension" : [{
        "url" : "http://hl7.org/fhir/tools/StructureDefinition/resource-information",
        "valueString" : "Patient"
      }],
      "reference" : {
        "reference" : "Patient/Patient-HL7v2-NHS-3333333333-Fredrica-Smith"
      },
      "name" : "Patient-HL7v2-NHS-3333333333-Fredrica-Smith",
      "exampleCanonical" : "https://fhir.nhs.uk/England/StructureDefinition/PatientHL7v2"
    },
    {
      "extension" : [{
        "url" : "http://hl7.org/fhir/tools/StructureDefinition/resource-information",
        "valueString" : "Patient"
      }],
      "reference" : {
        "reference" : "Patient/Patient-NHS-9459304130-Jane-Smith"
      },
      "name" : "Patient-NHS-9459304130-Jane-Smith",
      "exampleBoolean" : true
    },
    {
      "extension" : [{
        "url" : "http://hl7.org/fhir/tools/StructureDefinition/resource-information",
        "valueString" : "Patient"
      }],
      "reference" : {
        "reference" : "Patient/Patient-NHS-9912003814-Michael-SMITHIES"
      },
      "name" : "Patient-NHS-9912003814-Michael-SMITHIES",
      "exampleBoolean" : true
    },
    {
      "extension" : [{
        "url" : "http://hl7.org/fhir/tools/StructureDefinition/resource-information",
        "valueString" : "Patient"
      }],
      "reference" : {
        "reference" : "Patient/Patient-PDS-NHS-9000000017-Jayne-Smith"
      },
      "name" : "Patient-PDS-NHS-9000000017-Jayne-Smith",
      "exampleCanonical" : "https://fhir.nhs.uk/England/StructureDefinition/PatientPDS"
    },
    {
      "extension" : [{
        "url" : "http://hl7.org/fhir/tools/StructureDefinition/resource-information",
        "valueString" : "StructureDefinition:resource"
      }],
      "reference" : {
        "reference" : "StructureDefinition/PatientHL7v2"
      },
      "name" : "PatientHL7v2",
      "description" : "NHS England Patient HL7 v2 (ITK)",
      "exampleBoolean" : false
    },
    {
      "extension" : [{
        "url" : "http://hl7.org/fhir/tools/StructureDefinition/resource-information",
        "valueString" : "StructureDefinition:resource"
      }],
      "reference" : {
        "reference" : "StructureDefinition/PatientPDS"
      },
      "name" : "PatientPDS",
      "description" : "NHS England Patient PDS (ITK) See https://simplifier.net/r4-sand-box/englandpatientpdsallmandatoryfields-duplicate-2 for master version",
      "exampleBoolean" : false
    },
    {
      "extension" : [{
        "url" : "http://hl7.org/fhir/tools/StructureDefinition/resource-information",
        "valueString" : "StructureDefinition:resource"
      }],
      "reference" : {
        "reference" : "StructureDefinition/PatientPDSNHSNumberAllocation"
      },
      "name" : "PatientPDSNHSNumberAllocation",
      "description" : "NHS England Patient PDS NHS Number Allocation - this is a mock up for elaboration purposes see [NHS Number Allocation - submit request data fields](https://nhsd-confluence.digital.nhs.uk/display/DEMGRPH/NHS+Number+Allocation+-+submit+request+data+fields)",
      "exampleBoolean" : false
    },
    {
      "extension" : [{
        "url" : "http://hl7.org/fhir/tools/StructureDefinition/resource-information",
        "valueString" : "Questionnaire"
      }],
      "reference" : {
        "reference" : "Questionnaire/permission"
      },
      "name" : "Permission",
      "description" : "Backport of [FHIR R6 Permission](https://build.fhir.org/permission.html) using FHIR Questionnaire",
      "exampleBoolean" : false
    },
    {
      "extension" : [{
        "url" : "http://hl7.org/fhir/tools/StructureDefinition/resource-information",
        "valueString" : "StructureDefinition:resource"
      }],
      "reference" : {
        "reference" : "StructureDefinition/Practitioner"
      },
      "name" : "Practitioner",
      "description" : "NHS England Practitioner",
      "exampleBoolean" : false
    },
    {
      "extension" : [{
        "url" : "http://hl7.org/fhir/tools/StructureDefinition/resource-information",
        "valueString" : "StructureDefinition:resource"
      }],
      "reference" : {
        "reference" : "StructureDefinition/PractitionerRole"
      },
      "name" : "PractitionerRole",
      "description" : "NHS England PractitionerRole",
      "exampleBoolean" : false
    },
    {
      "extension" : [{
        "url" : "http://hl7.org/fhir/tools/StructureDefinition/resource-information",
        "valueString" : "Questionnaire"
      }],
      "reference" : {
        "reference" : "Questionnaire/Questionnaire-Proxy-Access-Request"
      },
      "name" : "Proxy Access Request Form",
      "description" : "A form definition to request proxy access via the national proxy service",
      "exampleBoolean" : false
    },
    {
      "extension" : [{
        "url" : "http://hl7.org/fhir/tools/StructureDefinition/resource-information",
        "valueString" : "QuestionnaireResponse"
      }],
      "reference" : {
        "reference" : "QuestionnaireResponse/QuestionnaireResponse-national-proxy-request"
      },
      "name" : "QuestionnaireResponse-national-proxy-request",
      "exampleBoolean" : true
    },
    {
      "extension" : [{
        "url" : "http://hl7.org/fhir/tools/StructureDefinition/resource-information",
        "valueString" : "StructureDefinition:resource"
      }],
      "reference" : {
        "reference" : "StructureDefinition/RelatedPerson"
      },
      "name" : "RelatedPerson",
      "description" : "NHS England RelatedPerson",
      "exampleBoolean" : false
    },
    {
      "extension" : [{
        "url" : "http://hl7.org/fhir/tools/StructureDefinition/resource-information",
        "valueString" : "RelatedPerson"
      }],
      "reference" : {
        "reference" : "RelatedPerson/RelatedPerson-HL7v2-Francesca-Smith"
      },
      "name" : "RelatedPerson-HL7v2-Francesca-Smith",
      "exampleCanonical" : "https://fhir.nhs.uk/England/StructureDefinition/RelatedPerson"
    },
    {
      "extension" : [{
        "url" : "http://hl7.org/fhir/tools/StructureDefinition/resource-information",
        "valueString" : "RelatedPerson"
      }],
      "reference" : {
        "reference" : "RelatedPerson/RelatedPerson-NHS-9000000017-Jane-Smith"
      },
      "name" : "RelatedPerson-NHS-9000000017-Jane-Smith",
      "exampleCanonical" : "https://fhir.nhs.uk/England/StructureDefinition/RelatedPerson"
    },
    {
      "extension" : [{
        "url" : "http://hl7.org/fhir/tools/StructureDefinition/resource-information",
        "valueString" : "RelatedPerson"
      }],
      "reference" : {
        "reference" : "RelatedPerson/RelatedPerson-PDS-NHS-90000000009-Jane-Smith"
      },
      "name" : "RelatedPerson-PDS-NHS-90000000009-Jane-Smith",
      "exampleCanonical" : "https://fhir.nhs.uk/England/StructureDefinition/RelatedPerson"
    },
    {
      "extension" : [{
        "url" : "http://hl7.org/fhir/tools/StructureDefinition/resource-information",
        "valueString" : "StructureDefinition:resource"
      }],
      "reference" : {
        "reference" : "StructureDefinition/Schedule"
      },
      "name" : "Schedule",
      "description" : "NHS England Schedule",
      "exampleBoolean" : false
    },
    {
      "extension" : [{
        "url" : "http://hl7.org/fhir/tools/StructureDefinition/resource-information",
        "valueString" : "StructureDefinition:resource"
      }],
      "reference" : {
        "reference" : "StructureDefinition/ServiceRequest"
      },
      "name" : "ServiceRequest",
      "description" : "NHS England ServiceRequest",
      "exampleBoolean" : false
    },
    {
      "extension" : [{
        "url" : "http://hl7.org/fhir/tools/StructureDefinition/resource-information",
        "valueString" : "StructureDefinition:resource"
      }],
      "reference" : {
        "reference" : "StructureDefinition/Slot"
      },
      "name" : "Slot",
      "description" : "NHS England Slot",
      "exampleBoolean" : false
    },
    {
      "extension" : [{
        "url" : "http://hl7.org/fhir/tools/StructureDefinition/resource-information",
        "valueString" : "Subscription"
      }],
      "reference" : {
        "reference" : "Subscription/Subscription-ex-Encounter"
      },
      "name" : "Subscription-ex-Encounter",
      "exampleBoolean" : true
    },
    {
      "extension" : [{
        "url" : "http://hl7.org/fhir/tools/StructureDefinition/resource-information",
        "valueString" : "Subscription"
      }],
      "reference" : {
        "reference" : "Subscription/Subscription-ex-Patient"
      },
      "name" : "Subscription-ex-Patient",
      "exampleBoolean" : true
    },
    {
      "extension" : [{
        "url" : "http://hl7.org/fhir/tools/StructureDefinition/resource-information",
        "valueString" : "StructureDefinition:resource"
      }],
      "reference" : {
        "reference" : "StructureDefinition/Task"
      },
      "name" : "Task",
      "description" : "NHS England Task",
      "exampleBoolean" : false
    },
    {
      "extension" : [{
        "url" : "http://hl7.org/fhir/tools/StructureDefinition/resource-information",
        "valueString" : "Task"
      }],
      "reference" : {
        "reference" : "Task/Task-request-consent-verification"
      },
      "name" : "Task-request-consent-verification",
      "exampleCanonical" : "https://fhir.nhs.uk/England/StructureDefinition/Task"
    },
    {
      "extension" : [{
        "url" : "http://hl7.org/fhir/tools/StructureDefinition/resource-information",
        "valueString" : "StructureDefinition:resource"
      }],
      "reference" : {
        "reference" : "StructureDefinition/UKCore-Organization"
      },
      "name" : "UK Core Organization",
      "description" : "This profile defines the UK constraints and extensions on the International FHIR resource [Organization](https://hl7.org/fhir/R4/Organization.html).",
      "exampleBoolean" : false
    },
    {
      "extension" : [{
        "url" : "http://hl7.org/fhir/tools/StructureDefinition/resource-information",
        "valueString" : "StructureDefinition:resource"
      }],
      "reference" : {
        "reference" : "StructureDefinition/UKCore-Patient"
      },
      "name" : "UK Core Patient",
      "description" : "Defines the UK Core constraints and extensions on the Patient resource for the minimal set of data to query and retrieve an individual’s demographic information.",
      "exampleBoolean" : false
    },
    {
      "extension" : [{
        "url" : "http://hl7.org/fhir/tools/StructureDefinition/resource-information",
        "valueString" : "StructureDefinition:resource"
      }],
      "reference" : {
        "reference" : "StructureDefinition/UKCore-RelatedPerson"
      },
      "name" : "UK Core RelatedPerson",
      "description" : "This profile defines the UK constraints and extensions on the International FHIR resource [RelatedPerson](https://hl7.org/fhir/R4/RelatedPerson.html).",
      "exampleBoolean" : false
    },
    {
      "extension" : [{
        "url" : "http://hl7.org/fhir/tools/StructureDefinition/resource-information",
        "valueString" : "CapabilityStatement"
      }],
      "reference" : {
        "reference" : "CapabilityStatement/UKCoreAccessPatientIndexProvider"
      },
      "name" : "UKCore Access Patient Index Provider",
      "description" : "Provider supports read-only access to a patient index for the purposes of direct care and subject of care access. \n\n**THIS IS A COPY FOR REFERENCE PURPOSES - ONLY USE IF HL7 UK SITE IS UNAVAILABLE**",
      "exampleBoolean" : false
    },
    {
      "extension" : [{
        "url" : "http://hl7.org/fhir/tools/StructureDefinition/resource-information",
        "valueString" : "Bundle"
      }],
      "reference" : {
        "reference" : "Bundle/h1"
      },
      "name" : "null (Bundle)"
    }],
    "page" : {
      "extension" : [{
        "url" : "http://hl7.org/fhir/tools/StructureDefinition/ig-page-name",
        "valueUrl" : "toc.html"
      }],
      "nameUrl" : "toc.html",
      "title" : "Table of Contents",
      "generation" : "html",
      "page" : [{
        "extension" : [{
          "url" : "http://hl7.org/fhir/tools/StructureDefinition/ig-page-name",
          "valueUrl" : "index.html"
        }],
        "nameUrl" : "index.html",
        "title" : "Home",
        "generation" : "markdown"
      },
      {
        "extension" : [{
          "url" : "http://hl7.org/fhir/tools/StructureDefinition/ig-page-name",
          "valueUrl" : "administration-module.html"
        }],
        "nameUrl" : "administration-module.html",
        "title" : "Administration Module",
        "generation" : "markdown"
      },
      {
        "extension" : [{
          "url" : "http://hl7.org/fhir/tools/StructureDefinition/ig-page-name",
          "valueUrl" : "background.html"
        }],
        "nameUrl" : "background.html",
        "title" : "Background",
        "generation" : "markdown"
      },
      {
        "extension" : [{
          "url" : "http://hl7.org/fhir/tools/StructureDefinition/ig-page-name",
          "valueUrl" : "booking.html"
        }],
        "nameUrl" : "booking.html",
        "title" : "Booking",
        "generation" : "markdown"
      },
      {
        "extension" : [{
          "url" : "http://hl7.org/fhir/tools/StructureDefinition/ig-page-name",
          "valueUrl" : "care-planning.html"
        }],
        "nameUrl" : "care-planning.html",
        "title" : "Care Planning",
        "generation" : "markdown"
      },
      {
        "extension" : [{
          "url" : "http://hl7.org/fhir/tools/StructureDefinition/ig-page-name",
          "valueUrl" : "changes.html"
        }],
        "nameUrl" : "changes.html",
        "title" : "Changes",
        "generation" : "html"
      },
      {
        "extension" : [{
          "url" : "http://hl7.org/fhir/tools/StructureDefinition/ig-page-name",
          "valueUrl" : "clinical-module.html"
        }],
        "nameUrl" : "clinical-module.html",
        "title" : "Clinical Module",
        "generation" : "markdown"
      },
      {
        "extension" : [{
          "url" : "http://hl7.org/fhir/tools/StructureDefinition/ig-page-name",
          "valueUrl" : "diagnostics-module.html"
        }],
        "nameUrl" : "diagnostics-module.html",
        "title" : "Diagnostics Module",
        "generation" : "markdown"
      },
      {
        "extension" : [{
          "url" : "http://hl7.org/fhir/tools/StructureDefinition/ig-page-name",
          "valueUrl" : "documents-module.html"
        }],
        "nameUrl" : "documents-module.html",
        "title" : "Documents Module",
        "generation" : "markdown"
      },
      {
        "extension" : [{
          "url" : "http://hl7.org/fhir/tools/StructureDefinition/ig-page-name",
          "valueUrl" : "downloads.html"
        }],
        "nameUrl" : "downloads.html",
        "title" : "Downloads",
        "generation" : "html"
      },
      {
        "extension" : [{
          "url" : "http://hl7.org/fhir/tools/StructureDefinition/ig-page-name",
          "valueUrl" : "interoperability-standards.html"
        }],
        "nameUrl" : "interoperability-standards.html",
        "title" : "Interoperability Standards",
        "generation" : "markdown"
      },
      {
        "extension" : [{
          "url" : "http://hl7.org/fhir/tools/StructureDefinition/ig-page-name",
          "valueUrl" : "interoperability-standards-delivery.html"
        }],
        "nameUrl" : "interoperability-standards-delivery.html",
        "title" : "Interoperability Standards Delivery",
        "generation" : "markdown"
      },
      {
        "extension" : [{
          "url" : "http://hl7.org/fhir/tools/StructureDefinition/ig-page-name",
          "valueUrl" : "medications-module.html"
        }],
        "nameUrl" : "medications-module.html",
        "title" : "Medications Module",
        "generation" : "markdown"
      },
      {
        "extension" : [{
          "url" : "http://hl7.org/fhir/tools/StructureDefinition/ig-page-name",
          "valueUrl" : "national-proxy-service.html"
        }],
        "nameUrl" : "national-proxy-service.html",
        "title" : "National Proxy Service",
        "generation" : "markdown"
      },
      {
        "extension" : [{
          "url" : "http://hl7.org/fhir/tools/StructureDefinition/ig-page-name",
          "valueUrl" : "patient-demographics-query.html"
        }],
        "nameUrl" : "patient-demographics-query.html",
        "title" : "Patient Demographics Query",
        "generation" : "markdown"
      },
      {
        "extension" : [{
          "url" : "http://hl7.org/fhir/tools/StructureDefinition/ig-page-name",
          "valueUrl" : "patient-encounter-management.html"
        }],
        "nameUrl" : "patient-encounter-management.html",
        "title" : "Patient Encounter Management",
        "generation" : "markdown"
      },
      {
        "extension" : [{
          "url" : "http://hl7.org/fhir/tools/StructureDefinition/ig-page-name",
          "valueUrl" : "patient-identity-management.html"
        }],
        "nameUrl" : "patient-identity-management.html",
        "title" : "Patient Identity Management",
        "generation" : "markdown"
      },
      {
        "extension" : [{
          "url" : "http://hl7.org/fhir/tools/StructureDefinition/ig-page-name",
          "valueUrl" : "personal-demographics-service.html"
        }],
        "nameUrl" : "personal-demographics-service.html",
        "title" : "Personal Demographics Service",
        "generation" : "markdown"
      },
      {
        "extension" : [{
          "url" : "http://hl7.org/fhir/tools/StructureDefinition/ig-page-name",
          "valueUrl" : "restful-api.html"
        }],
        "nameUrl" : "restful-api.html",
        "title" : "Restful Api",
        "generation" : "markdown"
      },
      {
        "extension" : [{
          "url" : "http://hl7.org/fhir/tools/StructureDefinition/ig-page-name",
          "valueUrl" : "structured-data-capture.html"
        }],
        "nameUrl" : "structured-data-capture.html",
        "title" : "Structured Data Capture",
        "generation" : "markdown"
      },
      {
        "extension" : [{
          "url" : "http://hl7.org/fhir/tools/StructureDefinition/ig-page-name",
          "valueUrl" : "testing.html"
        }],
        "nameUrl" : "testing.html",
        "title" : "Testing",
        "generation" : "markdown"
      },
      {
        "extension" : [{
          "url" : "http://hl7.org/fhir/tools/StructureDefinition/ig-page-name",
          "valueUrl" : "validation.html"
        }],
        "nameUrl" : "validation.html",
        "title" : "Validation",
        "generation" : "markdown"
      },
      {
        "extension" : [{
          "url" : "http://hl7.org/fhir/tools/StructureDefinition/ig-page-name",
          "valueUrl" : "workflow.html"
        }],
        "nameUrl" : "workflow.html",
        "title" : "Workflow",
        "generation" : "markdown"
      }]
    },
    "parameter" : [{
      "code" : "path-resource",
      "value" : "input/capabilities"
    },
    {
      "code" : "path-resource",
      "value" : "input/examples"
    },
    {
      "code" : "path-resource",
      "value" : "input/extensions"
    },
    {
      "code" : "path-resource",
      "value" : "input/models"
    },
    {
      "code" : "path-resource",
      "value" : "input/operations"
    },
    {
      "code" : "path-resource",
      "value" : "input/profiles"
    },
    {
      "code" : "path-resource",
      "value" : "input/resources"
    },
    {
      "code" : "path-resource",
      "value" : "input/vocabulary"
    },
    {
      "code" : "path-resource",
      "value" : "input/maps"
    },
    {
      "code" : "path-resource",
      "value" : "input/testing"
    },
    {
      "code" : "path-resource",
      "value" : "input/history"
    },
    {
      "code" : "path-resource",
      "value" : "fsh-generated/resources"
    },
    {
      "code" : "path-pages",
      "value" : "template/config"
    },
    {
      "code" : "path-pages",
      "value" : "input/images"
    },
    {
      "code" : "path-tx-cache",
      "value" : "input-cache/txcache"
    }]
  }
}