{
  "resourceType" : "Patient",
  "id" : "donald-with-chi-number-mrn-and-nhs-number",
  "meta" : {
    "profile" : ["https://fhir.nhs.uk/England/StructureDefinition/Patient"]
  },
  "text" : {
    "status" : "generated",
    "div" : "<div xmlns=\"http://www.w3.org/1999/xhtml\"><p style=\"border: 1px #661aff solid; background-color: #e6e6ff; padding: 10px;\"><b>Donald SMITH (OFFICIAL)</b> male, DoB: 1970-09-11 ( Medical record number/A123456\u00a0(period:\u00a02024-04-06 --&gt; (ongoing)))</p><hr/><table class=\"grid\"><tr><td style=\"background-color: #f3f5da\" title=\"Other Ids (see the one above)\">Other Ids:</td><td colspan=\"3\"><ul><li>Jurisdictional health number/6254892847\u00a0(period:\u00a02024-04-06 --&gt; (ongoing))</li><li>Jurisdictional health number/?ngen-9?\u00a0(period:\u00a02011-11-11 --&gt; 2024-04-06)</li><li>Jurisdictional health number/1111111111\u00a0(period:\u00a02011-11-11 --&gt; 2024-04-06)</li></ul></td></tr><tr><td style=\"background-color: #f3f5da\" title=\"Ways to contact the Patient\">Contact Details:</td><td colspan=\"3\"><ul><li><a href=\"mailto:dsmith@test.com\">dsmith@test.com</a></li><li>ph: 01131231234(MOBILE)</li><li>LS15 8RE </li></ul></td></tr><tr><td style=\"background-color: #f3f5da\" title=\"Patient Links\">Links:</td><td colspan=\"3\"><ul><li>General Practitioner: <span><code>https://fhir.nhs.uk/Id/ods-organization-code</code>/B81001</span></li></ul></td></tr></table></div>"
  },
  "identifier" : [{
    "type" : {
      "coding" : [{
        "system" : "http://terminology.hl7.org/CodeSystem/v2-0203",
        "code" : "MR"
      }]
    },
    "system" : "https://fhir.leedsth.nhs.uk/MRN",
    "value" : "A123456",
    "period" : {
      "start" : "2024-04-06"
    }
  },
  {
    "type" : {
      "coding" : [{
        "system" : "http://terminology.hl7.org/CodeSystem/v2-0203",
        "code" : "JHN"
      }]
    },
    "system" : "https://fhir.nhs.uk/Id/nhs-number",
    "value" : "6254892847",
    "period" : {
      "start" : "2024-04-06"
    },
    "assigner" : {
      "identifier" : {
        "system" : "https://fhir.nhs.uk/Id/ods-organization-code",
        "value" : "X26"
      }
    }
  },
  {
    "type" : {
      "coding" : [{
        "system" : "http://terminology.hl7.org/CodeSystem/v2-0203",
        "code" : "JHN"
      }]
    },
    "period" : {
      "start" : "2011-11-11",
      "end" : "2024-04-06"
    },
    "assigner" : {
      "identifier" : {
        "system" : "https://fhir.nhs.uk/Id/ods-organization-code",
        "value" : "S"
      }
    }
  },
  {
    "type" : {
      "coding" : [{
        "system" : "http://terminology.hl7.org/CodeSystem/v2-0203",
        "code" : "JHN"
      }]
    },
    "system" : "urn:oid:2.16.840.1.113883.2.1.3.2.4.16.53",
    "value" : "1111111111",
    "period" : {
      "start" : "2011-11-11",
      "end" : "2024-04-06"
    },
    "assigner" : {
      "identifier" : {
        "system" : "https://fhir.nhs.uk/Id/ods-organization-code",
        "value" : "S"
      }
    }
  }],
  "name" : [{
    "use" : "official",
    "family" : "SMITH",
    "given" : ["Donald"]
  }],
  "telecom" : [{
    "system" : "email",
    "value" : "dsmith@test.com"
  },
  {
    "system" : "phone",
    "value" : "01131231234",
    "use" : "mobile"
  }],
  "gender" : "male",
  "birthDate" : "1970-09-11",
  "address" : [{
    "postalCode" : "LS15 8RE"
  }],
  "generalPractitioner" : [{
    "identifier" : {
      "system" : "https://fhir.nhs.uk/Id/ods-organization-code",
      "value" : "B81001"
    }
  }]
}