<?xml version="1.0" encoding="UTF-8"?>

<Patient xmlns="http://hl7.org/fhir">
  <id value="donald-with-chi-number-and-mrn"/>
  <meta>
    <profile value="https://fhir.nhs.uk/England/StructureDefinition/Patient"/>
  </meta>
  <text>
    <status value="generated"/><div xmlns="http://www.w3.org/1999/xhtml"><p style="border: 1px #661aff solid; background-color: #e6e6ff; padding: 10px;"><b>Donald SMITH (OFFICIAL)</b> male, DoB: 1970-09-11 ( Medical record number/A123456 (period: 2024-04-06 --&gt; (ongoing)))</p><hr/><table class="grid"><tr><td style="background-color: #f3f5da" title="Other Ids (see the one above)">Other Id:</td><td colspan="3">Jurisdictional health number/1111111111 (period: 2011-11-11 --&gt; 2024-04-06)</td></tr><tr><td style="background-color: #f3f5da" title="Ways to contact the Patient">Contact Details:</td><td colspan="3"><ul><li><a href="mailto:dsmith@test.com">dsmith@test.com</a></li><li>ph: 01131231234(MOBILE)</li><li>LS15 8RE </li></ul></td></tr><tr><td style="background-color: #f3f5da" title="Patient Links">Links:</td><td colspan="3"><ul><li>General Practitioner: <span><code>https://fhir.nhs.uk/Id/ods-organization-code</code>/B81001</span></li></ul></td></tr></table></div>
  </text>
  <identifier>
    <type>
      <coding>
        <system value="http://terminology.hl7.org/CodeSystem/v2-0203"/>
        <code value="MR"/>
      </coding>
    </type>
    <system value="https://fhir.leedsth.nhs.uk/MRN"/>
    <value value="A123456"/>
    <period>
      <start value="2024-04-06"/>
    </period>
  </identifier>
  <identifier>
    <type>
      <coding>
        <system value="http://terminology.hl7.org/CodeSystem/v2-0203"/>
        <code value="JHN"/>
      </coding>
    </type>
    <system value="urn:oid:2.16.840.1.113883.2.1.3.2.4.16.53"/>
    <value value="1111111111"/>
    <period>
      <start value="2011-11-11"/>
      <end value="2024-04-06"/>
    </period>
    <assigner>
      <identifier>
        <system value="https://fhir.nhs.uk/Id/ods-organization-code"/>
        <value value="S"/>
      </identifier>
    </assigner>
  </identifier>
  <name>
    <use value="official"/>
    <family value="SMITH"/>
    <given value="Donald"/>
  </name>
  <telecom>
    <system value="email"/>
    <value value="dsmith@test.com"/>
  </telecom>
  <telecom>
    <system value="phone"/>
    <value value="01131231234"/>
    <use value="mobile"/>
  </telecom>
  <gender value="male"/>
  <birthDate value="1970-09-11"/>
  <address>
    <postalCode value="LS15 8RE"/>
  </address>
  <generalPractitioner>
    <identifier>
      <system value="https://fhir.nhs.uk/Id/ods-organization-code"/>
      <value value="B81001"/>
    </identifier>
  </generalPractitioner>
</Patient>