<?xml version="1.0" encoding="UTF-8"?>

<RelatedPerson xmlns="http://hl7.org/fhir">
  <id value="RelatedPerson-NHS-91000000009"/>
  <meta>
    <profile value="https://fhir.nhs.uk/England/StructureDefinition/RelatedPerson"/>
  </meta>
  <text>
    <status value="generated"/><div xmlns="http://www.w3.org/1999/xhtml"><p><b>Generated Narrative: RelatedPerson</b><a name="RelatedPerson-NHS-91000000009"> </a><a name="hcRelatedPerson-NHS-91000000009"> </a></p><div style="display: inline-block; background-color: #d9e0e7; padding: 6px; margin: 4px; border: 1px solid #8da1b4; border-radius: 5px; line-height: 60%"><p style="margin-bottom: 0px">Resource RelatedPerson &quot;RelatedPerson-NHS-91000000009&quot; </p><p style="margin-bottom: 0px">Profile: <a href="StructureDefinition-RelatedPerson.html">RelatedPerson</a></p></div><p><b>identifier</b>: <code>https://fhir.nhs.uk/Id/nhs-number</code>/91000000009</p><p><b>active</b>: false</p><p><b>patient</b>: <a href="https://simplifier.net/resolve?scope=fhir.r4.ukcore.stu3.currentbuild@0.0.6-pre-release&amp;canonical=https://simplifier.net/guide/ukcoreversionhistory/Patient-PDS-NHS-9000000017-Jayne-Smith">Patient-PDS-NHS-9000000017-Jayne-Smith: Jayne SMITH</a></p><p><b>relationship</b>: Natural Mother <span style="background: LightGoldenRodYellow; margin: 4px; border: 1px solid khaki"> (<a href="http://terminology.hl7.org/5.0.0/CodeSystem-v3-RoleCode.html">RoleCode</a>#NMTH &quot;natural mother&quot;)</span></p><p><b>name</b>: Ada Glassby (OFFICIAL)</p><p><b>birthDate</b>: 1916-12-05</p></div>
  </text>
  <identifier>
    <system value="https://fhir.nhs.uk/Id/nhs-number"/>
    <value value="91000000009"/>
  </identifier>
  <active value="false"/>
  <patient>
    <reference value="Patient-PDS-NHS-9000000017-Jayne-Smith"/>
    <identifier>
      <system value="https://fhir.nhs.uk/Id/nhs-number"/>
      <value value="9000000017"/>
    </identifier>
    <display value="Jayne SMITH"/>
  </patient>
  <relationship>
    <coding>
      <system value="http://terminology.hl7.org/CodeSystem/v3-RoleCode"/>
      <code value="NMTH"/>
      <display value="natural mother"/>
    </coding>
    <text value="Natural Mother"/>
  </relationship>
  <name>
    <use value="official"/>
    <family value="Glassby"/>
    <given value="Ada"/>
  </name>
  <birthDate value="1916-12-05"/>
</RelatedPerson>