{
  "resourceType" : "RelatedPerson",
  "id" : "HL7v2-Francesca-Smith",
  "meta" : {
    "profile" : ["https://fhir.nhs.uk/England/StructureDefinition/RelatedPerson"]
  },
  "text" : {
    "status" : "generated",
    "div" : "<div xmlns=\"http://www.w3.org/1999/xhtml\"><p><b>Generated Narrative: RelatedPerson</b><a name=\"HL7v2-Francesca-Smith\"> </a><a name=\"hcHL7v2-Francesca-Smith\"> </a></p><div style=\"display: inline-block; background-color: #d9e0e7; padding: 6px; margin: 4px; border: 1px solid #8da1b4; border-radius: 5px; line-height: 60%\"><p style=\"margin-bottom: 0px\">Resource RelatedPerson &quot;HL7v2-Francesca-Smith&quot; </p><p style=\"margin-bottom: 0px\">Profile: <a href=\"StructureDefinition-RelatedPerson.html\">RelatedPerson</a></p></div><p><b>active</b>: true</p><p><b>patient</b>: <a href=\"https://simplifier.net/resolve?scope=fhir.r4.ukcore.stu3.currentbuild@0.0.6-pre-release&amp;canonical=https://simplifier.net/guide/ukcoreversionhistory/Patient/Patient-NHS-3333333333-Fredrica-Smith\">Patient/Patient-NHS-3333333333-Fredrica-Smith</a></p><p><b>relationship</b>: family member <span style=\"background: LightGoldenRodYellow; margin: 4px; border: 1px solid khaki\"> (<a href=\"http://terminology.hl7.org/5.0.0/CodeSystem-v3-RoleCode.html\">RoleCode</a>#FAMMEMB)</span></p><p><b>name</b>: Francesca Smith </p><p><b>telecom</b>: <a href=\"tel:+441234567890\">+441234567890</a></p><p><b>birthDate</b>: 1961-11-11</p><p><b>address</b>: 29 WEST AVENUE BURYTHORPE MALTON YO32 5TT (HOME)</p></div>"
  },
  "active" : true,
  "patient" : {
    "reference" : "Patient/Patient-NHS-3333333333-Fredrica-Smith",
    "identifier" : {
      "system" : "https://fhir.nhs.uk/Id/nhs-number",
      "value" : "3333333333"
    }
  },
  "relationship" : [{
    "coding" : [{
      "system" : "http://terminology.hl7.org/CodeSystem/v3-RoleCode",
      "code" : "FAMMEMB",
      "display" : "family member"
    }]
  }],
  "name" : [{
    "use" : "usual",
    "family" : "Smith",
    "given" : ["Francesca"],
    "prefix" : ["Mrs"]
  }],
  "telecom" : [{
    "system" : "phone",
    "value" : "+441234567890",
    "use" : "home"
  }],
  "birthDate" : "1961-11-11",
  "address" : [{
    "use" : "home",
    "line" : ["29 WEST AVENUE",
    "BURYTHORPE"],
    "city" : "MALTON",
    "district" : "NORTH YORKSHIRE",
    "postalCode" : "YO32 5TT"
  }]
}