{
  "resourceType" : "RelatedPerson",
  "id" : "RelatedPerson-NHS-9000000017-Jane-Smith",
  "meta" : {
    "profile" : ["https://fhir.nhs.uk/England/StructureDefinition/RelatedPerson"]
  },
  "text" : {
    "status" : "generated",
    "div" : "<div xmlns=\"http://www.w3.org/1999/xhtml\"><p><b>Generated Narrative: RelatedPerson</b><a name=\"RelatedPerson-NHS-9000000017-Jane-Smith\"> </a></p><div style=\"display: inline-block; background-color: #d9e0e7; padding: 6px; margin: 4px; border: 1px solid #8da1b4; border-radius: 5px; line-height: 60%\"><p style=\"margin-bottom: 0px\">Resource RelatedPerson &quot;RelatedPerson-NHS-9000000017-Jane-Smith&quot; </p><p style=\"margin-bottom: 0px\">Profile: <a href=\"StructureDefinition-RelatedPerson.html\">RelatedPerson</a></p></div><p><b>identifier</b>: <code>https://fhir.nhs.uk/Id/nhs-number</code>/9000000017</p><p><b>patient</b>: <a href=\"https://simplifier.net/resolve?scope=fhir.r4.ukcore.stu3.currentbuild@0.0.6-pre-release&amp;canonical=https://simplifier.net/guide/ukcoreversionhistory/Patient/Patient_NHS_9459304130\">Patient/Patient_NHS_9459304130</a></p><p><b>relationship</b>: mother <span style=\"background: LightGoldenRodYellow; margin: 4px; border: 1px solid khaki\"> (<a href=\"http://terminology.hl7.org/5.5.0/CodeSystem-v3-RoleCode.html\">RoleCode</a>#MTH)</span></p></div>"
  },
  "identifier" : [{
    "system" : "https://fhir.nhs.uk/Id/nhs-number",
    "value" : "9000000017"
  }],
  "patient" : {
    "reference" : "Patient/Patient_NHS_9459304130",
    "type" : "Patient",
    "identifier" : {
      "system" : "https://fhir.nhs.uk/Id/nhs-number",
      "value" : "9459304130"
    }
  },
  "relationship" : [{
    "coding" : [{
      "system" : "http://terminology.hl7.org/CodeSystem/v3-RoleCode",
      "code" : "MTH",
      "display" : "mother"
    }]
  }]
}