{
  "package": "uk.nhs.england.administration",
  "version": "0.0.1",
  "fhirVersion": "4.0.1",
  "jurisdiction": "GB-ENG",
  "extensions": [
    {
      "url": "https://fhir.nhs.uk/England/StructureDefinition/Extension-ConsentCreateSummary",
      "title": "Extension for Consent Create Summary",
      "types": [
        "Annotation"
      ]
    },
    {
      "url": "https://fhir.nhs.uk/England/StructureDefinition/Extension-ConsentRemoveSummary",
      "title": "Extension for Consent Remove Summary",
      "types": [
        "Annotation"
      ]
    }
  ],
  "profiles": {
    "Organization": [
      {
        "url": "https://fhir.nhs.uk/England/StructureDefinition/Organization",
        "title": "Organization"
      }
    ],
    "Patient": [
      {
        "url": "https://fhir.nhs.uk/England/StructureDefinition/PatientHL7v2",
        "title": "PatientHL7v2"
      },
      {
        "url": "https://fhir.nhs.uk/England/StructureDefinition/PatientPDS",
        "title": "PatientPDS"
      },
      {
        "url": "https://fhir.nhs.uk/England/StructureDefinition/PatientPDSNHSNumberAllocation",
        "title": "PatientPDSNHSNumberAllocation"
      }
    ],
    "RelatedPerson": [
      {
        "url": "https://fhir.nhs.uk/England/StructureDefinition/RelatedPerson",
        "title": "RelatedPerson"
      }
    ],
    "Appointment": [
      {
        "url": "https://fhir.nhs.uk/England/StructureDefinition/Appointment",
        "title": "Appointment"
      }
    ],
    "AppointmentResponse": [
      {
        "url": "https://fhir.nhs.uk/England/StructureDefinition/AppointmentResponse",
        "title": "AppointmentResponse"
      }
    ],
    "Consent": [
      {
        "url": "https://fhir.nhs.uk/England/StructureDefinition/IHEPCF-Basic-Consent",
        "title": "BasicConsent"
      }
    ],
    "DocumentReference": [
      {
        "url": "https://fhir.nhs.uk/England/StructureDefinition/DocumentReference",
        "title": "DocumentReference"
      }
    ],
    "Encounter": [
      {
        "url": "https://fhir.nhs.uk/England/StructureDefinition/Encounter",
        "title": "Encounter"
      }
    ],
    "Endpoint": [
      {
        "url": "https://fhir.nhs.uk/England/StructureDefinition/Endpoint",
        "title": "Endpoint"
      }
    ],
    "Provenance": [
      {
        "url": "https://fhir.nhs.uk/England/StructureDefinition/FlagProvenance",
        "title": "NHSE Flag Provenance Profile"
      }
    ],
    "HealthcareService": [
      {
        "url": "https://fhir.nhs.uk/England/StructureDefinition/HealthcareService",
        "title": "HealthcareService"
      }
    ],
    "Observation": [
      {
        "url": "https://fhir.nhs.uk/England/StructureDefinition/Observation",
        "title": "Observation"
      }
    ],
    "OrganizationAffiliation": [
      {
        "url": "https://fhir.nhs.uk/England/StructureDefinition/OrganizationAffiliation",
        "title": "OrganizationAffiliation"
      }
    ],
    "Practitioner": [
      {
        "url": "https://fhir.nhs.uk/England/StructureDefinition/Practitioner",
        "title": "Practitioner"
      }
    ],
    "PractitionerRole": [
      {
        "url": "https://fhir.nhs.uk/England/StructureDefinition/PractitionerRole",
        "title": "PractitionerRole"
      }
    ],
    "Schedule": [
      {
        "url": "https://fhir.nhs.uk/England/StructureDefinition/Schedule",
        "title": "Schedule"
      }
    ],
    "ServiceRequest": [
      {
        "url": "https://fhir.nhs.uk/England/StructureDefinition/ServiceRequest",
        "title": "ServiceRequest"
      }
    ],
    "Slot": [
      {
        "url": "https://fhir.nhs.uk/England/StructureDefinition/Slot",
        "title": "Slot"
      }
    ],
    "Subscription": [
      {
        "url": "https://fhir.nhs.uk/England/StructureDefinition/Subscription",
        "title": "Subscription"
      }
    ],
    "Task": [
      {
        "url": "https://fhir.nhs.uk/England/StructureDefinition/Task",
        "title": "Task"
      }
    ]
  },
  "usage": {
    "http://hl7.org/fhir/StructureDefinition/capabilitystatement-expectation": [
      "CapabilityStatement.rest.resource",
      "CapabilityStatement.rest.resource.interaction",
      "CapabilityStatement.rest.resource.searchParam"
    ],
    "http://hl7.org/fhir/StructureDefinition/capabilitystatement-search-parameter-combination": [
      "CapabilityStatement.rest.resource"
    ],
    "http://hl7.org/fhir/StructureDefinition/elementdefinition-bestpractice": [
      "StructureDefinition.snapshot.element.constraint"
    ],
    "http://hl7.org/fhir/StructureDefinition/elementdefinition-bestpractice-explanation": [
      "StructureDefinition.snapshot.element.constraint"
    ],
    "http://hl7.org/fhir/StructureDefinition/elementdefinition-bindingName": [
      "StructureDefinition.snapshot.element.binding"
    ],
    "http://hl7.org/fhir/StructureDefinition/elementdefinition-maxValueSet": [
      "StructureDefinition.snapshot.element.binding"
    ],
    "http://hl7.org/fhir/StructureDefinition/elementdefinition-translatable": [
      "StructureDefinition.snapshot.element"
    ],
    "http://hl7.org/fhir/StructureDefinition/organization-period": [
      "Organization"
    ],
    "http://hl7.org/fhir/StructureDefinition/patient-birthPlace": [
      "Bundle.entry.resource.entry.resource",
      "Patient"
    ],
    "http://hl7.org/fhir/StructureDefinition/patient-birthTime": [
      "Bundle.entry.resource.entry.resource.birthDate",
      "Patient.birthDate"
    ],
    "http://hl7.org/fhir/StructureDefinition/patient-cadavericDonor": [
      "Patient"
    ],
    "http://hl7.org/fhir/StructureDefinition/patient-interpreterRequired": [
      "Patient"
    ],
    "http://hl7.org/fhir/StructureDefinition/patient-nationality": [
      "Bundle.entry.resource.entry.resource",
      "Patient"
    ],
    "http://hl7.org/fhir/StructureDefinition/patient-proficiency": [
      "Patient.communication"
    ],
    "http://hl7.org/fhir/StructureDefinition/patient-religion": [
      "Bundle.entry.resource.entry.resource",
      "Patient"
    ],
    "http://hl7.org/fhir/StructureDefinition/questionnaire-itemControl": [
      "Questionnaire.item",
      "Questionnaire.item.item",
      "Questionnaire.item.item.item"
    ],
    "http://hl7.org/fhir/StructureDefinition/regex": [
      "StructureDefinition.snapshot.element.type"
    ],
    "http://hl7.org/fhir/StructureDefinition/structuredefinition-display-hint": [
      "StructureDefinition.snapshot.element"
    ],
    "http://hl7.org/fhir/StructureDefinition/structuredefinition-fhir-type": [
      "StructureDefinition.snapshot.element.type"
    ],
    "http://hl7.org/fhir/StructureDefinition/structuredefinition-hierarchy": [
      "StructureDefinition.snapshot.element.type"
    ],
    "http://hl7.org/fhir/StructureDefinition/structuredefinition-normative-version": [
      "StructureDefinition.differential.element"
    ],
    "http://hl7.org/fhir/StructureDefinition/structuredefinition-standards-status": [
      "StructureDefinition.differential.element"
    ],
    "http://hl7.org/fhir/tools/StructureDefinition/ig-internal-dependency": [
      "ImplementationGuide.definition"
    ],
    "http://hl7.org/fhir/tools/StructureDefinition/ig-page-name": [
      "ImplementationGuide.definition.page",
      "ImplementationGuide.definition.page.page"
    ],
    "http://hl7.org/fhir/tools/StructureDefinition/ig-parameter": [
      "ImplementationGuide.definition"
    ],
    "http://hl7.org/fhir/tools/StructureDefinition/implementationguide-dependency-comment": [
      "ImplementationGuide.dependsOn"
    ],
    "http://hl7.org/fhir/tools/StructureDefinition/resource-information": [
      "ImplementationGuide.definition.resource"
    ],
    "http://hl7.org/fhir/uv/sdc/StructureDefinition/sdc-questionnaire-observationExtract": [
      "Questionnaire.item"
    ],
    "http://hl7.org/fhir/uv/subscriptions-backport/StructureDefinition/backport-filter-criteria": [
      "Subscription.criteria"
    ],
    "http://hl7.org/fhir/uv/subscriptions-backport/StructureDefinition/backport-payload-content": [
      "Subscription.channel.payload"
    ],
    "https://fhir.hl7.org.uk/StructureDefinition/Extension-UKCore-AddressKey": [
      "Patient.address",
      "RelatedPerson.address"
    ],
    "https://fhir.hl7.org.uk/StructureDefinition/Extension-UKCore-BirthSex": [
      "Patient"
    ],
    "https://fhir.hl7.org.uk/StructureDefinition/Extension-UKCore-ContactPreference": [
      "Patient",
      "RelatedPerson"
    ],
    "https://fhir.hl7.org.uk/StructureDefinition/Extension-UKCore-ContactRank": [
      "Patient.contact"
    ],
    "https://fhir.hl7.org.uk/StructureDefinition/Extension-UKCore-CopyCorrespondenceIndicator": [
      "Patient.contact",
      "RelatedPerson"
    ],
    "https://fhir.hl7.org.uk/StructureDefinition/Extension-UKCore-DeathNotificationStatus": [
      "Patient"
    ],
    "https://fhir.hl7.org.uk/StructureDefinition/Extension-UKCore-EthnicCategory": [
      "Patient"
    ],
    "https://fhir.hl7.org.uk/StructureDefinition/Extension-UKCore-MainLocation": [
      "Organization"
    ],
    "https://fhir.hl7.org.uk/StructureDefinition/Extension-UKCore-MedicalApplianceSupplier": [
      "Patient"
    ],
    "https://fhir.hl7.org.uk/StructureDefinition/Extension-UKCore-NHSCommunication": [
      "Patient",
      "RelatedPerson"
    ],
    "https://fhir.hl7.org.uk/StructureDefinition/Extension-UKCore-NHSNumberUnavailableReason": [
      "Patient"
    ],
    "https://fhir.hl7.org.uk/StructureDefinition/Extension-UKCore-NHSNumberVerificationStatus": [
      "Patient.identifier"
    ],
    "https://fhir.hl7.org.uk/StructureDefinition/Extension-UKCore-NominatedPharmacy": [
      "Patient"
    ],
    "https://fhir.hl7.org.uk/StructureDefinition/Extension-UKCore-OtherContactSystem": [
      "Patient.contact.telecom.system",
      "Patient.telecom",
      "Patient.telecom.system",
      "RelatedPerson.telecom.system"
    ],
    "https://fhir.hl7.org.uk/StructureDefinition/Extension-UKCore-PreferredDispenserOrganization": [
      "Patient"
    ],
    "https://fhir.hl7.org.uk/StructureDefinition/Extension-UKCore-ResidentialStatus": [
      "Patient"
    ],
    "https://fhir.nhs.uk/England/StructureDefinition/Extension-ConsentCreateSummary": [
      "Consent"
    ],
    "https://fhir.nhs.uk/England/StructureDefinition/Extension-ConsentRemoveSummary": [
      "Consent"
    ],
    "https://fhir.nhs.uk/R4/StructureDefinition/Extension-UKCore-ContactRank": [
      "RelatedPerson"
    ],
    "https://fhir.nhs.uk/R4/StructureDefinition/Extension-UKCore-CopyCorrespondenceIndicator": [
      "RelatedPerson"
    ],
    "https://fhir.nhs.uk/StructureDefinition/Extension-PDS-RemovalFromRegistration": [
      "Patient"
    ]
  }
}