{
  "codeSystems" : [
    {
      "url" : "http://hl7.org/fhir/ValueSet/resource-types",
      "version" : "5.0.0",
      "status" : "active",
      "name" : "ResourceType",
      "title" : "Resource Types",
      "description" : "Concrete FHIR Resource Types",
      "systems" : ["http://hl7.org/fhir/fhir-types"],
      "oids" : ["2.16.840.1.113883.4.642.3.27"],
      "sources" : ["2.16.840.1.113883.4.642.3.27"],
      "uses" : {
      },
      "Questionnaire-permission.html" : "Permission"
    },
    {
      "url" : "http://terminology.hl7.org/ValueSet/v3-PurposeOfUse",
      "version" : "2.0.0",
      "status" : "active",
      "name" : "PurposeOfUse",
      "title" : "PurposeOfUse",
      "description" : "Supports communication of purpose of use at a general level.",
      "systems" : ["http://terminology.hl7.org/CodeSystem/v3-ActReason"],
      "oids" : ["2.16.840.1.113883.1.11.20448"],
      "sources" : ["2.16.840.1.113883.1.11.20448"],
      "uses" : {
      },
      "Questionnaire-permission.html" : "Permission"
    },
    {
      "url" : "https://fhir.hl7.org.uk/ValueSet/UKCore-OrganizationType",
      "version" : "1.0.0",
      "status" : "active",
      "name" : "UKCoreOrganizationType",
      "title" : "UK Core Organization Type",
      "description" : "A set of codes that can be used to indicate a type of organization.",
      "systems" : [
        "http://terminology.hl7.org/CodeSystem/organization-type",
        "https://fhir.hl7.org.uk/CodeSystem/UKCore-OrganizationTypeGenomics"
      ],
      "uses" : {
      },
      "StructureDefinition-UKCore-Organization.html" : "UK Core Organization"
    },
    {
      "url" : "https://fhir.hl7.org.uk/ValueSet/UKCore-PersonRelationshipType",
      "version" : "2.1.0",
      "status" : "active",
      "name" : "UKCorePersonRelationshipType",
      "title" : "UK Core Person Relationship Type",
      "description" : "A set of codes that define the type of relationship a person has to a patient.",
      "systems" : [
        "http://terminology.hl7.org/CodeSystem/v3-RoleCode",
        "http://terminology.hl7.org/CodeSystem/v2-0131",
        "https://fhir.hl7.org.uk/CodeSystem/UKCore-AdditionalPersonRelationshipRole"
      ],
      "uses" : {
      },
      "StructureDefinition-UKCore-RelatedPerson.html" : "UK Core RelatedPerson",
      "Questionnaire-Questionnaire-Proxy-Access-Request.html" : "Proxy Access Request Form"
    },
    {
      "url" : "https://profiles.ihe.net/ITI/PCF/ValueSet/BasicPurposeVS",
      "version" : "1.0.0",
      "status" : "active",
      "name" : "BasicPurposeVS",
      "title" : "Basic Purpose ValueSet",
      "description" : "ValueSet of the PurposeOfUse minimally extensible by Basic Option",
      "systems" : ["http://terminology.hl7.org/CodeSystem/v3-ActReason"],
      "uses" : {
      },
      "StructureDefinition-IHEPCF-Basic-Consent.html" : "BasicConsent"
    }
  ]
}
