{
  "codeSystems" : [
    {
      "url" : "http://hl7.org/fhir/ValueSet/administrative-gender",
      "version" : "4.0.1",
      "status" : "active",
      "name" : "AdministrativeGender",
      "title" : "AdministrativeGender",
      "description" : "The gender of a person used for administrative purposes.",
      "systems" : ["http://hl7.org/fhir/administrative-gender"],
      "oids" : ["2.16.840.1.113883.4.642.3.1"],
      "sources" : ["2.16.840.1.113883.4.642.3.1"],
      "uses" : {
      },
      "StructureDefinition-UKCore-RelatedPerson.html" : "UK Core RelatedPerson",
      "StructureDefinition-RelatedPerson.html" : "RelatedPerson",
      "StructureDefinition-PatientPDS.html" : "PatientPDS",
      "StructureDefinition-PatientPDSNHSNumberAllocation.html" : "PatientPDSNHSNumberAllocation",
      "StructureDefinition-Patient.html" : "Patient"
    },
    {
      "url" : "http://hl7.org/fhir/ValueSet/body-site",
      "version" : "4.0.1",
      "status" : "draft",
      "name" : "SNOMEDCTBodyStructures",
      "title" : "SNOMED CT Body Structures",
      "description" : "This value set includes all codes from [SNOMED CT](http://snomed.info/sct) where concept is-a 442083009 (Anatomical or acquired body site (body structure)).",
      "systems" : ["http://snomed.info/sct"],
      "oids" : ["2.16.840.1.113883.4.642.3.141"],
      "sources" : ["2.16.840.1.113883.4.642.3.141"],
      "uses" : {
      },
      "StructureDefinition-Observation.html" : "Observation"
    },
    {
      "url" : "http://hl7.org/fhir/ValueSet/contact-point-system",
      "version" : "4.0.1",
      "status" : "active",
      "name" : "ContactPointSystem",
      "title" : "ContactPointSystem",
      "description" : "Telecommunications form for contact point.",
      "systems" : ["http://hl7.org/fhir/contact-point-system"],
      "oids" : ["2.16.840.1.113883.4.642.3.71"],
      "sources" : ["2.16.840.1.113883.4.642.3.71"],
      "uses" : {
      },
      "StructureDefinition-UKCore-RelatedPerson.html" : "UK Core RelatedPerson",
      "StructureDefinition-RelatedPerson.html" : "RelatedPerson"
    },
    {
      "url" : "http://hl7.org/fhir/ValueSet/contact-point-use",
      "version" : "4.0.1",
      "status" : "active",
      "name" : "ContactPointUse",
      "title" : "ContactPointUse",
      "description" : "Use of contact point.",
      "systems" : ["http://hl7.org/fhir/contact-point-use"],
      "oids" : ["2.16.840.1.113883.4.642.3.73"],
      "sources" : ["2.16.840.1.113883.4.642.3.73"],
      "uses" : {
      },
      "StructureDefinition-UKCore-RelatedPerson.html" : "UK Core RelatedPerson",
      "StructureDefinition-RelatedPerson.html" : "RelatedPerson"
    },
    {
      "url" : "http://hl7.org/fhir/ValueSet/contactentity-type",
      "version" : "4.0.1",
      "status" : "draft",
      "name" : "ContactEntityType",
      "title" : "Contact entity type",
      "description" : "This example value set defines a set of codes that can be used to indicate the purpose for which you would contact a contact party.",
      "systems" : ["http://terminology.hl7.org/CodeSystem/contactentity-type"],
      "oids" : ["2.16.840.1.113883.4.642.3.416"],
      "sources" : ["2.16.840.1.113883.4.642.3.416"],
      "uses" : {
      },
      "StructureDefinition-Organization.html" : "Organization",
      "StructureDefinition-UKCore-Organization.html" : "UK Core Organization"
    },
    {
      "url" : "http://hl7.org/fhir/ValueSet/data-absent-reason",
      "version" : "4.0.1",
      "status" : "active",
      "name" : "DataAbsentReason",
      "title" : "DataAbsentReason",
      "description" : "Used to specify why the normally expected content of the data element is missing.",
      "systems" : ["http://terminology.hl7.org/CodeSystem/data-absent-reason"],
      "oids" : ["2.16.840.1.113883.4.642.3.5"],
      "sources" : ["2.16.840.1.113883.4.642.3.5"],
      "uses" : {
      },
      "StructureDefinition-Observation.html" : "Observation"
    },
    {
      "url" : "http://hl7.org/fhir/ValueSet/identifier-type",
      "version" : "4.0.1",
      "status" : "active",
      "name" : "Identifier Type Codes",
      "title" : "IdentifierType",
      "description" : "A coded type for an identifier that can be used to determine which identifier to use for a specific purpose.",
      "systems" : ["http://terminology.hl7.org/CodeSystem/v2-0203"],
      "oids" : ["2.16.840.1.113883.4.642.3.45"],
      "sources" : ["2.16.840.1.113883.4.642.3.45"],
      "uses" : {
      },
      "StructureDefinition-UKCore-RelatedPerson.html" : "UK Core RelatedPerson",
      "StructureDefinition-RelatedPerson.html" : "RelatedPerson",
      "StructureDefinition-PatientPDS.html" : "PatientPDS",
      "StructureDefinition-PatientPDSNHSNumberAllocation.html" : "PatientPDSNHSNumberAllocation",
      "StructureDefinition-Organization.html" : "Organization",
      "StructureDefinition-Patient.html" : "Patient",
      "StructureDefinition-UKCore-Organization.html" : "UK Core Organization"
    },
    {
      "url" : "http://hl7.org/fhir/ValueSet/identifier-use",
      "version" : "4.0.1",
      "status" : "active",
      "name" : "IdentifierUse",
      "title" : "IdentifierUse",
      "description" : "Identifies the purpose for this identifier, if known .",
      "systems" : ["http://hl7.org/fhir/identifier-use"],
      "oids" : ["2.16.840.1.113883.4.642.3.57"],
      "sources" : ["2.16.840.1.113883.4.642.3.57"],
      "uses" : {
      },
      "StructureDefinition-UKCore-RelatedPerson.html" : "UK Core RelatedPerson",
      "StructureDefinition-RelatedPerson.html" : "RelatedPerson",
      "StructureDefinition-PatientPDS.html" : "PatientPDS",
      "StructureDefinition-PatientPDSNHSNumberAllocation.html" : "PatientPDSNHSNumberAllocation",
      "StructureDefinition-Organization.html" : "Organization",
      "StructureDefinition-Patient.html" : "Patient",
      "StructureDefinition-UKCore-Organization.html" : "UK Core Organization"
    },
    {
      "url" : "http://hl7.org/fhir/ValueSet/languages",
      "version" : "4.0.1",
      "status" : "draft",
      "name" : "CommonLanguages",
      "title" : "Common Languages",
      "description" : "This value set includes common codes from BCP-47 (http://tools.ietf.org/html/bcp47)",
      "systems" : ["urn:ietf:bcp:47"],
      "oids" : ["2.16.840.1.113883.4.642.3.20"],
      "sources" : ["2.16.840.1.113883.4.642.3.20"],
      "uses" : {
      },
      "StructureDefinition-Observation.html" : "Observation",
      "StructureDefinition-UKCore-RelatedPerson.html" : "UK Core RelatedPerson",
      "StructureDefinition-RelatedPerson.html" : "RelatedPerson",
      "StructureDefinition-PatientPDS.html" : "PatientPDS",
      "StructureDefinition-PatientPDSNHSNumberAllocation.html" : "PatientPDSNHSNumberAllocation",
      "StructureDefinition-Organization.html" : "Organization",
      "StructureDefinition-Patient.html" : "Patient",
      "StructureDefinition-UKCore-Organization.html" : "UK Core Organization"
    },
    {
      "url" : "http://hl7.org/fhir/ValueSet/link-type",
      "version" : "4.0.1",
      "status" : "active",
      "name" : "LinkType",
      "title" : "LinkType",
      "description" : "The type of link between this patient resource and another patient resource.",
      "systems" : ["http://hl7.org/fhir/link-type"],
      "oids" : ["2.16.840.1.113883.4.642.3.423"],
      "sources" : ["2.16.840.1.113883.4.642.3.423"],
      "uses" : {
      },
      "StructureDefinition-PatientPDS.html" : "PatientPDS",
      "StructureDefinition-PatientPDSNHSNumberAllocation.html" : "PatientPDSNHSNumberAllocation",
      "StructureDefinition-Patient.html" : "Patient"
    },
    {
      "url" : "http://hl7.org/fhir/ValueSet/marital-status",
      "version" : "4.0.1",
      "status" : "active",
      "name" : "Marital Status Codes",
      "title" : "MaritalStatus",
      "description" : "This value set defines the set of codes that can be used to indicate the marital status of a person.",
      "systems" : [
        "http://terminology.hl7.org/CodeSystem/v3-MaritalStatus",
        "http://terminology.hl7.org/CodeSystem/v3-NullFlavor"
      ],
      "oids" : ["2.16.840.1.113883.4.642.3.29"],
      "sources" : ["2.16.840.1.113883.4.642.3.29"],
      "uses" : {
      },
      "StructureDefinition-PatientPDS.html" : "PatientPDS",
      "StructureDefinition-PatientPDSNHSNumberAllocation.html" : "PatientPDSNHSNumberAllocation",
      "StructureDefinition-Patient.html" : "Patient"
    },
    {
      "url" : "http://hl7.org/fhir/ValueSet/observation-category",
      "version" : "4.0.1",
      "status" : "draft",
      "name" : "ObservationCategoryCodes",
      "title" : "Observation Category Codes",
      "description" : "Observation Category codes.",
      "systems" : ["http://terminology.hl7.org/CodeSystem/observation-category"],
      "oids" : ["2.16.840.1.113883.4.642.3.403"],
      "sources" : ["2.16.840.1.113883.4.642.3.403"],
      "uses" : {
      },
      "StructureDefinition-Observation.html" : "Observation"
    },
    {
      "url" : "http://hl7.org/fhir/ValueSet/observation-codes",
      "version" : "4.0.1",
      "status" : "draft",
      "name" : "LOINCCodes",
      "title" : "LOINC Codes",
      "description" : "This value set includes all LOINC codes",
      "systems" : ["http://loinc.org"],
      "oids" : ["2.16.840.1.113883.4.642.3.396"],
      "sources" : ["2.16.840.1.113883.4.642.3.396"],
      "uses" : {
      },
      "StructureDefinition-Observation.html" : "Observation"
    },
    {
      "url" : "http://hl7.org/fhir/ValueSet/observation-interpretation",
      "version" : "4.0.1",
      "status" : "active",
      "name" : "ObservationInterpretationCodes",
      "title" : "Observation Interpretation Codes",
      "description" : "A categorical assessment, providing a rough qualitative interpretation of the observation value,    such as “normal”/ “abnormal”,”low” / “high”, “better” / “worse”, “susceptible” / “resistant”, “expected”/ “not expected”.    The value set is intended to be for ANY use where coded representation of an interpretation is needed.   \r\n   \r\n   Notes:\r\n   \r\n   This is being communicated in v2.x in OBX-8 (Observation Interpretation), in v3 in ObservationInterpretation (CWE) in R1 (Representative Realm) and in FHIR in    Observation.interpretation. Historically these values come from the laboratory domain, and these codes are extensively    used. The value set binding is extensible, so codes outside the value set that are needed for interpretation concepts    (i.e. particular meanings) that are not included in the value set can be used, and these new codes may also be added to    the value set and published in a future version.",
      "systems" : [
        "http://terminology.hl7.org/CodeSystem/v3-ObservationInterpretation"
      ],
      "oids" : ["2.16.840.1.113883.4.642.3.399"],
      "sources" : ["2.16.840.1.113883.4.642.3.399"],
      "uses" : {
      },
      "StructureDefinition-Observation.html" : "Observation"
    },
    {
      "url" : "http://hl7.org/fhir/ValueSet/observation-methods",
      "version" : "4.0.1",
      "status" : "draft",
      "name" : "ObservationMethods",
      "title" : "Observation Methods",
      "description" : "Observation Method codes from [SNOMED CT](http://snomed.info/sct) where concept is-a 272394005 (Technique (qualifier value)) or is-a 129264002 (Action (qualifier value)) or is-a 386053000 (Evaluation procedure(procedure))",
      "systems" : ["http://snomed.info/sct"],
      "oids" : ["2.16.840.1.113883.4.642.3.395"],
      "sources" : ["2.16.840.1.113883.4.642.3.395"],
      "uses" : {
      },
      "StructureDefinition-Observation.html" : "Observation"
    },
    {
      "url" : "http://hl7.org/fhir/ValueSet/observation-status",
      "version" : "4.0.1",
      "status" : "active",
      "name" : "ObservationStatus",
      "title" : "ObservationStatus",
      "description" : "Codes providing the status of an observation.",
      "systems" : ["http://hl7.org/fhir/observation-status"],
      "oids" : ["2.16.840.1.113883.4.642.3.400"],
      "sources" : ["2.16.840.1.113883.4.642.3.400"],
      "uses" : {
      },
      "StructureDefinition-Observation.html" : "Observation"
    },
    {
      "url" : "http://hl7.org/fhir/ValueSet/patient-contactrelationship",
      "version" : "4.0.1",
      "status" : "active",
      "name" : "PatientContactRelationship",
      "title" : "Patient Contact Relationship ",
      "description" : "The nature of the relationship between the patient and the contact person.",
      "systems" : ["http://terminology.hl7.org/CodeSystem/v2-0131"],
      "oids" : ["2.16.840.1.113883.4.642.3.1130"],
      "sources" : ["2.16.840.1.113883.4.642.3.1130"],
      "uses" : {
      },
      "StructureDefinition-PatientPDS.html" : "PatientPDS",
      "StructureDefinition-PatientPDSNHSNumberAllocation.html" : "PatientPDSNHSNumberAllocation",
      "StructureDefinition-Patient.html" : "Patient"
    },
    {
      "url" : "http://hl7.org/fhir/ValueSet/referencerange-appliesto",
      "version" : "4.0.1",
      "status" : "draft",
      "name" : "ObservationReferenceRangeAppliesToCodes",
      "title" : "Observation Reference Range Applies To Codes",
      "description" : "This value set defines a set of codes that can be used to indicate the particular target population the reference range applies to.",
      "systems" : [
        "http://terminology.hl7.org/CodeSystem/v3-Race",
        "http://snomed.info/sct"
      ],
      "oids" : ["2.16.840.1.113883.4.642.3.407"],
      "sources" : ["2.16.840.1.113883.4.642.3.407"],
      "uses" : {
      },
      "StructureDefinition-Observation.html" : "Observation"
    },
    {
      "url" : "http://hl7.org/fhir/ValueSet/referencerange-meaning",
      "version" : "4.0.1",
      "status" : "draft",
      "name" : "ObservationReferenceRangeMeaningCodes",
      "title" : "Observation Reference Range Meaning Codes",
      "description" : "This value set defines a set of codes that can be used to indicate the meaning/use of a reference range for a particular target population.",
      "systems" : [
        "http://terminology.hl7.org/CodeSystem/referencerange-meaning"
      ],
      "oids" : ["2.16.840.1.113883.4.642.3.397"],
      "sources" : ["2.16.840.1.113883.4.642.3.397"],
      "uses" : {
      },
      "StructureDefinition-Observation.html" : "Observation"
    },
    {
      "url" : "http://hl7.org/fhir/ValueSet/resource-types",
      "version" : "5.0.0",
      "status" : "active",
      "name" : "ResourceType",
      "title" : "Resource Types",
      "description" : "Concrete FHIR Resource Types",
      "systems" : ["http://hl7.org/fhir/fhir-types"],
      "oids" : ["2.16.840.1.113883.4.642.3.27"],
      "sources" : ["2.16.840.1.113883.4.642.3.27"],
      "uses" : {
      },
      "StructureDefinition-UKCore-RelatedPerson.html" : "UK Core RelatedPerson",
      "StructureDefinition-RelatedPerson.html" : "RelatedPerson",
      "StructureDefinition-PatientPDS.html" : "PatientPDS",
      "StructureDefinition-PatientPDSNHSNumberAllocation.html" : "PatientPDSNHSNumberAllocation",
      "StructureDefinition-Organization.html" : "Organization",
      "StructureDefinition-UKCore-Organization.html" : "UK Core Organization"
    },
    {
      "url" : "https://fhir.hl7.org.uk/ValueSet/UKCore-OrganizationType",
      "version" : "1.0.0",
      "status" : "active",
      "name" : "UKCoreOrganizationType",
      "title" : "UK Core Organization Type",
      "description" : "A set of codes that can be used to indicate a type of organization.",
      "systems" : [
        "http://terminology.hl7.org/CodeSystem/organization-type",
        "https://fhir.hl7.org.uk/CodeSystem/UKCore-OrganizationTypeGenomics"
      ],
      "uses" : {
      },
      "StructureDefinition-Organization.html" : "Organization",
      "StructureDefinition-UKCore-Organization.html" : "UK Core Organization"
    },
    {
      "url" : "https://fhir.hl7.org.uk/ValueSet/UKCore-PersonRelationshipType",
      "version" : "2.1.0",
      "status" : "active",
      "name" : "UKCorePersonRelationshipType",
      "title" : "UK Core Person Relationship Type",
      "description" : "A set of codes that define the type of relationship a person has to a patient.",
      "systems" : [
        "http://terminology.hl7.org/CodeSystem/v3-RoleCode",
        "http://terminology.hl7.org/CodeSystem/v2-0131",
        "https://fhir.hl7.org.uk/CodeSystem/UKCore-AdditionalPersonRelationshipRole"
      ],
      "uses" : {
      },
      "Questionnaire-Questionnaire-Proxy-Access-Request.html" : "Proxy Access Request Form",
      "StructureDefinition-UKCore-RelatedPerson.html" : "UK Core RelatedPerson",
      "StructureDefinition-RelatedPerson.html" : "RelatedPerson"
    }
  ]
}
