{
  "resourceType" : "Bundle",
  "id" : "ex-EventNotification",
  "type" : "history",
  "entry" : [{
    "fullUrl" : "urn:uuid:aaaaaaaa-bbbb-cccc-dddd-e00111100007",
    "resource" : {
      "resourceType" : "Parameters",
      "id" : "ex-SubscriptionStatus-NotificationEvent",
      "parameter" : [{
        "name" : "subscription",
        "valueReference" : {
          "reference" : "https://example.org/fhir/Subscription/ex-Subscription-DocumentReference-PatientDependent"
        }
      },
      {
        "name" : "status",
        "valueCode" : "active"
      },
      {
        "name" : "type",
        "valueCode" : "event-notification"
      },
      {
        "name" : "events-since-subscription-start",
        "valueString" : "1"
      },
      {
        "name" : "notification-event",
        "part" : [{
          "name" : "event-number",
          "valueString" : "1"
        },
        {
          "name" : "timestamp",
          "valueInstant" : "2023-01-01T12:00:00.1882432-05:00"
        }]
      },
      {
        "name" : "topic",
        "valueCanonical" : "https://fhir.example.nhs.uk/SubscriptionTopic/ex-SubscriptionTopic"
      }]
    },
    "request" : {
      "method" : "GET",
      "url" : "https://example.org/fhir/Subscription/ex-Encounter-Subscription$status"
    },
    "response" : {
      "status" : "200"
    }
  },
  {
    "fullUrl" : "urn:uuid:aaaaaaaa-bbbb-cccc-dddd-e00111100001",
    "resource" : {
      "resourceType" : "Encounter",
      "id" : "outpatient-fredrica-smith",
      "meta" : {
        "profile" : ["https://fhir.nhs.uk/England/StructureDefinition/Encounter"]
      },
      "text" : {
        "status" : "generated",
        "div" : "<div xmlns=\"http://www.w3.org/1999/xhtml\"><p><b>Generated Narrative: Encounter</b><a name=\"outpatient-fredrica-smith\"> </a></p><div style=\"display: inline-block; background-color: #d9e0e7; padding: 6px; margin: 4px; border: 1px solid #8da1b4; border-radius: 5px; line-height: 60%\"><p style=\"margin-bottom: 0px\">Resource Encounter &quot;outpatient-fredrica-smith&quot; </p><p style=\"margin-bottom: 0px\">Profile: <a href=\"StructureDefinition-Encounter.html\">Encounter</a></p></div><p><b>identifier</b>: <code>https://fhir.leedsth.nhs.uk/VisitId</code>/2141</p><p><b>status</b>: in-progress</p><p><b>class</b>: ambulatory (Details: http://terminology.hl7.org/CodeSystem/v3-ActCode code AMB = 'ambulatory', stated as 'ambulatory')</p><p><b>serviceType</b>: GENERAL MEDICINE <span style=\"background: LightGoldenRodYellow; margin: 4px; border: 1px solid khaki\"> (<a href=\"CodeSystem-NHSDataModelAndDictionary-treatment-function.html\">NHSDataModelandDictionaryTreatmentFunction</a>#300)</span></p><p><b>subject</b>: <span>: Fredrica Smith</span></p><h3>Participants</h3><table class=\"grid\"><tr><td style=\"display: none\">-</td><td><b>Type</b></td><td><b>Individual</b></td></tr><tr><td style=\"display: none\">*</td><td>attender <span style=\"background: LightGoldenRodYellow; margin: 4px; border: 1px solid khaki\"> (<a href=\"http://terminology.hl7.org/5.3.0/CodeSystem-v3-ParticipationType.html\">ParticipationType</a>#ATND)</span>, consultant <span style=\"background: LightGoldenRodYellow; margin: 4px; border: 1px solid khaki\"> (<a href=\"http://terminology.hl7.org/5.3.0/CodeSystem-v3-ParticipationType.html\">ParticipationType</a>#CON)</span></td><td><span>: Dr Samuel Darwin</span></td></tr></table><p><b>period</b>: 2010-11-01 16:00:00+0000 --&gt; (ongoing)</p><h3>Hospitalizations</h3><table class=\"grid\"><tr><td style=\"display: none\">-</td><td><b>DischargeDisposition</b></td></tr><tr><td style=\"display: none\">*</td><td>Usual place of residence unless listed below, for example, a private dwelling whether owner occupied or owned by Local Authority, housing association or other landlord. This includes wardened accommodation but not residential accommodation where health care is provided. It also includes patients with no fixed abode. <span style=\"background: LightGoldenRodYellow; margin: 4px; border: 1px solid khaki\"> (<a href=\"https://simplifier.net/resolve?scope=fhir.r4.ukcore.stu3.currentbuild@0.0.6-pre-release&amp;canonical=https://fhir.hl7.org.uk/CodeSystem/UKCore-DischargeDestinationEngland\">UK Core Discharge Destination England</a>#19)</span></td></tr></table><h3>Locations</h3><table class=\"grid\"><tr><td style=\"display: none\">-</td><td><b>Location</b></td></tr><tr><td style=\"display: none\">*</td><td><span><code>https://fhir.nhs.uk/Id/ods-site-code</code>/RCB55</span></td></tr></table><p><b>serviceProvider</b>: <span><code>https://fhir.nhs.uk/Id/ods-organization-code</code>/RCB</span></p></div>"
      },
      "identifier" : [{
        "system" : "https://fhir.leedsth.nhs.uk/VisitId",
        "value" : "2141"
      }],
      "status" : "in-progress",
      "class" : {
        "system" : "http://terminology.hl7.org/CodeSystem/v3-ActCode",
        "code" : "AMB",
        "display" : "ambulatory"
      },
      "serviceType" : {
        "coding" : [{
          "system" : "https://fhir.nhs.uk/CodeSystem/NHSDataModelAndDictionary-treatment-function",
          "code" : "300"
        }]
      },
      "subject" : {
        "identifier" : {
          "system" : "https://fhir.nhs.uk/Id/nhs-number",
          "value" : "3333333333"
        },
        "display" : "Fredrica Smith"
      },
      "participant" : [{
        "type" : [{
          "coding" : [{
            "system" : "http://terminology.hl7.org/CodeSystem/v3-ParticipationType",
            "code" : "ATND",
            "display" : "attender"
          }]
        },
        {
          "coding" : [{
            "system" : "http://terminology.hl7.org/CodeSystem/v3-ParticipationType",
            "code" : "CON",
            "display" : "consultant"
          }]
        }],
        "individual" : {
          "display" : "Dr Samuel Darwin"
        }
      }],
      "period" : {
        "start" : "2010-11-01T16:00:00+00:00"
      },
      "hospitalization" : {
        "dischargeDisposition" : {
          "coding" : [{
            "system" : "https://fhir.hl7.org.uk/CodeSystem/UKCore-DischargeDestinationEngland",
            "code" : "19"
          }]
        }
      },
      "location" : [{
        "location" : {
          "identifier" : {
            "system" : "https://fhir.nhs.uk/Id/ods-site-code",
            "value" : "RCB55"
          }
        }
      }],
      "serviceProvider" : {
        "identifier" : {
          "system" : "https://fhir.nhs.uk/Id/ods-organization-code",
          "value" : "RCB"
        }
      }
    },
    "request" : {
      "method" : "POST",
      "url" : "Encounter"
    },
    "response" : {
      "status" : "201"
    }
  }]
}