{
  "resourceType" : "Encounter",
  "id" : "Encounter-inpatient-discharge-fredrica-smith",
  "meta" : {
    "profile" : ["https://fhir.nhs.uk/England/StructureDefinition/Encounter"]
  },
  "text" : {
    "status" : "generated",
    "div" : "<div xmlns=\"http://www.w3.org/1999/xhtml\"><p><b>Generated Narrative: Encounter</b><a name=\"Encounter-inpatient-discharge-fredrica-smith\"> </a><a name=\"hcEncounter-inpatient-discharge-fredrica-smith\"> </a></p><div style=\"display: inline-block; background-color: #d9e0e7; padding: 6px; margin: 4px; border: 1px solid #8da1b4; border-radius: 5px; line-height: 60%\"><p style=\"margin-bottom: 0px\">Resource Encounter &quot;Encounter-inpatient-discharge-fredrica-smith&quot; </p><p style=\"margin-bottom: 0px\">Profile: <a href=\"StructureDefinition-Encounter.html\">Encounter</a></p></div><p><b>identifier</b>: <code>https://fhir.leedsth.nhs.uk/YrVisit</code>/YOR123456</p><p><b>status</b>: finished</p><p><b>class</b>: inpatient encounter (Details: http://terminology.hl7.org/CodeSystem/v3-ActCode code IMP = 'inpatient encounter', stated as 'inpatient encounter')</p><p><b>serviceType</b>: GENERAL MEDICINE <span style=\"background: LightGoldenRodYellow; margin: 4px; border: 1px solid khaki\"> (<a href=\"CodeSystem-NHSDataModelAndDictionary-treatment-function.html\">NHSDataModelandDictionaryTreatmentFunction</a>#300)</span></p><p><b>subject</b>: <a href=\"https://simplifier.net/resolve?scope=fhir.r4.ukcore.stu3.currentbuild@0.0.6-pre-release&amp;canonical=https://simplifier.net/guide/ukcoreversionhistory/Patient/Patient-NHS-3333333333-Fredrica-Smith\">Patient/Patient-NHS-3333333333-Fredrica-Smith: Fredrica Smith</a></p><h3>Participants</h3><table class=\"grid\"><tr><td style=\"display: none\">-</td><td><b>Type</b></td><td><b>Individual</b></td></tr><tr><td style=\"display: none\">*</td><td>attender <span style=\"background: LightGoldenRodYellow; margin: 4px; border: 1px solid khaki\"> (<a href=\"http://terminology.hl7.org/5.3.0/CodeSystem-v3-ParticipationType.html\">ParticipationType</a>#ATND)</span>, consultant <span style=\"background: LightGoldenRodYellow; margin: 4px; border: 1px solid khaki\"> (<a href=\"http://terminology.hl7.org/5.3.0/CodeSystem-v3-ParticipationType.html\">ParticipationType</a>#CON)</span></td><td><span>: Dr Samuel Darwin</span></td></tr></table><p><b>period</b>: 2010-10-20 17:16:00+0000 --&gt; 2010-10-21 17:06:00+0000</p><h3>Hospitalizations</h3><table class=\"grid\"><tr><td style=\"display: none\">-</td><td><b>Destination</b></td><td><b>DischargeDisposition</b></td></tr><tr><td style=\"display: none\">*</td><td><span>: Usual place of residence</span></td><td>This is NHS England v2 table 112 which includes codes from https://fhir.hl7.org.uk/CodeSystem/NHSDataModelAndDictionary-DischargeMethod and https://fhir.hl7.org.uk/CodeSystem/UKCore-OutcomeOfAttendanceEngland <span style=\"background: LightGoldenRodYellow; margin: 4px; border: 1px solid khaki\"> (<a href=\"https://simplifier.net/resolve?scope=fhir.r4.ukcore.stu3.currentbuild@0.0.6-pre-release&amp;canonical=https://fhir.hl7.org.uk/CodeSystem/UKCore-OutcomeOfAttendanceEngland\">UK Core Outcome Of Attendance England</a>#3)</span></td></tr></table><h3>Locations</h3><table class=\"grid\"><tr><td style=\"display: none\">-</td><td><b>Location</b></td></tr><tr><td style=\"display: none\">*</td><td><span><code>https://fhir.nhs.uk/Id/ods-site-code</code>/RCB55</span></td></tr></table><p><b>serviceProvider</b>: <span><code>https://fhir.nhs.uk/Id/ods-organization-code</code>/RCB</span></p></div>"
  },
  "identifier" : [{
    "system" : "https://fhir.leedsth.nhs.uk/YrVisit",
    "value" : "YOR123456"
  }],
  "status" : "finished",
  "class" : {
    "system" : "http://terminology.hl7.org/CodeSystem/v3-ActCode",
    "code" : "IMP",
    "display" : "inpatient encounter"
  },
  "serviceType" : {
    "coding" : [{
      "system" : "https://fhir.nhs.uk/CodeSystem/NHSDataModelAndDictionary-treatment-function",
      "code" : "300"
    }]
  },
  "subject" : {
    "reference" : "Patient/Patient-NHS-3333333333-Fredrica-Smith",
    "identifier" : {
      "system" : "https://fhir.nhs.uk/Id/nhs-number",
      "value" : "3333333333"
    },
    "display" : "Fredrica Smith"
  },
  "participant" : [{
    "type" : [{
      "coding" : [{
        "system" : "http://terminology.hl7.org/CodeSystem/v3-ParticipationType",
        "code" : "ATND",
        "display" : "attender"
      }]
    },
    {
      "coding" : [{
        "system" : "http://terminology.hl7.org/CodeSystem/v3-ParticipationType",
        "code" : "CON",
        "display" : "consultant"
      }]
    }],
    "individual" : {
      "display" : "Dr Samuel Darwin"
    }
  }],
  "period" : {
    "start" : "2010-10-20T17:16:00+00:00",
    "end" : "2010-10-21T17:06:00+00:00"
  },
  "hospitalization" : {
    "destination" : {
      "identifier" : {
        "type" : {
          "coding" : [{
            "system" : "https://fhir.hl7.org.uk/CodeSystem/UKCore-DischargeDestinationEngland",
            "code" : "19"
          }],
          "text" : "This may be better as an extension"
        }
      },
      "display" : "Usual place of residence"
    },
    "dischargeDisposition" : {
      "coding" : [{
        "system" : "https://fhir.hl7.org.uk/CodeSystem/UKCore-OutcomeOfAttendanceEngland",
        "code" : "3"
      }],
      "text" : "This is NHS England v2 table 112 which includes codes from https://fhir.hl7.org.uk/CodeSystem/NHSDataModelAndDictionary-DischargeMethod and https://fhir.hl7.org.uk/CodeSystem/UKCore-OutcomeOfAttendanceEngland"
    }
  },
  "location" : [{
    "location" : {
      "identifier" : {
        "system" : "https://fhir.nhs.uk/Id/ods-site-code",
        "value" : "RCB55"
      }
    }
  }],
  "serviceProvider" : {
    "identifier" : {
      "system" : "https://fhir.nhs.uk/Id/ods-organization-code",
      "value" : "RCB"
    }
  }
}