{
  "resourceType" : "Patient",
  "id" : "Patient-HL7v2-NHS-3333333333-Fredrica-Smith",
  "meta" : {
    "profile" : ["https://fhir.nhs.uk/England/StructureDefinition/PatientHL7v2"]
  },
  "text" : {
    "status" : "generated",
    "div" : "<div xmlns=\"http://www.w3.org/1999/xhtml\"><p style=\"border: 1px #661aff solid; background-color: #e6e6ff; padding: 10px;\"><b>Fredrica J Smith </b> female, DoB: 1965-12-13 ( <code>https://fhir.nhs.uk/Id/nhs-number</code>/9459304130)</p><hr/><table class=\"grid\"><tr><td style=\"background-color: #f3f5da\" title=\"Known Marital status of Patient\">Marital Status:</td><td colspan=\"3\"><span title=\"Codes: {http://terminology.hl7.org/CodeSystem/v3-MaritalStatus M}\">Married</span></td></tr><tr><td style=\"background-color: #f3f5da\" title=\"Ways to contact the Patient\">Contact Detail:</td><td colspan=\"3\">29 WEST AVENUE BURYTHORPE MALTON YO32 5TT (HOME)</td></tr><tr><td style=\"background-color: #f3f5da\" title=\"Patient Links\">Links:</td><td colspan=\"3\"><ul><li>General Practitioner: <span>: Dr Gregory Townley</span></li><li>General Practitioner: <span>: MALTON GP PRACTICE</span></li></ul></td></tr><tr><td style=\"background-color: #f3f5da\" title=\"The nationality of the patient.\">nationality:</td><td colspan=\"3\"><ul><li>code: <span title=\"Codes: {urn:iso:std:iso:3166 DE}\">Germany</span></li></ul></td></tr><tr><td style=\"background-color: #f3f5da\" title=\"The registered place of birth of the patient. A sytem may use the address.text if they don't store the birthPlace address in discrete elements.\"><a href=\"http://hl7.org/fhir/R4/extension-patient-birthplace.html\">Birth Place:</a></td><td colspan=\"3\"><ul><li>Berlin </li></ul></td></tr><tr><td style=\"background-color: #f3f5da\" title=\"The patient's professed religious affiliations.\"><a href=\"http://hl7.org/fhir/R4/extension-patient-religion.html\">religion:</a></td><td colspan=\"3\"><ul><li><span title=\"Codes: {https://fhir.nhs.uk/CodeSystem/NHSDataModelAndDictionary-religious-affiliation C22}\">C22</span></li></ul></td></tr></table></div>"
  },
  "extension" : [{
    "url" : "http://hl7.org/fhir/StructureDefinition/patient-birthPlace",
    "valueAddress" : {
      "city" : "Berlin"
    }
  },
  {
    "extension" : [{
      "url" : "code",
      "valueCodeableConcept" : {
        "coding" : [{
          "system" : "urn:iso:std:iso:3166",
          "code" : "DE"
        }]
      }
    }],
    "url" : "http://hl7.org/fhir/StructureDefinition/patient-nationality"
  },
  {
    "url" : "http://hl7.org/fhir/StructureDefinition/patient-religion",
    "valueCodeableConcept" : {
      "coding" : [{
        "system" : "https://fhir.nhs.uk/CodeSystem/NHSDataModelAndDictionary-religious-affiliation",
        "code" : "C22"
      }]
    }
  }],
  "identifier" : [{
    "system" : "https://fhir.nhs.uk/Id/nhs-number",
    "value" : "9459304130"
  }],
  "name" : [{
    "use" : "usual",
    "family" : "Smith",
    "given" : ["Fredrica",
    "J"],
    "prefix" : ["Mrs"]
  }],
  "gender" : "female",
  "birthDate" : "1965-12-13",
  "_birthDate" : {
    "extension" : [{
      "url" : "http://hl7.org/fhir/StructureDefinition/patient-birthTime",
      "valueDateTime" : "1965-12-13T12:15:00+00:00"
    }]
  },
  "address" : [{
    "use" : "home",
    "line" : ["29 WEST AVENUE",
    "BURYTHORPE"],
    "city" : "MALTON",
    "district" : "NORTH YORKSHIRE",
    "postalCode" : "YO32 5TT"
  }],
  "maritalStatus" : {
    "coding" : [{
      "system" : "http://terminology.hl7.org/CodeSystem/v3-MaritalStatus",
      "code" : "M"
    }]
  },
  "generalPractitioner" : [{
    "identifier" : {
      "system" : "https://fhir.hl7.org.uk/Id/gmc-number",
      "value" : "G5612908"
    },
    "display" : "Dr Gregory Townley"
  },
  {
    "identifier" : {
      "system" : "https://fhir.nhs.uk/Id/ods-organization-code",
      "value" : "Y06601"
    },
    "display" : "MALTON GP PRACTICE"
  }]
}